time,datetime_local,output_cgm,input_insulin,input_meal_carbs,heart_rate,steps,sleep_efficiency,feat_hour_of_day_sin,feat_hour_of_day_cos,feat_is_weekend,heart_rate_WRTbaseline,is_train,IOB_U,COB_g
2024-01-01 00:00:00,2024-01-01 00:00:00,134.85033276931267,3.0,30.0,68.66695476422402,100,0,0.0,1.0,0,0,1,2.7,24.0
2024-01-01 00:05:00,2024-01-01 00:05:00,126.39296303619481,0.0,0.0,85.01846873611399,0,0,0.0,1.0,0,0,1,2.7,24.0
2024-01-01 00:10:00,2024-01-01 00:10:00,124.8493744593793,0.0,0.0,78.48479923707235,0,0,0.0,1.0,0,0,1,2.7,24.0
2024-01-01 00:15:00,2024-01-01 00:15:00,135.05021194330484,0.0,0.0,80.938687589144,0,0,0.0,1.0,0,0,1,2.7,24.0
2024-01-01 00:20:00,2024-01-01 00:20:00,135.36447445360756,0.0,0.0,77.52292792856738,0,0,0.0,1.0,0,0,1,2.7,24.0
2024-01-01 00:25:00,2024-01-01 00:25:00,133.62954715394733,0.0,0.0,69.9919184190479,0,0,0.0,1.0,0,0,1,2.7,24.0
2024-01-01 00:30:00,2024-01-01 00:30:00,135.8813218956179,0.0,0.0,88.64689794400708,0,0,0.0,1.0,0,0,1,2.7,24.0
2024-01-01 00:35:00,2024-01-01 00:35:00,127.63099521091657,0.0,0.0,80.75528116945102,0,0,0.0,1.0,0,0,1,2.7,24.0
2024-01-01 00:40:00,2024-01-01 00:40:00,139.73863645540726,0.0,0.0,76.80253461423428,0,0,0.0,1.0,0,0,1,2.7,24.0
2024-01-01 00:45:00,2024-01-01 00:45:00,136.1715482038472,0.0,0.0,84.7627353790931,0,0,0.0,1.0,0,0,1,2.7,24.0
2024-01-01 00:50:00,2024-01-01 00:50:00,143.70712825185632,0.0,0.0,78.51093481980797,0,0,0.0,1.0,0,0,1,2.7,24.0
2024-01-01 00:55:00,2024-01-01 00:55:00,141.96884582833087,0.0,0.0,79.09610892183147,0,0,0.0,1.0,0,0,1,2.7,24.0
2024-01-01 01:00:00,2024-01-01 01:00:00,147.54639373837867,0.0,0.0,84.61937304996702,0,0,0.25881904510252074,0.9659258262890683,0,0,1,2.7,24.0
2024-01-01 01:05:00,2024-01-01 01:05:00,158.75827967075827,0.0,0.0,82.67113837435262,0,0,0.25881904510252074,0.9659258262890683,0,0,1,2.7,24.0
2024-01-01 01:10:00,2024-01-01 01:10:00,151.22206031440058,0.0,0.0,82.21066047731487,100,0,0.25881904510252074,0.9659258262890683,0,0,1,2.7,24.0
2024-01-01 01:15:00,2024-01-01 01:15:00,161.03191452255248,0.0,0.0,89.26850441359295,0,0,0.25881904510252074,0.9659258262890683,0,0,1,2.7,24.0
2024-01-01 01:20:00,2024-01-01 01:20:00,163.472856371008,0.0,0.0,89.8887324178277,0,0,0.25881904510252074,0.9659258262890683,0,0,1,2.7,24.0
2024-01-01 01:25:00,2024-01-01 01:25:00,152.21823056814986,0.0,0.0,82.42505303937217,0,0,0.25881904510252074,0.9659258262890683,0,0,1,2.7,24.0
2024-01-01 01:30:00,2024-01-01 01:30:00,154.44827570048776,0.0,0.0,78.48880410786091,0,0,0.25881904510252074,0.9659258262890683,0,0,1,2.7,24.0
2024-01-01 01:35:00,2024-01-01 01:35:00,157.57564900698208,0.0,0.0,82.18785878718174,0,0,0.25881904510252074,0.9659258262890683,0,0,1,2.7,24.0
2024-01-01 01:40:00,2024-01-01 01:40:00,150.9300329586035,0.0,0.0,78.74671912002123,0,0,0.25881904510252074,0.9659258262890683,0,0,1,2.7,24.0
2024-01-01 01:45:00,2024-01-01 01:45:00,156.47698074804538,0.0,0.0,75.06803181984392,0,0,0.25881904510252074,0.9659258262890683,0,0,1,2.7,24.0
2024-01-01 01:50:00,2024-01-01 01:50:00,152.16601046001108,0.0,0.0,83.46740459680292,0,0,0.25881904510252074,0.9659258262890683,0,0,1,2.7,24.0
2024-01-01 01:55:00,2024-01-01 01:55:00,146.45156865047505,0.0,0.0,81.56196477235129,0,0,0.25881904510252074,0.9659258262890683,0,0,1,2.7,24.0
2024-01-01 02:00:00,2024-01-01 02:00:00,142.64352968147244,0.0,0.0,74.9115305645722,0,0,0.49999999999999994,0.8660254037844387,0,0,1,2.7,24.0
2024-01-01 02:05:00,2024-01-01 02:05:00,149.85818591268747,0.0,0.0,78.84077248150831,0,0,0.49999999999999994,0.8660254037844387,0,0,1,2.7,24.0
2024-01-01 02:10:00,2024-01-01 02:10:00,142.5316550821294,0.0,0.0,80.04739533995969,0,0,0.49999999999999994,0.8660254037844387,0,0,1,2.7,24.0
2024-01-01 02:15:00,2024-01-01 02:15:00,140.01672362254473,0.0,0.0,79.58116682586491,0,0,0.49999999999999994,0.8660254037844387,0,0,1,2.7,24.0
2024-01-01 02:20:00,2024-01-01 02:20:00,145.81589058770413,0.0,0.0,76.54810003831929,0,0,0.49999999999999994,0.8660254037844387,0,0,1,2.7,24.0
2024-01-01 02:25:00,2024-01-01 02:25:00,145.31515905602626,0.0,0.0,87.12999819919838,0,0,0.49999999999999994,0.8660254037844387,0,0,1,2.7,24.0
2024-01-01 02:30:00,2024-01-01 02:30:00,139.8552520376517,0.0,0.0,73.20771812876195,0,0,0.49999999999999994,0.8660254037844387,0,0,1,2.7,24.0
2024-01-01 02:35:00,2024-01-01 02:35:00,143.6943342321923,0.0,0.0,74.86469615201689,0,0,0.49999999999999994,0.8660254037844387,0,0,1,2.7,24.0
2024-01-01 02:40:00,2024-01-01 02:40:00,137.87155716208878,0.0,0.0,81.4978110120275,0,0,0.49999999999999994,0.8660254037844387,0,0,1,2.7,24.0
2024-01-01 02:45:00,2024-01-01 02:45:00,134.92533622421197,0.0,0.0,75.17507505821152,100,0,0.49999999999999994,0.8660254037844387,0,0,1,2.7,24.0
2024-01-01 02:50:00,2024-01-01 02:50:00,139.87186311221646,0.0,0.0,80.18468861001524,0,0,0.49999999999999994,0.8660254037844387,0,0,1,2.7,24.0
2024-01-01 02:55:00,2024-01-01 02:55:00,136.82123998401744,0.0,0.0,79.69837241991034,0,0,0.49999999999999994,0.8660254037844387,0,0,1,2.7,24.0
2024-01-01 03:00:00,2024-01-01 03:00:00,137.4589771502501,0.0,0.0,85.86398296276796,0,0,0.7071067811865475,0.7071067811865476,0,0,1,2.7,0.0
2024-01-01 03:05:00,2024-01-01 03:05:00,137.06686954907363,0.0,0.0,76.96545008509035,0,0,0.7071067811865475,0.7071067811865476,0,0,1,2.7,0.0
2024-01-01 03:10:00,2024-01-01 03:10:00,140.06381855772779,0.0,0.0,84.85609717316008,0,0,0.7071067811865475,0.7071067811865476,0,0,1,2.7,0.0
2024-01-01 03:15:00,2024-01-01 03:15:00,150.80108550081363,0.0,0.0,67.86586531362622,0,0,0.7071067811865475,0.7071067811865476,0,0,1,2.7,0.0
2024-01-01 03:20:00,2024-01-01 03:20:00,145.00926750239987,0.0,0.0,76.35175232237265,0,0,0.7071067811865475,0.7071067811865476,0,0,1,2.7,0.0
2024-01-01 03:25:00,2024-01-01 03:25:00,135.32523550846992,0.0,0.0,82.89724253716182,0,0,0.7071067811865475,0.7071067811865476,0,0,1,2.7,0.0
2024-01-01 03:30:00,2024-01-01 03:30:00,142.67141341855722,0.0,0.0,83.91193866994797,100,0,0.7071067811865475,0.7071067811865476,0,0,1,2.7,0.0
2024-01-01 03:35:00,2024-01-01 03:35:00,152.11692691818703,0.0,0.0,80.13093782945197,100,0,0.7071067811865475,0.7071067811865476,0,0,1,2.7,0.0
2024-01-01 03:40:00,2024-01-01 03:40:00,142.9917825097079,0.0,0.0,85.63607153185708,0,0,0.7071067811865475,0.7071067811865476,0,0,1,2.7,0.0
2024-01-01 03:45:00,2024-01-01 03:45:00,147.18165631868794,0.0,0.0,75.67825410136204,0,0,0.7071067811865475,0.7071067811865476,0,0,1,2.7,0.0
2024-01-01 03:50:00,2024-01-01 03:50:00,144.1224882213439,0.0,0.0,85.53008268778095,0,0,0.7071067811865475,0.7071067811865476,0,0,1,2.7,0.0
2024-01-01 03:55:00,2024-01-01 03:55:00,139.6268069855087,0.0,0.0,80.83164149832118,100,0,0.7071067811865475,0.7071067811865476,0,0,1,2.7,0.0
2024-01-01 04:00:00,2024-01-01 04:00:00,152.5991557966174,0.0,0.0,75.2854196559992,0,0,0.8660254037844386,0.5000000000000001,0,0,1,2.7,0.0
2024-01-01 04:05:00,2024-01-01 04:05:00,139.742256259512,0.0,0.0,82.70989028969106,0,0,0.8660254037844386,0.5000000000000001,0,0,1,2.7,0.0
2024-01-01 04:10:00,2024-01-01 04:10:00,146.2744444252071,0.0,0.0,87.02279691826901,0,0,0.8660254037844386,0.5000000000000001,0,0,1,2.7,0.0
2024-01-01 04:15:00,2024-01-01 04:15:00,138.1949396967806,0.0,0.0,84.40231667071643,0,0,0.8660254037844386,0.5000000000000001,0,0,1,2.7,0.0
2024-01-01 04:20:00,2024-01-01 04:20:00,144.8509487832726,0.0,0.0,91.0541000733413,0,0,0.8660254037844386,0.5000000000000001,0,0,1,2.7,0.0
2024-01-01 04:25:00,2024-01-01 04:25:00,143.82943291159197,0.0,0.0,74.2234637653111,0,0,0.8660254037844386,0.5000000000000001,0,0,1,2.7,0.0
2024-01-01 04:30:00,2024-01-01 04:30:00,132.78860997317133,0.0,0.0,79.78161122791013,100,0,0.8660254037844386,0.5000000000000001,0,0,1,2.7,0.0
2024-01-01 04:35:00,2024-01-01 04:35:00,132.10184496380367,0.0,0.0,76.5338508455946,100,0,0.8660254037844386,0.5000000000000001,0,0,1,2.7,0.0
2024-01-01 04:40:00,2024-01-01 04:40:00,142.91019399848582,0.0,0.0,73.438097857473,0,0,0.8660254037844386,0.5000000000000001,0,0,1,2.7,0.0
2024-01-01 04:45:00,2024-01-01 04:45:00,144.4761602412762,0.0,0.0,86.49670960983207,100,0,0.8660254037844386,0.5000000000000001,0,0,1,2.7,0.0
2024-01-01 04:50:00,2024-01-01 04:50:00,141.1839337448032,0.0,0.0,75.72121243035508,0,0,0.8660254037844386,0.5000000000000001,0,0,1,2.7,0.0
2024-01-01 04:55:00,2024-01-01 04:55:00,144.28134537348032,0.0,0.0,81.44730028395878,100,0,0.8660254037844386,0.5000000000000001,0,0,1,2.7,0.0
2024-01-01 05:00:00,2024-01-01 05:00:00,146.76754697468925,7.0,70.0,71.2358563149827,0,0,0.9659258262890683,0.25881904510252074,0,0,1,6.3,56.0
2024-01-01 05:05:00,2024-01-01 05:05:00,146.18466876607988,0.0,0.0,81.60514526941535,0,0,0.9659258262890683,0.25881904510252074,0,0,1,6.3,56.0
2024-01-01 05:10:00,2024-01-01 05:10:00,142.1363403591353,0.0,0.0,82.63692153327433,0,0,0.9659258262890683,0.25881904510252074,0,0,1,6.3,56.0
2024-01-01 05:15:00,2024-01-01 05:15:00,146.17352832741935,0.0,0.0,86.45082440081357,0,0,0.9659258262890683,0.25881904510252074,0,0,1,6.3,56.0
2024-01-01 05:20:00,2024-01-01 05:20:00,155.73030811724564,0.0,0.0,81.45980785871126,0,0,0.9659258262890683,0.25881904510252074,0,0,1,6.3,56.0
2024-01-01 05:25:00,2024-01-01 05:25:00,160.60106174166918,0.0,0.0,83.27773441201593,0,0,0.9659258262890683,0.25881904510252074,0,0,1,6.3,56.0
2024-01-01 05:30:00,2024-01-01 05:30:00,159.12792061615127,0.0,0.0,73.28049544357863,0,0,0.9659258262890683,0.25881904510252074,0,0,1,6.3,56.0
2024-01-01 05:35:00,2024-01-01 05:35:00,154.1031453566936,0.0,0.0,74.5324312272534,0,0,0.9659258262890683,0.25881904510252074,0,0,1,6.3,56.0
2024-01-01 05:40:00,2024-01-01 05:40:00,159.59733799897094,0.0,0.0,77.71078278880054,0,0,0.9659258262890683,0.25881904510252074,0,0,1,6.3,56.0
2024-01-01 05:45:00,2024-01-01 05:45:00,167.88815046681862,0.0,0.0,83.01310169272152,0,0,0.9659258262890683,0.25881904510252074,0,0,1,6.3,56.0
2024-01-01 05:50:00,2024-01-01 05:50:00,166.55997266360038,0.0,0.0,83.1811195475797,0,0,0.9659258262890683,0.25881904510252074,0,0,1,6.3,56.0
2024-01-01 05:55:00,2024-01-01 05:55:00,172.05422477838505,0.0,0.0,84.61581925490758,0,0,0.9659258262890683,0.25881904510252074,0,0,1,6.3,56.0
2024-01-01 06:00:00,2024-01-01 06:00:00,188.3136063646266,0.0,0.0,86.06907998261856,0,0,1.0,6.123233995736766e-17,0,0,1,6.3,56.0
2024-01-01 06:05:00,2024-01-01 06:05:00,188.20178702079656,0.0,0.0,75.98600403029951,0,0,1.0,6.123233995736766e-17,0,0,1,6.3,56.0
2024-01-01 06:10:00,2024-01-01 06:10:00,194.93437738411788,0.0,0.0,93.35655998735955,0,0,1.0,6.123233995736766e-17,0,0,1,6.3,56.0
2024-01-01 06:15:00,2024-01-01 06:15:00,193.95225028946817,0.0,0.0,72.84438896026353,0,0,1.0,6.123233995736766e-17,0,0,1,6.3,56.0
2024-01-01 06:20:00,2024-01-01 06:20:00,190.78486884247658,0.0,0.0,77.36966363612252,0,0,1.0,6.123233995736766e-17,0,0,1,6.3,56.0
2024-01-01 06:25:00,2024-01-01 06:25:00,201.444207011816,0.0,0.0,77.91331403605498,0,0,1.0,6.123233995736766e-17,0,0,1,6.3,56.0
2024-01-01 06:30:00,2024-01-01 06:30:00,197.17469723112737,0.0,0.0,87.47887362698484,0,0,1.0,6.123233995736766e-17,0,0,1,6.3,56.0
2024-01-01 06:35:00,2024-01-01 06:35:00,194.42154535096233,0.0,0.0,79.24285712203375,0,0,1.0,6.123233995736766e-17,0,0,1,6.3,56.0
2024-01-01 06:40:00,2024-01-01 06:40:00,194.65657505833457,0.0,0.0,84.6479361691627,0,0,1.0,6.123233995736766e-17,0,0,1,6.3,56.0
2024-01-01 06:45:00,2024-01-01 06:45:00,183.84940978093388,0.0,0.0,73.68143444253292,0,0,1.0,6.123233995736766e-17,0,0,1,6.3,56.0
2024-01-01 06:50:00,2024-01-01 06:50:00,194.4216855942933,0.0,0.0,82.48351628869398,100,0,1.0,6.123233995736766e-17,0,0,1,6.3,56.0
2024-01-01 06:55:00,2024-01-01 06:55:00,185.9145425275241,0.0,0.0,86.30770729587731,0,0,1.0,6.123233995736766e-17,0,0,1,6.3,56.0
2024-01-01 07:00:00,2024-01-01 07:00:00,179.17434234782755,0.0,0.0,79.43675365976789,0,0,0.9659258262890683,-0.25881904510252063,0,0,1,6.3,56.0
2024-01-01 07:05:00,2024-01-01 07:05:00,166.22520115340788,0.0,0.0,78.85690966081158,0,0,0.9659258262890683,-0.25881904510252063,0,0,1,6.3,56.0
2024-01-01 07:10:00,2024-01-01 07:10:00,167.89076172521655,0.0,0.0,88.95972290595985,0,0,0.9659258262890683,-0.25881904510252063,0,0,1,6.3,56.0
2024-01-01 07:15:00,2024-01-01 07:15:00,153.56497390864337,0.0,0.0,91.14736743548107,0,0,0.9659258262890683,-0.25881904510252063,0,0,1,6.3,56.0
2024-01-01 07:20:00,2024-01-01 07:20:00,157.61833134330365,0.0,0.0,76.84522016109902,0,0,0.9659258262890683,-0.25881904510252063,0,0,1,6.3,56.0
2024-01-01 07:25:00,2024-01-01 07:25:00,153.12840505653918,0.0,0.0,77.27199224258267,0,0,0.9659258262890683,-0.25881904510252063,0,0,1,6.3,56.0
2024-01-01 07:30:00,2024-01-01 07:30:00,153.89241442474508,0.0,0.0,82.30234225282308,0,0,0.9659258262890683,-0.25881904510252063,0,0,1,6.3,56.0
2024-01-01 07:35:00,2024-01-01 07:35:00,155.51764073411616,0.0,0.0,77.02810741559492,0,0,0.9659258262890683,-0.25881904510252063,0,0,1,6.3,56.0
2024-01-01 07:40:00,2024-01-01 07:40:00,148.96033162366328,0.0,0.0,79.64694655496389,0,0,0.9659258262890683,-0.25881904510252063,0,0,1,6.3,56.0
2024-01-01 07:45:00,2024-01-01 07:45:00,146.47233141433622,0.0,0.0,76.42884461349949,0,0,0.9659258262890683,-0.25881904510252063,0,0,1,6.3,56.0
2024-01-01 07:50:00,2024-01-01 07:50:00,146.67830038246467,0.0,0.0,75.67629640622027,0,0,0.9659258262890683,-0.25881904510252063,0,0,1,6.3,56.0
2024-01-01 07:55:00,2024-01-01 07:55:00,146.01304854461864,0.0,0.0,71.28433411541305,0,0,0.9659258262890683,-0.25881904510252063,0,0,1,6.3,56.0
2024-01-01 08:00:00,2024-01-01 08:00:00,142.9031959557839,0.0,0.0,78.56734123134271,0,0,0.8660254037844387,-0.49999999999999983,0,0,1,6.3,0.0
2024-01-01 08:05:00,2024-01-01 08:05:00,142.76655504270752,0.0,0.0,75.00472662259129,0,0,0.8660254037844387,-0.49999999999999983,0,0,1,6.3,0.0
2024-01-01 08:10:00,2024-01-01 08:10:00,140.90116533451058,0.0,0.0,86.49025307705635,0,0,0.8660254037844387,-0.49999999999999983,0,0,1,6.3,0.0
2024-01-01 08:15:00,2024-01-01 08:15:00,151.62987027934452,0.0,0.0,76.87657218635582,0,0,0.8660254037844387,-0.49999999999999983,0,0,1,6.3,0.0
2024-01-01 08:20:00,2024-01-01 08:20:00,137.1325844469972,0.0,0.0,73.33987924459372,0,0,0.8660254037844387,-0.49999999999999983,0,0,1,6.3,0.0
2024-01-01 08:25:00,2024-01-01 08:25:00,136.2958906597335,0.0,0.0,81.14659878671117,0,0,0.8660254037844387,-0.49999999999999983,0,0,1,6.3,0.0
2024-01-01 08:30:00,2024-01-01 08:30:00,138.860086978029,0.0,0.0,82.11200038874658,0,0,0.8660254037844387,-0.49999999999999983,0,0,1,6.3,0.0
2024-01-01 08:35:00,2024-01-01 08:35:00,130.49007327736456,0.0,0.0,74.93088827377885,0,0,0.8660254037844387,-0.49999999999999983,0,0,1,6.3,0.0
2024-01-01 08:40:00,2024-01-01 08:40:00,145.46316335151897,0.0,0.0,78.1590877124479,0,0,0.8660254037844387,-0.49999999999999983,0,0,1,6.3,0.0
2024-01-01 08:45:00,2024-01-01 08:45:00,141.35374854466858,0.0,0.0,76.09174523906071,0,0,0.8660254037844387,-0.49999999999999983,0,0,1,6.3,0.0
2024-01-01 08:50:00,2024-01-01 08:50:00,137.83410826762403,0.0,0.0,83.37615955520359,0,0,0.8660254037844387,-0.49999999999999983,0,0,1,6.3,0.0
2024-01-01 08:55:00,2024-01-01 08:55:00,145.72465319025022,0.0,0.0,79.23184721677144,0,0,0.8660254037844387,-0.49999999999999983,0,0,1,6.3,0.0
2024-01-01 09:00:00,2024-01-01 09:00:00,138.83743435068283,0.0,0.0,82.83652129148665,0,0,0.7071067811865476,-0.7071067811865475,0,0,1,6.3,0.0
2024-01-01 09:05:00,2024-01-01 09:05:00,145.3882944939094,0.0,0.0,73.8105166782681,0,0,0.7071067811865476,-0.7071067811865475,0,0,1,6.3,0.0
2024-01-01 09:10:00,2024-01-01 09:10:00,140.5484863403806,0.0,0.0,76.31025293304349,0,0,0.7071067811865476,-0.7071067811865475,0,0,1,6.3,0.0
2024-01-01 09:15:00,2024-01-01 09:15:00,135.6127574775605,0.0,0.0,81.27385552196756,100,0,0.7071067811865476,-0.7071067811865475,0,0,1,6.3,0.0
2024-01-01 09:20:00,2024-01-01 09:20:00,139.5113302396012,0.0,0.0,81.18695415936784,0,0,0.7071067811865476,-0.7071067811865475,0,0,1,6.3,0.0
2024-01-01 09:25:00,2024-01-01 09:25:00,145.00907687283444,0.0,0.0,78.0605083324692,0,0,0.7071067811865476,-0.7071067811865475,0,0,1,6.3,0.0
2024-01-01 09:30:00,2024-01-01 09:30:00,139.92544954524735,0.0,0.0,82.99819409090902,0,0,0.7071067811865476,-0.7071067811865475,0,0,1,6.3,0.0
2024-01-01 09:35:00,2024-01-01 09:35:00,142.06827836114226,0.0,0.0,83.03742777491323,0,0,0.7071067811865476,-0.7071067811865475,0,0,1,6.3,0.0
2024-01-01 09:40:00,2024-01-01 09:40:00,141.4688411770026,0.0,0.0,78.10951042651811,0,0,0.7071067811865476,-0.7071067811865475,0,0,1,6.3,0.0
2024-01-01 09:45:00,2024-01-01 09:45:00,147.48607753177697,0.0,0.0,74.35710735545905,0,0,0.7071067811865476,-0.7071067811865475,0,0,1,6.3,0.0
2024-01-01 09:50:00,2024-01-01 09:50:00,140.55024501756677,0.0,0.0,78.17348937725505,100,0,0.7071067811865476,-0.7071067811865475,0,0,1,6.3,0.0
2024-01-01 09:55:00,2024-01-01 09:55:00,137.12405711376752,0.0,0.0,77.65526997902359,0,0,0.7071067811865476,-0.7071067811865475,0,0,1,6.3,0.0
2024-01-01 10:00:00,2024-01-01 10:00:00,138.2189146479226,7.0,70.0,79.56806901777176,0,0,0.49999999999999994,-0.8660254037844387,0,0,1,6.3,56.0
2024-01-01 10:05:00,2024-01-01 10:05:00,142.71048092267986,0.0,0.0,80.79638264755019,0,0,0.49999999999999994,-0.8660254037844387,0,0,1,6.3,56.0
2024-01-01 10:10:00,2024-01-01 10:10:00,138.92197249533996,0.0,0.0,73.54972476590102,0,0,0.49999999999999994,-0.8660254037844387,0,0,1,6.3,56.0
2024-01-01 10:15:00,2024-01-01 10:15:00,147.7916259558206,0.0,0.0,81.00596518941607,0,0,0.49999999999999994,-0.8660254037844387,0,0,1,6.3,56.0
2024-01-01 10:20:00,2024-01-01 10:20:00,142.85466642624635,0.0,0.0,80.11167172916424,0,0,0.49999999999999994,-0.8660254037844387,0,0,1,6.3,56.0
2024-01-01 10:25:00,2024-01-01 10:25:00,149.97889593980486,0.0,0.0,82.47125659639522,0,0,0.49999999999999994,-0.8660254037844387,0,0,1,6.3,56.0
2024-01-01 10:30:00,2024-01-01 10:30:00,147.5364563960124,0.0,0.0,75.89237686938476,0,0,0.49999999999999994,-0.8660254037844387,0,0,1,6.3,56.0
2024-01-01 10:35:00,2024-01-01 10:35:00,149.12755993543627,0.0,0.0,71.87142238446727,0,0,0.49999999999999994,-0.8660254037844387,0,0,1,6.3,56.0
2024-01-01 10:40:00,2024-01-01 10:40:00,154.8215175108645,0.0,0.0,78.76568419627517,0,0,0.49999999999999994,-0.8660254037844387,0,0,1,6.3,56.0
2024-01-01 10:45:00,2024-01-01 10:45:00,165.1890750315017,0.0,0.0,88.65584165608982,0,0,0.49999999999999994,-0.8660254037844387,0,0,1,6.3,56.0
2024-01-01 10:50:00,2024-01-01 10:50:00,167.31244245619834,0.0,0.0,87.46806390160553,0,0,0.49999999999999994,-0.8660254037844387,0,0,1,6.3,56.0
2024-01-01 10:55:00,2024-01-01 10:55:00,163.296327907933,0.0,0.0,83.5653106548584,0,0,0.49999999999999994,-0.8660254037844387,0,0,1,6.3,56.0
2024-01-01 11:00:00,2024-01-01 11:00:00,174.63483645214092,0.0,0.0,72.36421092917607,0,0,0.258819045102521,-0.9659258262890682,0,0,1,6.3,56.0
2024-01-01 11:05:00,2024-01-01 11:05:00,168.77640057644948,0.0,0.0,81.61070541388924,0,0,0.258819045102521,-0.9659258262890682,0,0,1,6.3,56.0
2024-01-01 11:10:00,2024-01-01 11:10:00,179.64593257025734,0.0,0.0,85.1934819997366,0,0,0.258819045102521,-0.9659258262890682,0,0,1,6.3,56.0
2024-01-01 11:15:00,2024-01-01 11:15:00,182.5553768750784,0.0,0.0,76.75071904189168,0,0,0.258819045102521,-0.9659258262890682,0,0,1,6.3,56.0
2024-01-01 11:20:00,2024-01-01 11:20:00,183.22276317606386,0.0,0.0,72.62296990289028,0,0,0.258819045102521,-0.9659258262890682,0,0,1,6.3,56.0
2024-01-01 11:25:00,2024-01-01 11:25:00,189.06918491960224,0.0,0.0,79.54539279875968,0,0,0.258819045102521,-0.9659258262890682,0,0,1,6.3,56.0
2024-01-01 11:30:00,2024-01-01 11:30:00,193.14787395733018,0.0,0.0,81.39186519448344,0,0,0.258819045102521,-0.9659258262890682,0,0,1,6.3,56.0
2024-01-01 11:35:00,2024-01-01 11:35:00,183.3618290491163,0.0,0.0,86.6248541045364,0,0,0.258819045102521,-0.9659258262890682,0,0,1,6.3,56.0
2024-01-01 11:40:00,2024-01-01 11:40:00,181.34580823540458,0.0,0.0,80.14445042478492,0,0,0.258819045102521,-0.9659258262890682,0,0,1,6.3,56.0
2024-01-01 11:45:00,2024-01-01 11:45:00,178.6022173772897,0.0,0.0,89.55012503395773,100,0,0.258819045102521,-0.9659258262890682,0,0,1,6.3,56.0
2024-01-01 11:50:00,2024-01-01 11:50:00,178.50628060453414,0.0,0.0,74.49342808604673,0,0,0.258819045102521,-0.9659258262890682,0,0,1,6.3,56.0
2024-01-01 11:55:00,2024-01-01 11:55:00,174.93253783041212,0.0,0.0,84.97794151348799,0,0,0.258819045102521,-0.9659258262890682,0,0,1,6.3,56.0
2024-01-01 12:00:00,2024-01-01 12:00:00,165.71884691136896,0.0,0.0,69.95141219743762,0,0,1.2246467991473532e-16,-1.0,0,0,1,6.3,56.0
2024-01-01 12:05:00,2024-01-01 12:05:00,158.7348185769115,0.0,0.0,74.13319049977112,100,0,1.2246467991473532e-16,-1.0,0,0,1,6.3,56.0
2024-01-01 12:10:00,2024-01-01 12:10:00,154.45397317355972,0.0,0.0,78.62053383118962,0,0,1.2246467991473532e-16,-1.0,0,0,1,6.3,56.0
2024-01-01 12:15:00,2024-01-01 12:15:00,150.8038595625926,0.0,0.0,74.66772008780197,0,0,1.2246467991473532e-16,-1.0,0,0,1,6.3,56.0
2024-01-01 12:20:00,2024-01-01 12:20:00,136.91177364216753,0.0,0.0,86.2456520065297,0,0,1.2246467991473532e-16,-1.0,0,0,1,6.3,56.0
2024-01-01 12:25:00,2024-01-01 12:25:00,138.47978061822872,0.0,0.0,88.08991006151602,0,0,1.2246467991473532e-16,-1.0,0,0,1,6.3,56.0
2024-01-01 12:30:00,2024-01-01 12:30:00,141.86384402854046,0.0,0.0,83.87010432701332,100,0,1.2246467991473532e-16,-1.0,0,0,1,6.3,56.0
2024-01-01 12:35:00,2024-01-01 12:35:00,132.02553492085696,0.0,0.0,77.36132474080873,0,0,1.2246467991473532e-16,-1.0,0,0,1,6.3,56.0
2024-01-01 12:40:00,2024-01-01 12:40:00,127.49612912480839,0.0,0.0,78.63032500040933,0,0,1.2246467991473532e-16,-1.0,0,0,1,6.3,56.0
2024-01-01 12:45:00,2024-01-01 12:45:00,140.44509745668483,0.0,0.0,66.19007331935182,0,0,1.2246467991473532e-16,-1.0,0,0,1,6.3,56.0
2024-01-01 12:50:00,2024-01-01 12:50:00,134.24146446041559,0.0,0.0,79.38628045606643,0,0,1.2246467991473532e-16,-1.0,0,0,1,6.3,56.0
2024-01-01 12:55:00,2024-01-01 12:55:00,122.13750447108238,0.0,0.0,86.94492009252845,0,0,1.2246467991473532e-16,-1.0,0,0,1,6.3,56.0
2024-01-01 13:00:00,2024-01-01 13:00:00,123.54318871755974,0.0,0.0,83.78690316088752,0,0,-0.2588190451025208,-0.9659258262890683,0,0,1,6.3,0.0
2024-01-01 13:05:00,2024-01-01 13:05:00,121.61569844096226,0.0,0.0,81.08962368807686,0,0,-0.2588190451025208,-0.9659258262890683,0,0,1,6.3,0.0
2024-01-01 13:10:00,2024-01-01 13:10:00,126.24297342717938,0.0,0.0,75.8643497479639,0,0,-0.2588190451025208,-0.9659258262890683,0,0,1,6.3,0.0
2024-01-01 13:15:00,2024-01-01 13:15:00,128.43575512192282,0.0,0.0,85.23354283743244,0,0,-0.2588190451025208,-0.9659258262890683,0,0,1,6.3,0.0
2024-01-01 13:20:00,2024-01-01 13:20:00,127.15225960848873,0.0,0.0,86.57494862395363,0,0,-0.2588190451025208,-0.9659258262890683,0,0,1,6.3,0.0
2024-01-01 13:25:00,2024-01-01 13:25:00,128.15130076090128,0.0,0.0,71.61035061320118,0,0,-0.2588190451025208,-0.9659258262890683,0,0,1,6.3,0.0
2024-01-01 13:30:00,2024-01-01 13:30:00,125.07971609544802,0.0,0.0,74.22591619204205,0,0,-0.2588190451025208,-0.9659258262890683,0,0,1,6.3,0.0
2024-01-01 13:35:00,2024-01-01 13:35:00,125.32774619163577,0.0,0.0,80.35404039391047,100,0,-0.2588190451025208,-0.9659258262890683,0,0,1,6.3,0.0
2024-01-01 13:40:00,2024-01-01 13:40:00,120.12688853300006,0.0,0.0,77.19354850512148,0,0,-0.2588190451025208,-0.9659258262890683,0,0,1,6.3,0.0
2024-01-01 13:45:00,2024-01-01 13:45:00,115.42878344429192,0.0,0.0,84.42943027914863,0,0,-0.2588190451025208,-0.9659258262890683,0,0,1,6.3,0.0
2024-01-01 13:50:00,2024-01-01 13:50:00,122.90114991007371,0.0,0.0,79.68723955026844,0,0,-0.2588190451025208,-0.9659258262890683,0,0,1,6.3,0.0
2024-01-01 13:55:00,2024-01-01 13:55:00,132.2473139785405,0.0,0.0,84.7539758115447,0,0,-0.2588190451025208,-0.9659258262890683,0,0,1,6.3,0.0
2024-01-01 14:00:00,2024-01-01 14:00:00,111.49819990747456,0.0,0.0,80.52291102911134,100,0,-0.4999999999999998,-0.8660254037844388,0,0,1,6.3,0.0
2024-01-01 14:05:00,2024-01-01 14:05:00,128.60086075330045,0.0,0.0,79.87275119753825,0,0,-0.4999999999999998,-0.8660254037844388,0,0,1,6.3,0.0
2024-01-01 14:10:00,2024-01-01 14:10:00,122.20293937828977,0.0,0.0,80.320267232086,0,0,-0.4999999999999998,-0.8660254037844388,0,0,1,6.3,0.0
2024-01-01 14:15:00,2024-01-01 14:15:00,130.7443422064635,0.0,0.0,85.00231264398859,0,0,-0.4999999999999998,-0.8660254037844388,0,0,1,6.3,0.0
2024-01-01 14:20:00,2024-01-01 14:20:00,125.53918785536827,0.0,0.0,70.28527006403922,0,0,-0.4999999999999998,-0.8660254037844388,0,0,1,6.3,0.0
2024-01-01 14:25:00,2024-01-01 14:25:00,111.22263419750186,0.0,0.0,76.53729520322396,0,0,-0.4999999999999998,-0.8660254037844388,0,0,1,6.3,0.0
2024-01-01 14:30:00,2024-01-01 14:30:00,125.07252463723984,0.0,0.0,81.92840718366394,0,0,-0.4999999999999998,-0.8660254037844388,0,0,1,6.3,0.0
2024-01-01 14:35:00,2024-01-01 14:35:00,124.19700782861486,0.0,0.0,76.66764758833165,0,0,-0.4999999999999998,-0.8660254037844388,0,0,1,6.3,0.0
2024-01-01 14:40:00,2024-01-01 14:40:00,129.0457566768092,0.0,0.0,78.23847339702827,0,0,-0.4999999999999998,-0.8660254037844388,0,0,1,6.3,0.0
2024-01-01 14:45:00,2024-01-01 14:45:00,119.64741442903856,0.0,0.0,75.82577766365011,0,0,-0.4999999999999998,-0.8660254037844388,0,0,1,6.3,0.0
2024-01-01 14:50:00,2024-01-01 14:50:00,122.04686852789622,0.0,0.0,86.77634166279867,0,0,-0.4999999999999998,-0.8660254037844388,0,0,1,6.3,0.0
2024-01-01 14:55:00,2024-01-01 14:55:00,120.5046214719633,0.0,0.0,72.79399452359787,0,0,-0.4999999999999998,-0.8660254037844388,0,0,1,6.3,0.0
2024-01-01 15:00:00,2024-01-01 15:00:00,115.44684103005517,7.0,70.0,83.73193078046447,100,0,-0.7071067811865471,-0.7071067811865479,0,0,1,6.3,56.0
2024-01-01 15:05:00,2024-01-01 15:05:00,121.69587446926782,0.0,0.0,88.97044420173958,0,0,-0.7071067811865471,-0.7071067811865479,0,0,1,6.3,56.0
2024-01-01 15:10:00,2024-01-01 15:10:00,121.04925816828167,0.0,0.0,76.62141580942759,100,0,-0.7071067811865471,-0.7071067811865479,0,0,1,6.3,56.0
2024-01-01 15:15:00,2024-01-01 15:15:00,136.47673484821922,0.0,0.0,81.15918029724716,0,0,-0.7071067811865471,-0.7071067811865479,0,0,1,6.3,56.0
2024-01-01 15:20:00,2024-01-01 15:20:00,127.800829529831,0.0,0.0,76.72723573318875,0,0,-0.7071067811865471,-0.7071067811865479,0,0,1,6.3,56.0
2024-01-01 15:25:00,2024-01-01 15:25:00,127.35885432943086,0.0,0.0,87.70486202402351,0,0,-0.7071067811865471,-0.7071067811865479,0,0,1,6.3,56.0
2024-01-01 15:30:00,2024-01-01 15:30:00,123.31095895174461,0.0,0.0,86.06805074718038,0,0,-0.7071067811865471,-0.7071067811865479,0,0,1,6.3,56.0
2024-01-01 15:35:00,2024-01-01 15:35:00,126.74877383841904,0.0,0.0,83.16840262128245,0,0,-0.7071067811865471,-0.7071067811865479,0,0,1,6.3,56.0
2024-01-01 15:40:00,2024-01-01 15:40:00,140.78009078379677,0.0,0.0,82.72404643740423,0,0,-0.7071067811865471,-0.7071067811865479,0,0,1,6.3,56.0
2024-01-01 15:45:00,2024-01-01 15:45:00,136.37902043657323,0.0,0.0,81.40694099888749,0,0,-0.7071067811865471,-0.7071067811865479,0,0,1,6.3,56.0
2024-01-01 15:50:00,2024-01-01 15:50:00,154.81193373272245,0.0,0.0,76.2585598117261,100,0,-0.7071067811865471,-0.7071067811865479,0,0,1,6.3,56.0
2024-01-01 15:55:00,2024-01-01 15:55:00,148.810621332783,0.0,0.0,82.15445327406205,0,0,-0.7071067811865471,-0.7071067811865479,0,0,1,6.3,56.0
2024-01-01 16:00:00,2024-01-01 16:00:00,157.39151261642715,0.0,0.0,80.24945442798658,0,0,-0.8660254037844384,-0.5000000000000004,0,0,1,6.3,56.0
2024-01-01 16:05:00,2024-01-01 16:05:00,160.63253873543675,0.0,0.0,87.52728448345772,0,0,-0.8660254037844384,-0.5000000000000004,0,0,1,6.3,56.0
2024-01-01 16:10:00,2024-01-01 16:10:00,168.18028330352323,0.0,0.0,83.83999772638954,100,0,-0.8660254037844384,-0.5000000000000004,0,0,1,6.3,56.0
2024-01-01 16:15:00,2024-01-01 16:15:00,159.9801908758157,0.0,0.0,87.61607610874015,0,0,-0.8660254037844384,-0.5000000000000004,0,0,1,6.3,56.0
2024-01-01 16:20:00,2024-01-01 16:20:00,175.37429491002518,0.0,0.0,79.10721900020869,0,0,-0.8660254037844384,-0.5000000000000004,0,0,1,6.3,56.0
2024-01-01 16:25:00,2024-01-01 16:25:00,164.6678038007804,0.0,0.0,73.60443726374841,0,0,-0.8660254037844384,-0.5000000000000004,0,0,1,6.3,56.0
2024-01-01 16:30:00,2024-01-01 16:30:00,171.0830168191425,0.0,0.0,76.76265146526649,100,0,-0.8660254037844384,-0.5000000000000004,0,0,1,6.3,56.0
2024-01-01 16:35:00,2024-01-01 16:35:00,171.8484247065424,0.0,0.0,76.68786584428486,0,0,-0.8660254037844384,-0.5000000000000004,0,0,1,6.3,56.0
2024-01-01 16:40:00,2024-01-01 16:40:00,170.85520153561362,0.0,0.0,69.5515192850602,0,0,-0.8660254037844384,-0.5000000000000004,0,0,1,6.3,56.0
2024-01-01 16:45:00,2024-01-01 16:45:00,166.9009344700188,0.0,0.0,85.56085943034084,0,0,-0.8660254037844384,-0.5000000000000004,0,0,1,6.3,56.0
2024-01-01 16:50:00,2024-01-01 16:50:00,163.43884995517075,0.0,0.0,73.59435424676569,0,0,-0.8660254037844384,-0.5000000000000004,0,0,1,6.3,56.0
2024-01-01 16:55:00,2024-01-01 16:55:00,153.55534560067412,0.0,0.0,86.07504913123181,0,0,-0.8660254037844384,-0.5000000000000004,0,0,1,6.3,56.0
2024-01-01 17:00:00,2024-01-01 17:00:00,142.94809669955904,0.0,0.0,84.53762109253294,0,0,-0.9659258262890683,-0.25881904510252063,0,0,1,6.3,56.0
2024-01-01 17:05:00,2024-01-01 17:05:00,150.16471561051333,0.0,0.0,77.55295839486925,0,0,-0.9659258262890683,-0.25881904510252063,0,0,1,6.3,56.0
2024-01-01 17:10:00,2024-01-01 17:10:00,140.3318538228654,0.0,0.0,85.31641556622685,0,0,-0.9659258262890683,-0.25881904510252063,0,0,1,6.3,56.0
2024-01-01 17:15:00,2024-01-01 17:15:00,137.5724867564118,0.0,0.0,77.22985123198157,0,0,-0.9659258262890683,-0.25881904510252063,0,0,1,6.3,56.0
2024-01-01 17:20:00,2024-01-01 17:20:00,130.19177435346637,0.0,0.0,77.85669074570886,0,0,-0.9659258262890683,-0.25881904510252063,0,0,1,6.3,56.0
2024-01-01 17:25:00,2024-01-01 17:25:00,130.28325821801903,0.0,0.0,86.21032803108955,0,0,-0.9659258262890683,-0.25881904510252063,0,0,1,6.3,56.0
2024-01-01 17:30:00,2024-01-01 17:30:00,114.90208184607089,0.0,0.0,78.95809195442095,0,0,-0.9659258262890683,-0.25881904510252063,0,0,1,6.3,56.0
2024-01-01 17:35:00,2024-01-01 17:35:00,122.24735344139724,0.0,0.0,87.41218416581174,0,0,-0.9659258262890683,-0.25881904510252063,0,0,1,6.3,56.0
2024-01-01 17:40:00,2024-01-01 17:40:00,113.92500341358223,0.0,0.0,79.24793881232814,0,0,-0.9659258262890683,-0.25881904510252063,0,0,1,6.3,56.0
2024-01-01 17:45:00,2024-01-01 17:45:00,116.60738363923282,0.0,0.0,67.08135954136738,0,0,-0.9659258262890683,-0.25881904510252063,0,0,1,6.3,56.0
2024-01-01 17:50:00,2024-01-01 17:50:00,115.84383999798838,0.0,0.0,84.15547644616287,0,0,-0.9659258262890683,-0.25881904510252063,0,0,1,6.3,56.0
2024-01-01 17:55:00,2024-01-01 17:55:00,118.29875135181503,0.0,0.0,77.97209210295858,0,0,-0.9659258262890683,-0.25881904510252063,0,0,1,6.3,56.0
2024-01-01 18:00:00,2024-01-01 18:00:00,115.31794424517187,0.0,0.0,83.65453265917854,0,0,-1.0,-1.8369701987210297e-16,0,0,1,6.3,0.0
2024-01-01 18:05:00,2024-01-01 18:05:00,120.26034520522633,0.0,0.0,79.61470492888304,0,0,-1.0,-1.8369701987210297e-16,0,0,1,6.3,0.0
2024-01-01 18:10:00,2024-01-01 18:10:00,116.39791664507827,0.0,0.0,86.10903896388088,0,0,-1.0,-1.8369701987210297e-16,0,0,1,6.3,0.0
2024-01-01 18:15:00,2024-01-01 18:15:00,107.51719983729424,0.0,0.0,70.6838261882647,0,0,-1.0,-1.8369701987210297e-16,0,0,1,6.3,0.0
2024-01-01 18:20:00,2024-01-01 18:20:00,105.59318941127539,0.0,0.0,86.72590933195059,0,0,-1.0,-1.8369701987210297e-16,0,0,1,6.3,0.0
2024-01-01 18:25:00,2024-01-01 18:25:00,112.62442842565834,0.0,0.0,81.87375734074287,0,0,-1.0,-1.8369701987210297e-16,0,0,1,6.3,0.0
2024-01-01 18:30:00,2024-01-01 18:30:00,118.04593984984653,0.0,0.0,69.70901302661821,0,0,-1.0,-1.8369701987210297e-16,0,0,1,6.3,0.0
2024-01-01 18:35:00,2024-01-01 18:35:00,121.85126888863662,0.0,0.0,84.52436684101744,0,0,-1.0,-1.8369701987210297e-16,0,0,1,6.3,0.0
2024-01-01 18:40:00,2024-01-01 18:40:00,116.04289295763306,0.0,0.0,77.55946273964162,0,0,-1.0,-1.8369701987210297e-16,0,0,1,6.3,0.0
2024-01-01 18:45:00,2024-01-01 18:45:00,109.87420825720153,0.0,0.0,82.0020503379399,0,0,-1.0,-1.8369701987210297e-16,0,0,1,6.3,0.0
2024-01-01 18:50:00,2024-01-01 18:50:00,114.66132560859585,0.0,0.0,77.10979705477476,0,0,-1.0,-1.8369701987210297e-16,0,0,1,6.3,0.0
2024-01-01 18:55:00,2024-01-01 18:55:00,122.57546077068936,0.0,0.0,79.02602292621711,0,0,-1.0,-1.8369701987210297e-16,0,0,1,6.3,0.0
2024-01-01 19:00:00,2024-01-01 19:00:00,111.09026512482178,0.0,0.0,77.53035322260068,0,0,-0.9659258262890684,0.2588190451025203,0,0,1,6.3,0.0
2024-01-01 19:05:00,2024-01-01 19:05:00,118.38067783766883,0.0,0.0,77.0861474849507,0,0,-0.9659258262890684,0.2588190451025203,0,0,1,6.3,0.0
2024-01-01 19:10:00,2024-01-01 19:10:00,118.21216427888662,0.0,0.0,80.01324136251627,0,0,-0.9659258262890684,0.2588190451025203,0,0,1,6.3,0.0
2024-01-01 19:15:00,2024-01-01 19:15:00,108.49522864290455,0.0,0.0,77.38318089768717,0,0,-0.9659258262890684,0.2588190451025203,0,0,1,6.3,0.0
2024-01-01 19:20:00,2024-01-01 19:20:00,115.43954418607943,0.0,0.0,86.5735767514043,0,0,-0.9659258262890684,0.2588190451025203,0,0,1,6.3,0.0
2024-01-01 19:25:00,2024-01-01 19:25:00,115.4766805871515,0.0,0.0,82.10220813648402,0,0,-0.9659258262890684,0.2588190451025203,0,0,1,6.3,0.0
2024-01-01 19:30:00,2024-01-01 19:30:00,117.54435404625367,0.0,0.0,71.65672310814364,100,0,-0.9659258262890684,0.2588190451025203,0,0,1,6.3,0.0
2024-01-01 19:35:00,2024-01-01 19:35:00,124.11637785394046,0.0,0.0,72.53828999848517,0,0,-0.9659258262890684,0.2588190451025203,0,0,1,6.3,0.0
2024-01-01 19:40:00,2024-01-01 19:40:00,111.3767897536528,0.0,0.0,79.68552342788652,0,0,-0.9659258262890684,0.2588190451025203,0,0,1,6.3,0.0
2024-01-01 19:45:00,2024-01-01 19:45:00,103.38664365806208,0.0,0.0,85.30305362581743,0,0,-0.9659258262890684,0.2588190451025203,0,0,1,6.3,0.0
2024-01-01 19:50:00,2024-01-01 19:50:00,118.83809207095794,0.0,0.0,67.30358929024084,0,0,-0.9659258262890684,0.2588190451025203,0,0,1,6.3,0.0
2024-01-01 19:55:00,2024-01-01 19:55:00,110.77895513440426,0.0,0.0,83.00380163853521,0,0,-0.9659258262890684,0.2588190451025203,0,0,1,6.3,0.0
2024-01-01 20:00:00,2024-01-01 20:00:00,124.48018215681516,0.0,0.0,80.95082348628807,0,0,-0.8660254037844386,0.5000000000000001,0,0,1,0.0,0.0
2024-01-01 20:05:00,2024-01-01 20:05:00,106.61534750406148,0.0,0.0,70.96518439744756,0,0,-0.8660254037844386,0.5000000000000001,0,0,1,0.0,0.0
2024-01-01 20:10:00,2024-01-01 20:10:00,119.91404591401631,0.0,0.0,79.96866154159197,0,0,-0.8660254037844386,0.5000000000000001,0,0,1,0.0,0.0
2024-01-01 20:15:00,2024-01-01 20:15:00,113.00669273742076,0.0,0.0,77.98114403899355,0,0,-0.8660254037844386,0.5000000000000001,0,0,1,0.0,0.0
2024-01-01 20:20:00,2024-01-01 20:20:00,117.70904321673095,0.0,0.0,74.66257837180405,0,0,-0.8660254037844386,0.5000000000000001,0,0,1,0.0,0.0
2024-01-01 20:25:00,2024-01-01 20:25:00,120.11886498443744,0.0,0.0,81.70035345243795,0,0,-0.8660254037844386,0.5000000000000001,0,0,1,0.0,0.0
2024-01-01 20:30:00,2024-01-01 20:30:00,115.4478165100403,0.0,0.0,74.15939932174498,0,0,-0.8660254037844386,0.5000000000000001,0,0,1,0.0,0.0
2024-01-01 20:35:00,2024-01-01 20:35:00,114.53311801268492,0.0,0.0,82.58473733337816,0,0,-0.8660254037844386,0.5000000000000001,0,0,1,0.0,0.0
2024-01-01 20:40:00,2024-01-01 20:40:00,115.18403153505712,0.0,0.0,68.61635635116473,100,0,-0.8660254037844386,0.5000000000000001,0,0,1,0.0,0.0
2024-01-01 20:45:00,2024-01-01 20:45:00,117.23010685142869,0.0,0.0,81.15258756604106,0,0,-0.8660254037844386,0.5000000000000001,0,0,1,0.0,0.0
2024-01-01 20:50:00,2024-01-01 20:50:00,105.33697045018975,0.0,0.0,75.07277442719507,100,0,-0.8660254037844386,0.5000000000000001,0,0,1,0.0,0.0
2024-01-01 20:55:00,2024-01-01 20:55:00,122.50047645156853,0.0,0.0,79.54723849805772,0,0,-0.8660254037844386,0.5000000000000001,0,0,1,0.0,0.0
2024-01-01 21:00:00,2024-01-01 21:00:00,117.498827259372,0.0,0.0,83.56255495743352,0,0,-0.7071067811865477,0.7071067811865474,0,0,1,0.0,0.0
2024-01-01 21:05:00,2024-01-01 21:05:00,116.03198266540203,0.0,0.0,76.61021053573934,0,0,-0.7071067811865477,0.7071067811865474,0,0,1,0.0,0.0
2024-01-01 21:10:00,2024-01-01 21:10:00,113.93599199022917,0.0,0.0,75.42922911561523,100,0,-0.7071067811865477,0.7071067811865474,0,0,1,0.0,0.0
2024-01-01 21:15:00,2024-01-01 21:15:00,123.17066204536263,0.0,0.0,83.60884976161609,0,0,-0.7071067811865477,0.7071067811865474,0,0,1,0.0,0.0
2024-01-01 21:20:00,2024-01-01 21:20:00,115.72602696097817,0.0,0.0,81.29561772537576,0,0,-0.7071067811865477,0.7071067811865474,0,0,1,0.0,0.0
2024-01-01 21:25:00,2024-01-01 21:25:00,125.46570643465425,0.0,0.0,81.90969689791017,0,0,-0.7071067811865477,0.7071067811865474,0,0,1,0.0,0.0
2024-01-01 21:30:00,2024-01-01 21:30:00,119.27039205423942,0.0,0.0,76.82144094879806,0,0,-0.7071067811865477,0.7071067811865474,0,0,1,0.0,0.0
2024-01-01 21:35:00,2024-01-01 21:35:00,117.91176527531057,0.0,0.0,77.83991410625872,0,0,-0.7071067811865477,0.7071067811865474,0,0,1,0.0,0.0
2024-01-01 21:40:00,2024-01-01 21:40:00,122.60940743285069,0.0,0.0,82.55537996427095,0,0,-0.7071067811865477,0.7071067811865474,0,0,1,0.0,0.0
2024-01-01 21:45:00,2024-01-01 21:45:00,114.98057297859114,0.0,0.0,80.09650448214985,0,0,-0.7071067811865477,0.7071067811865474,0,0,1,0.0,0.0
2024-01-01 21:50:00,2024-01-01 21:50:00,112.71652897607026,0.0,0.0,86.21021785366115,0,0,-0.7071067811865477,0.7071067811865474,0,0,1,0.0,0.0
2024-01-01 21:55:00,2024-01-01 21:55:00,126.96097479922129,0.0,0.0,72.75536727887663,0,0,-0.7071067811865477,0.7071067811865474,0,0,1,0.0,0.0
2024-01-01 22:00:00,2024-01-01 22:00:00,115.37354394311619,0.0,0.0,87.39462682248492,100,0,-0.5000000000000004,0.8660254037844384,0,0,1,0.0,0.0
2024-01-01 22:05:00,2024-01-01 22:05:00,121.2823398606921,0.0,0.0,75.29983390171111,0,0,-0.5000000000000004,0.8660254037844384,0,0,1,0.0,0.0
2024-01-01 22:10:00,2024-01-01 22:10:00,116.7246386583858,0.0,0.0,78.27705276396968,0,0,-0.5000000000000004,0.8660254037844384,0,0,1,0.0,0.0
2024-01-01 22:15:00,2024-01-01 22:15:00,115.52479580597017,0.0,0.0,79.34154188278161,0,0,-0.5000000000000004,0.8660254037844384,0,0,1,0.0,0.0
2024-01-01 22:20:00,2024-01-01 22:20:00,122.14135215766603,0.0,0.0,76.92177063261009,0,0,-0.5000000000000004,0.8660254037844384,0,0,1,0.0,0.0
2024-01-01 22:25:00,2024-01-01 22:25:00,125.84187615025942,0.0,0.0,80.06272986358599,0,0,-0.5000000000000004,0.8660254037844384,0,0,1,0.0,0.0
2024-01-01 22:30:00,2024-01-01 22:30:00,120.65793287775796,0.0,0.0,75.9592126784568,0,0,-0.5000000000000004,0.8660254037844384,0,0,1,0.0,0.0
2024-01-01 22:35:00,2024-01-01 22:35:00,121.24145087315686,0.0,0.0,76.75682078856022,0,0,-0.5000000000000004,0.8660254037844384,0,0,1,0.0,0.0
2024-01-01 22:40:00,2024-01-01 22:40:00,127.83130133644075,0.0,0.0,78.49028628443179,0,0,-0.5000000000000004,0.8660254037844384,0,0,1,0.0,0.0
2024-01-01 22:45:00,2024-01-01 22:45:00,118.25286767006935,0.0,0.0,82.25332658338314,0,0,-0.5000000000000004,0.8660254037844384,0,0,1,0.0,0.0
2024-01-01 22:50:00,2024-01-01 22:50:00,130.01760127504477,0.0,0.0,68.44343788323917,0,0,-0.5000000000000004,0.8660254037844384,0,0,1,0.0,0.0
2024-01-01 22:55:00,2024-01-01 22:55:00,126.86926660429887,0.0,0.0,80.01520032611427,0,0,-0.5000000000000004,0.8660254037844384,0,0,1,0.0,0.0
2024-01-01 23:00:00,2024-01-01 23:00:00,128.54134557925664,0.0,0.0,80.33900335243673,0,0,-0.25881904510252157,0.9659258262890681,0,0,1,0.0,0.0
2024-01-01 23:05:00,2024-01-01 23:05:00,129.2854214499294,0.0,0.0,80.7441165957842,0,0,-0.25881904510252157,0.9659258262890681,0,0,1,0.0,0.0
2024-01-01 23:10:00,2024-01-01 23:10:00,134.5492952992256,0.0,0.0,79.48158696937796,100,0,-0.25881904510252157,0.9659258262890681,0,0,1,0.0,0.0
2024-01-01 23:15:00,2024-01-01 23:15:00,118.69837865601052,0.0,0.0,78.81578172339124,0,0,-0.25881904510252157,0.9659258262890681,0,0,1,0.0,0.0
2024-01-01 23:20:00,2024-01-01 23:20:00,129.69090787300064,0.0,0.0,84.58539916849358,0,0,-0.25881904510252157,0.9659258262890681,0,0,1,0.0,0.0
2024-01-01 23:25:00,2024-01-01 23:25:00,129.83542932654964,0.0,0.0,81.61148391832894,0,0,-0.25881904510252157,0.9659258262890681,0,0,1,0.0,0.0
2024-01-01 23:30:00,2024-01-01 23:30:00,123.01724349049356,0.0,0.0,79.86342338186776,0,0,-0.25881904510252157,0.9659258262890681,0,0,1,0.0,0.0
2024-01-01 23:35:00,2024-01-01 23:35:00,124.85609719591075,0.0,0.0,84.75062568594238,0,0,-0.25881904510252157,0.9659258262890681,0,0,1,0.0,0.0
2024-01-01 23:40:00,2024-01-01 23:40:00,129.46265818087505,0.0,0.0,80.0260183022422,0,0,-0.25881904510252157,0.9659258262890681,0,0,1,0.0,0.0
2024-01-01 23:45:00,2024-01-01 23:45:00,129.1550781969967,0.0,0.0,96.79156641977092,0,0,-0.25881904510252157,0.9659258262890681,0,0,1,0.0,0.0
2024-01-01 23:50:00,2024-01-01 23:50:00,133.40390874507236,0.0,0.0,84.26941700149732,0,0,-0.25881904510252157,0.9659258262890681,0,0,1,0.0,0.0
2024-01-01 23:55:00,2024-01-01 23:55:00,115.16695532466784,0.0,0.0,86.90022433572693,0,0,-0.25881904510252157,0.9659258262890681,0,0,1,0.0,0.0
2024-01-02 00:00:00,2024-01-02 00:00:00,123.61890779696465,0.0,0.0,70.8632874690134,0,0,0.0,1.0,0,0,1,0.0,0.0
2024-01-02 00:05:00,2024-01-02 00:05:00,130.35724014602286,0.0,0.0,86.75647760802924,0,0,0.0,1.0,0,0,1,0.0,0.0
2024-01-02 00:10:00,2024-01-02 00:10:00,136.10035022769557,0.0,0.0,74.58686982165123,0,0,0.0,1.0,0,0,1,0.0,0.0
2024-01-02 00:15:00,2024-01-02 00:15:00,127.99256893893327,0.0,0.0,78.90210390776082,0,0,0.0,1.0,0,0,1,0.0,0.0
2024-01-02 00:20:00,2024-01-02 00:20:00,123.16621619810375,0.0,0.0,80.155203400811,100,0,0.0,1.0,0,0,1,0.0,0.0
2024-01-02 00:25:00,2024-01-02 00:25:00,128.41809596745892,0.0,0.0,79.51873823519536,0,0,0.0,1.0,0,0,1,0.0,0.0
2024-01-02 00:30:00,2024-01-02 00:30:00,129.9849595344515,0.0,0.0,85.38241598339975,0,0,0.0,1.0,0,0,1,0.0,0.0
2024-01-02 00:35:00,2024-01-02 00:35:00,123.27771489820637,0.0,0.0,71.35156286551043,0,0,0.0,1.0,0,0,1,0.0,0.0
2024-01-02 00:40:00,2024-01-02 00:40:00,131.89481877908617,0.0,0.0,82.9938274924573,0,0,0.0,1.0,0,0,1,0.0,0.0
2024-01-02 00:45:00,2024-01-02 00:45:00,126.1129946875268,0.0,0.0,74.40604267066588,0,0,0.0,1.0,0,0,1,0.0,0.0
2024-01-02 00:50:00,2024-01-02 00:50:00,125.112512880234,0.0,0.0,84.13811997167254,0,0,0.0,1.0,0,0,1,0.0,0.0
2024-01-02 00:55:00,2024-01-02 00:55:00,136.73209227444082,0.0,0.0,79.72776471525621,0,0,0.0,1.0,0,0,1,0.0,0.0
2024-01-02 01:00:00,2024-01-02 01:00:00,133.62432980557656,0.0,0.0,84.25596411791669,0,0,0.25881904510252074,0.9659258262890683,0,0,1,0.0,0.0
2024-01-02 01:05:00,2024-01-02 01:05:00,133.63682492600546,0.0,0.0,89.43315744051364,0,0,0.25881904510252074,0.9659258262890683,0,0,1,0.0,0.0
2024-01-02 01:10:00,2024-01-02 01:10:00,129.4710015190205,0.0,0.0,78.56854819906711,0,0,0.25881904510252074,0.9659258262890683,0,0,1,0.0,0.0
2024-01-02 01:15:00,2024-01-02 01:15:00,141.3293079399664,0.0,0.0,82.33365051383691,0,0,0.25881904510252074,0.9659258262890683,0,0,1,0.0,0.0
2024-01-02 01:20:00,2024-01-02 01:20:00,130.4603284419902,0.0,0.0,75.52762400858236,0,0,0.25881904510252074,0.9659258262890683,0,0,1,0.0,0.0
2024-01-02 01:25:00,2024-01-02 01:25:00,138.43942538076035,0.0,0.0,85.88104199642527,0,0,0.25881904510252074,0.9659258262890683,0,0,1,0.0,0.0
2024-01-02 01:30:00,2024-01-02 01:30:00,127.60015858039954,0.0,0.0,85.09190352489588,100,0,0.25881904510252074,0.9659258262890683,0,0,1,0.0,0.0
2024-01-02 01:35:00,2024-01-02 01:35:00,134.50732197482932,0.0,0.0,81.35186155416129,0,0,0.25881904510252074,0.9659258262890683,0,0,1,0.0,0.0
2024-01-02 01:40:00,2024-01-02 01:40:00,127.06214499339214,0.0,0.0,73.7024951342008,0,0,0.25881904510252074,0.9659258262890683,0,0,1,0.0,0.0
2024-01-02 01:45:00,2024-01-02 01:45:00,132.47342658693793,0.0,0.0,75.51187941413265,100,0,0.25881904510252074,0.9659258262890683,0,0,1,0.0,0.0
2024-01-02 01:50:00,2024-01-02 01:50:00,133.44062078118372,0.0,0.0,80.4023974318719,0,0,0.25881904510252074,0.9659258262890683,0,0,1,0.0,0.0
2024-01-02 01:55:00,2024-01-02 01:55:00,133.2392586876886,0.0,0.0,85.46716506772589,0,0,0.25881904510252074,0.9659258262890683,0,0,1,0.0,0.0
2024-01-02 02:00:00,2024-01-02 02:00:00,145.59662350721456,0.0,0.0,76.88830858301174,0,0,0.49999999999999994,0.8660254037844387,0,0,1,0.0,0.0
2024-01-02 02:05:00,2024-01-02 02:05:00,136.40448426875753,0.0,0.0,80.28709422734693,0,0,0.49999999999999994,0.8660254037844387,0,0,1,0.0,0.0
2024-01-02 02:10:00,2024-01-02 02:10:00,132.47502309804986,0.0,0.0,78.16367036792144,0,0,0.49999999999999994,0.8660254037844387,0,0,1,0.0,0.0
2024-01-02 02:15:00,2024-01-02 02:15:00,139.13049903631926,0.0,0.0,74.459544857349,0,0,0.49999999999999994,0.8660254037844387,0,0,1,0.0,0.0
2024-01-02 02:20:00,2024-01-02 02:20:00,134.49299201109494,0.0,0.0,81.41801941634994,0,0,0.49999999999999994,0.8660254037844387,0,0,1,0.0,0.0
2024-01-02 02:25:00,2024-01-02 02:25:00,145.86032720392012,0.0,0.0,81.64435384923817,0,0,0.49999999999999994,0.8660254037844387,0,0,1,0.0,0.0
2024-01-02 02:30:00,2024-01-02 02:30:00,125.09894271124236,0.0,0.0,80.5368349190006,0,0,0.49999999999999994,0.8660254037844387,0,0,1,0.0,0.0
2024-01-02 02:35:00,2024-01-02 02:35:00,126.58286021238949,0.0,0.0,66.34034906800399,0,0,0.49999999999999994,0.8660254037844387,0,0,1,0.0,0.0
2024-01-02 02:40:00,2024-01-02 02:40:00,139.2165073453363,0.0,0.0,74.19809772976328,0,0,0.49999999999999994,0.8660254037844387,0,0,1,0.0,0.0
2024-01-02 02:45:00,2024-01-02 02:45:00,148.56822337142793,0.0,0.0,81.66803831567837,0,0,0.49999999999999994,0.8660254037844387,0,0,1,0.0,0.0
2024-01-02 02:50:00,2024-01-02 02:50:00,128.11275443487642,0.0,0.0,79.6497649935056,0,0,0.49999999999999994,0.8660254037844387,0,0,1,0.0,0.0
2024-01-02 02:55:00,2024-01-02 02:55:00,138.02156778253257,0.0,0.0,80.2184273762666,0,0,0.49999999999999994,0.8660254037844387,0,0,1,0.0,0.0
2024-01-02 03:00:00,2024-01-02 03:00:00,145.13480846459467,0.0,0.0,73.26968049754907,0,0,0.7071067811865475,0.7071067811865476,0,0,1,0.0,0.0
2024-01-02 03:05:00,2024-01-02 03:05:00,144.41140914007082,0.0,0.0,85.46399905081296,0,0,0.7071067811865475,0.7071067811865476,0,0,1,0.0,0.0
2024-01-02 03:10:00,2024-01-02 03:10:00,144.1187438835751,0.0,0.0,72.93425802090123,0,0,0.7071067811865475,0.7071067811865476,0,0,1,0.0,0.0
2024-01-02 03:15:00,2024-01-02 03:15:00,136.49137333595294,0.0,0.0,80.11554091856036,0,0,0.7071067811865475,0.7071067811865476,0,0,1,0.0,0.0
2024-01-02 03:20:00,2024-01-02 03:20:00,146.85844031458447,0.0,0.0,83.10486629584724,0,0,0.7071067811865475,0.7071067811865476,0,0,1,0.0,0.0
2024-01-02 03:25:00,2024-01-02 03:25:00,140.24740765874992,0.0,0.0,77.70926896834807,100,0,0.7071067811865475,0.7071067811865476,0,0,1,0.0,0.0
2024-01-02 03:30:00,2024-01-02 03:30:00,144.1392815534111,0.0,0.0,83.91584696958631,0,0,0.7071067811865475,0.7071067811865476,0,0,1,0.0,0.0
2024-01-02 03:35:00,2024-01-02 03:35:00,136.66454263514547,0.0,0.0,82.5186622331787,0,0,0.7071067811865475,0.7071067811865476,0,0,1,0.0,0.0
2024-01-02 03:40:00,2024-01-02 03:40:00,140.82624161552692,0.0,0.0,81.40899859244057,0,0,0.7071067811865475,0.7071067811865476,0,0,1,0.0,0.0
2024-01-02 03:45:00,2024-01-02 03:45:00,144.6398819316176,0.0,0.0,83.36116660510929,0,0,0.7071067811865475,0.7071067811865476,0,0,1,0.0,0.0
2024-01-02 03:50:00,2024-01-02 03:50:00,144.00859448140983,0.0,0.0,79.83874832875921,0,0,0.7071067811865475,0.7071067811865476,0,0,1,0.0,0.0
2024-01-02 03:55:00,2024-01-02 03:55:00,139.8707571409859,0.0,0.0,80.30291149417877,0,0,0.7071067811865475,0.7071067811865476,0,0,1,0.0,0.0
2024-01-02 04:00:00,2024-01-02 04:00:00,150.1722626550823,0.0,0.0,74.52194169162088,0,0,0.8660254037844386,0.5000000000000001,0,0,1,0.0,0.0
2024-01-02 04:05:00,2024-01-02 04:05:00,142.58687864713914,0.0,0.0,77.43096482222099,0,0,0.8660254037844386,0.5000000000000001,0,0,1,0.0,0.0
2024-01-02 04:10:00,2024-01-02 04:10:00,146.56112444771668,0.0,0.0,69.73383846370639,0,0,0.8660254037844386,0.5000000000000001,0,0,1,0.0,0.0
2024-01-02 04:15:00,2024-01-02 04:15:00,141.72453786711154,0.0,0.0,77.30567750836713,0,0,0.8660254037844386,0.5000000000000001,0,0,1,0.0,0.0
2024-01-02 04:20:00,2024-01-02 04:20:00,139.47300835975665,0.0,0.0,78.52023908608818,0,0,0.8660254037844386,0.5000000000000001,0,0,1,0.0,0.0
2024-01-02 04:25:00,2024-01-02 04:25:00,139.27791320424427,0.0,0.0,81.40500486251918,0,0,0.8660254037844386,0.5000000000000001,0,0,1,0.0,0.0
2024-01-02 04:30:00,2024-01-02 04:30:00,146.30561679348125,0.0,0.0,71.8346581279977,0,0,0.8660254037844386,0.5000000000000001,0,0,1,0.0,0.0
2024-01-02 04:35:00,2024-01-02 04:35:00,149.01556192114134,0.0,0.0,81.00458019121983,0,0,0.8660254037844386,0.5000000000000001,0,0,1,0.0,0.0
2024-01-02 04:40:00,2024-01-02 04:40:00,139.84400036135304,0.0,0.0,79.07540142664949,0,0,0.8660254037844386,0.5000000000000001,0,0,1,0.0,0.0
2024-01-02 04:45:00,2024-01-02 04:45:00,141.67855387722196,0.0,0.0,78.2199044858514,0,0,0.8660254037844386,0.5000000000000001,0,0,1,0.0,0.0
2024-01-02 04:50:00,2024-01-02 04:50:00,150.63910527447592,0.0,0.0,83.64493781369687,0,0,0.8660254037844386,0.5000000000000001,0,0,1,0.0,0.0
2024-01-02 04:55:00,2024-01-02 04:55:00,139.42498197997676,0.0,0.0,75.47737820484463,0,0,0.8660254037844386,0.5000000000000001,0,0,1,0.0,0.0
2024-01-02 05:00:00,2024-01-02 05:00:00,141.8012174877831,0.0,0.0,80.55652158725906,0,0,0.9659258262890683,0.25881904510252074,0,0,1,0.0,0.0
2024-01-02 05:05:00,2024-01-02 05:05:00,139.18306427007823,0.0,0.0,81.04530636888562,0,0,0.9659258262890683,0.25881904510252074,0,0,1,0.0,0.0
2024-01-02 05:10:00,2024-01-02 05:10:00,144.92688160911794,0.0,0.0,81.70321947665536,0,0,0.9659258262890683,0.25881904510252074,0,0,1,0.0,0.0
2024-01-02 05:15:00,2024-01-02 05:15:00,151.74434628356005,0.0,0.0,87.10048642807023,0,0,0.9659258262890683,0.25881904510252074,0,0,1,0.0,0.0
2024-01-02 05:20:00,2024-01-02 05:20:00,142.49522142990907,0.0,0.0,75.72887512841044,0,0,0.9659258262890683,0.25881904510252074,0,0,1,0.0,0.0
2024-01-02 05:25:00,2024-01-02 05:25:00,145.38326796548327,0.0,0.0,76.34788236199692,0,0,0.9659258262890683,0.25881904510252074,0,0,1,0.0,0.0
2024-01-02 05:30:00,2024-01-02 05:30:00,148.1889528096236,0.0,0.0,86.2791442361486,0,0,0.9659258262890683,0.25881904510252074,0,0,1,0.0,0.0
2024-01-02 05:35:00,2024-01-02 05:35:00,138.65066994323874,0.0,0.0,78.50846417453451,0,0,0.9659258262890683,0.25881904510252074,0,0,1,0.0,0.0
2024-01-02 05:40:00,2024-01-02 05:40:00,137.38993615635624,0.0,0.0,74.33030336490691,0,0,0.9659258262890683,0.25881904510252074,0,0,1,0.0,0.0
2024-01-02 05:45:00,2024-01-02 05:45:00,149.9215623226704,0.0,0.0,89.34497974262968,0,0,0.9659258262890683,0.25881904510252074,0,0,1,0.0,0.0
2024-01-02 05:50:00,2024-01-02 05:50:00,146.7099737436201,0.0,0.0,67.17783932516363,0,0,0.9659258262890683,0.25881904510252074,0,0,1,0.0,0.0
2024-01-02 05:55:00,2024-01-02 05:55:00,150.8752413453483,0.0,0.0,85.73913758150472,0,0,0.9659258262890683,0.25881904510252074,0,0,1,0.0,0.0
2024-01-02 06:00:00,2024-01-02 06:00:00,141.5580169380992,3.0,30.0,79.82324026573673,0,0,1.0,6.123233995736766e-17,0,0,1,2.7,24.0
2024-01-02 06:05:00,2024-01-02 06:05:00,147.86188099588594,0.0,0.0,86.05047302390956,100,0,1.0,6.123233995736766e-17,0,0,1,2.7,24.0
2024-01-02 06:10:00,2024-01-02 06:10:00,145.91555458286518,0.0,0.0,80.99058764861729,0,0,1.0,6.123233995736766e-17,0,0,1,2.7,24.0
2024-01-02 06:15:00,2024-01-02 06:15:00,146.6261933192196,0.0,0.0,84.22531827821335,0,0,1.0,6.123233995736766e-17,0,0,1,2.7,24.0
2024-01-02 06:20:00,2024-01-02 06:20:00,154.43648614519535,0.0,0.0,86.41668802682085,0,0,1.0,6.123233995736766e-17,0,0,1,2.7,24.0
2024-01-02 06:25:00,2024-01-02 06:25:00,150.31623026152408,0.0,0.0,79.7448033382505,0,0,1.0,6.123233995736766e-17,0,0,1,2.7,24.0
2024-01-02 06:30:00,2024-01-02 06:30:00,144.77475766404828,0.0,0.0,68.4145857524664,0,0,1.0,6.123233995736766e-17,0,0,1,2.7,24.0
2024-01-02 06:35:00,2024-01-02 06:35:00,160.20300671578966,0.0,0.0,74.23141796040038,0,0,1.0,6.123233995736766e-17,0,0,1,2.7,24.0
2024-01-02 06:40:00,2024-01-02 06:40:00,150.91858014315258,0.0,0.0,89.95065895030132,0,0,1.0,6.123233995736766e-17,0,0,1,2.7,24.0
2024-01-02 06:45:00,2024-01-02 06:45:00,154.87760352408904,0.0,0.0,78.63564028206349,0,0,1.0,6.123233995736766e-17,0,0,1,2.7,24.0
2024-01-02 06:50:00,2024-01-02 06:50:00,165.03734160719907,0.0,0.0,75.29439699421944,0,0,1.0,6.123233995736766e-17,0,0,1,2.7,24.0
2024-01-02 06:55:00,2024-01-02 06:55:00,155.4940559166617,0.0,0.0,75.37548495181134,0,0,1.0,6.123233995736766e-17,0,0,1,2.7,24.0
2024-01-02 07:00:00,2024-01-02 07:00:00,164.45373147514812,0.0,0.0,80.64222361838574,0,0,0.9659258262890683,-0.25881904510252063,0,0,1,2.7,24.0
2024-01-02 07:05:00,2024-01-02 07:05:00,146.11234765712987,0.0,0.0,88.2361441810636,0,0,0.9659258262890683,-0.25881904510252063,0,0,1,2.7,24.0
2024-01-02 07:10:00,2024-01-02 07:10:00,173.8258870985203,0.0,0.0,86.32809445281453,0,0,0.9659258262890683,-0.25881904510252063,0,0,1,2.7,24.0
2024-01-02 07:15:00,2024-01-02 07:15:00,174.07918790820017,0.0,0.0,78.05335603843481,0,0,0.9659258262890683,-0.25881904510252063,0,0,1,2.7,24.0
2024-01-02 07:20:00,2024-01-02 07:20:00,164.08544543111233,0.0,0.0,75.39905297357103,0,0,0.9659258262890683,-0.25881904510252063,0,0,1,2.7,24.0
2024-01-02 07:25:00,2024-01-02 07:25:00,174.90506178779484,0.0,0.0,77.2100150398592,0,0,0.9659258262890683,-0.25881904510252063,0,0,1,2.7,24.0
2024-01-02 07:30:00,2024-01-02 07:30:00,172.54856315740918,0.0,0.0,82.7447247021737,0,0,0.9659258262890683,-0.25881904510252063,0,0,1,2.7,24.0
2024-01-02 07:35:00,2024-01-02 07:35:00,172.32801165698706,0.0,0.0,74.27937226194852,0,0,0.9659258262890683,-0.25881904510252063,0,0,1,2.7,24.0
2024-01-02 07:40:00,2024-01-02 07:40:00,172.33343861724683,0.0,0.0,85.45320141911557,0,0,0.9659258262890683,-0.25881904510252063,0,0,1,2.7,24.0
2024-01-02 07:45:00,2024-01-02 07:45:00,169.03370771917466,0.0,0.0,94.08736647704384,0,0,0.9659258262890683,-0.25881904510252063,0,0,1,2.7,24.0
2024-01-02 07:50:00,2024-01-02 07:50:00,163.33816400249128,0.0,0.0,74.6971650297157,0,0,0.9659258262890683,-0.25881904510252063,0,0,1,2.7,24.0
2024-01-02 07:55:00,2024-01-02 07:55:00,164.97109226173419,0.0,0.0,81.16886680724868,0,0,0.9659258262890683,-0.25881904510252063,0,0,1,2.7,24.0
2024-01-02 08:00:00,2024-01-02 08:00:00,161.42570024291612,0.0,0.0,76.43308662075296,0,0,0.8660254037844387,-0.49999999999999983,0,0,1,2.7,24.0
2024-01-02 08:05:00,2024-01-02 08:05:00,159.91277509018624,0.0,0.0,74.44690668873159,100,0,0.8660254037844387,-0.49999999999999983,0,0,1,2.7,24.0
2024-01-02 08:10:00,2024-01-02 08:10:00,150.6658848311997,0.0,0.0,82.83429098347773,0,0,0.8660254037844387,-0.49999999999999983,0,0,1,2.7,24.0
2024-01-02 08:15:00,2024-01-02 08:15:00,148.25896565621807,0.0,0.0,87.83390328586044,0,0,0.8660254037844387,-0.49999999999999983,0,0,1,2.7,24.0
2024-01-02 08:20:00,2024-01-02 08:20:00,145.18761195679065,0.0,0.0,81.41718412709952,0,0,0.8660254037844387,-0.49999999999999983,0,0,1,2.7,24.0
2024-01-02 08:25:00,2024-01-02 08:25:00,141.72536522324663,0.0,0.0,81.75204402041342,0,0,0.8660254037844387,-0.49999999999999983,0,0,1,2.7,24.0
2024-01-02 08:30:00,2024-01-02 08:30:00,149.8060292733702,0.0,0.0,86.08183714308471,0,0,0.8660254037844387,-0.49999999999999983,0,0,1,2.7,24.0
2024-01-02 08:35:00,2024-01-02 08:35:00,142.1150922950034,0.0,0.0,71.70183567932455,0,0,0.8660254037844387,-0.49999999999999983,0,0,1,2.7,24.0
2024-01-02 08:40:00,2024-01-02 08:40:00,146.62278110071898,0.0,0.0,79.49370301452068,0,0,0.8660254037844387,-0.49999999999999983,0,0,1,2.7,24.0
2024-01-02 08:45:00,2024-01-02 08:45:00,151.39864725515088,0.0,0.0,82.72721441076902,0,0,0.8660254037844387,-0.49999999999999983,0,0,1,2.7,24.0
2024-01-02 08:50:00,2024-01-02 08:50:00,146.41268323467827,0.0,0.0,76.71528908416643,0,0,0.8660254037844387,-0.49999999999999983,0,0,1,2.7,24.0
2024-01-02 08:55:00,2024-01-02 08:55:00,136.56345668582284,0.0,0.0,73.0595891605924,0,0,0.8660254037844387,-0.49999999999999983,0,0,1,2.7,24.0
2024-01-02 09:00:00,2024-01-02 09:00:00,135.7630982132686,0.0,0.0,80.40722530274736,0,0,0.7071067811865476,-0.7071067811865475,0,0,1,2.7,0.0
2024-01-02 09:05:00,2024-01-02 09:05:00,136.7238645752697,0.0,0.0,82.3846046801844,0,0,0.7071067811865476,-0.7071067811865475,0,0,1,2.7,0.0
2024-01-02 09:10:00,2024-01-02 09:10:00,143.9949668265039,0.0,0.0,77.1832537331427,0,0,0.7071067811865476,-0.7071067811865475,0,0,1,2.7,0.0
2024-01-02 09:15:00,2024-01-02 09:15:00,150.08311194978586,0.0,0.0,75.09524179357071,0,0,0.7071067811865476,-0.7071067811865475,0,0,1,2.7,0.0
2024-01-02 09:20:00,2024-01-02 09:20:00,145.74438515650223,0.0,0.0,86.50225359563895,0,0,0.7071067811865476,-0.7071067811865475,0,0,1,2.7,0.0
2024-01-02 09:25:00,2024-01-02 09:25:00,138.3210136413419,0.0,0.0,73.34405439611056,0,0,0.7071067811865476,-0.7071067811865475,0,0,1,2.7,0.0
2024-01-02 09:30:00,2024-01-02 09:30:00,136.21563545579082,0.0,0.0,90.23567330923002,0,0,0.7071067811865476,-0.7071067811865475,0,0,1,2.7,0.0
2024-01-02 09:35:00,2024-01-02 09:35:00,139.42585437791246,0.0,0.0,81.80206381665239,0,0,0.7071067811865476,-0.7071067811865475,0,0,1,2.7,0.0
2024-01-02 09:40:00,2024-01-02 09:40:00,128.31909337227017,0.0,0.0,72.97189234900242,0,0,0.7071067811865476,-0.7071067811865475,0,0,1,2.7,0.0
2024-01-02 09:45:00,2024-01-02 09:45:00,138.71799352832855,0.0,0.0,91.38730901313758,0,0,0.7071067811865476,-0.7071067811865475,0,0,1,2.7,0.0
2024-01-02 09:50:00,2024-01-02 09:50:00,143.95203658684136,0.0,0.0,65.3768995190955,0,0,0.7071067811865476,-0.7071067811865475,0,0,1,2.7,0.0
2024-01-02 09:55:00,2024-01-02 09:55:00,139.01583602829254,0.0,0.0,87.3217338170287,0,0,0.7071067811865476,-0.7071067811865475,0,0,1,2.7,0.0
2024-01-02 10:00:00,2024-01-02 10:00:00,132.6542690517984,0.0,0.0,77.39055415034453,0,0,0.49999999999999994,-0.8660254037844387,0,0,1,2.7,0.0
2024-01-02 10:05:00,2024-01-02 10:05:00,145.31237201953041,0.0,0.0,83.69954510773029,0,0,0.49999999999999994,-0.8660254037844387,0,0,1,2.7,0.0
2024-01-02 10:10:00,2024-01-02 10:10:00,141.0357585049837,0.0,0.0,79.22461559714782,0,0,0.49999999999999994,-0.8660254037844387,0,0,1,2.7,0.0
2024-01-02 10:15:00,2024-01-02 10:15:00,143.89862371423496,0.0,0.0,78.65313203133134,0,0,0.49999999999999994,-0.8660254037844387,0,0,1,2.7,0.0
2024-01-02 10:20:00,2024-01-02 10:20:00,136.85743629762823,0.0,0.0,87.84815348728141,0,0,0.49999999999999994,-0.8660254037844387,0,0,1,2.7,0.0
2024-01-02 10:25:00,2024-01-02 10:25:00,134.50274107172572,0.0,0.0,78.83965480226489,0,0,0.49999999999999994,-0.8660254037844387,0,0,1,2.7,0.0
2024-01-02 10:30:00,2024-01-02 10:30:00,140.21923049979426,0.0,0.0,78.40550616847719,0,0,0.49999999999999994,-0.8660254037844387,0,0,1,2.7,0.0
2024-01-02 10:35:00,2024-01-02 10:35:00,134.12213859394407,0.0,0.0,80.12325142322813,0,0,0.49999999999999994,-0.8660254037844387,0,0,1,2.7,0.0
2024-01-02 10:40:00,2024-01-02 10:40:00,131.18559923448177,0.0,0.0,85.58734849633811,0,0,0.49999999999999994,-0.8660254037844387,0,0,1,2.7,0.0
2024-01-02 10:45:00,2024-01-02 10:45:00,139.8088650266273,0.0,0.0,81.5224131197459,0,0,0.49999999999999994,-0.8660254037844387,0,0,1,2.7,0.0
2024-01-02 10:50:00,2024-01-02 10:50:00,133.56843835220138,0.0,0.0,85.82116695774386,0,0,0.49999999999999994,-0.8660254037844387,0,0,1,2.7,0.0
2024-01-02 10:55:00,2024-01-02 10:55:00,129.8060219477855,0.0,0.0,83.38776582811032,0,0,0.49999999999999994,-0.8660254037844387,0,0,1,2.7,0.0
2024-01-02 11:00:00,2024-01-02 11:00:00,134.1937414813649,3.0,30.0,80.17750585013214,100,0,0.258819045102521,-0.9659258262890682,0,0,1,2.7,24.0
2024-01-02 11:05:00,2024-01-02 11:05:00,140.8374241441894,0.0,0.0,78.0410865701503,0,0,0.258819045102521,-0.9659258262890682,0,0,1,2.7,24.0
2024-01-02 11:10:00,2024-01-02 11:10:00,131.80357218196278,0.0,0.0,77.26557596531836,0,0,0.258819045102521,-0.9659258262890682,0,0,1,2.7,24.0
2024-01-02 11:15:00,2024-01-02 11:15:00,129.83838060511155,0.0,0.0,69.87929538505375,0,0,0.258819045102521,-0.9659258262890682,0,0,1,2.7,24.0
2024-01-02 11:20:00,2024-01-02 11:20:00,134.506756323423,0.0,0.0,75.24841635531365,0,0,0.258819045102521,-0.9659258262890682,0,0,1,2.7,24.0
2024-01-02 11:25:00,2024-01-02 11:25:00,140.2238122973864,0.0,0.0,72.18742043598543,0,0,0.258819045102521,-0.9659258262890682,0,0,1,2.7,24.0
2024-01-02 11:30:00,2024-01-02 11:30:00,141.70949794800842,0.0,0.0,87.36232991699492,0,0,0.258819045102521,-0.9659258262890682,0,0,1,2.7,24.0
2024-01-02 11:35:00,2024-01-02 11:35:00,145.6972008735331,0.0,0.0,87.61165973711617,100,0,0.258819045102521,-0.9659258262890682,0,0,1,2.7,24.0
2024-01-02 11:40:00,2024-01-02 11:40:00,140.42068592758724,0.0,0.0,81.43968896706748,0,0,0.258819045102521,-0.9659258262890682,0,0,1,2.7,24.0
2024-01-02 11:45:00,2024-01-02 11:45:00,144.21347180442774,0.0,0.0,84.19583082419196,0,0,0.258819045102521,-0.9659258262890682,0,0,1,2.7,24.0
2024-01-02 11:50:00,2024-01-02 11:50:00,144.10139319469923,0.0,0.0,75.20049039295144,0,0,0.258819045102521,-0.9659258262890682,0,0,1,2.7,24.0
2024-01-02 11:55:00,2024-01-02 11:55:00,159.02728344774528,0.0,0.0,91.33021802859066,100,0,0.258819045102521,-0.9659258262890682,0,0,1,2.7,24.0
2024-01-02 12:00:00,2024-01-02 12:00:00,141.2356964507187,0.0,0.0,79.85875465646897,0,0,1.2246467991473532e-16,-1.0,0,0,1,2.7,24.0
2024-01-02 12:05:00,2024-01-02 12:05:00,146.31818431785268,0.0,0.0,84.99816001478996,0,0,1.2246467991473532e-16,-1.0,0,0,1,2.7,24.0
2024-01-02 12:10:00,2024-01-02 12:10:00,151.2018837174034,0.0,0.0,81.1560808260651,0,0,1.2246467991473532e-16,-1.0,0,0,1,2.7,24.0
2024-01-02 12:15:00,2024-01-02 12:15:00,153.9887690421525,0.0,0.0,75.44088053789315,0,0,1.2246467991473532e-16,-1.0,0,0,1,2.7,24.0
2024-01-02 12:20:00,2024-01-02 12:20:00,158.4742714869073,0.0,0.0,76.9291768742086,0,0,1.2246467991473532e-16,-1.0,0,0,1,2.7,24.0
2024-01-02 12:25:00,2024-01-02 12:25:00,151.37837552623185,0.0,0.0,87.9335164554614,0,0,1.2246467991473532e-16,-1.0,0,0,1,2.7,24.0
2024-01-02 12:30:00,2024-01-02 12:30:00,155.1157886150612,0.0,0.0,80.98874484522369,0,0,1.2246467991473532e-16,-1.0,0,0,1,2.7,24.0
2024-01-02 12:35:00,2024-01-02 12:35:00,149.98535765334327,0.0,0.0,77.9935239279613,0,0,1.2246467991473532e-16,-1.0,0,0,1,2.7,24.0
2024-01-02 12:40:00,2024-01-02 12:40:00,153.37160703425045,0.0,0.0,78.57469743789316,0,0,1.2246467991473532e-16,-1.0,0,0,1,2.7,24.0
2024-01-02 12:45:00,2024-01-02 12:45:00,150.66104667893555,0.0,0.0,72.84321055573098,100,0,1.2246467991473532e-16,-1.0,0,0,1,2.7,24.0
2024-01-02 12:50:00,2024-01-02 12:50:00,151.337253844983,0.0,0.0,83.12067501648941,0,0,1.2246467991473532e-16,-1.0,0,0,1,2.7,24.0
2024-01-02 12:55:00,2024-01-02 12:55:00,151.36486972838506,0.0,0.0,74.77353959763808,0,0,1.2246467991473532e-16,-1.0,0,0,1,2.7,24.0
2024-01-02 13:00:00,2024-01-02 13:00:00,122.51161607804278,0.0,0.0,84.80858209205864,0,0,-0.2588190451025208,-0.9659258262890683,0,0,1,2.7,24.0
2024-01-02 13:05:00,2024-01-02 13:05:00,130.74959240929707,0.0,0.0,75.34409084706195,0,0,-0.2588190451025208,-0.9659258262890683,0,0,1,2.7,24.0
2024-01-02 13:10:00,2024-01-02 13:10:00,139.35127938609972,0.0,0.0,77.70589649649445,0,0,-0.2588190451025208,-0.9659258262890683,0,0,1,2.7,24.0
2024-01-02 13:15:00,2024-01-02 13:15:00,135.1110765741847,0.0,0.0,79.4538626427461,0,0,-0.2588190451025208,-0.9659258262890683,0,0,1,2.7,24.0
2024-01-02 13:20:00,2024-01-02 13:20:00,125.17421288576473,0.0,0.0,84.28996725226207,0,0,-0.2588190451025208,-0.9659258262890683,0,0,1,2.7,24.0
2024-01-02 13:25:00,2024-01-02 13:25:00,127.01755180142126,0.0,0.0,87.85804882259316,0,0,-0.2588190451025208,-0.9659258262890683,0,0,1,2.7,24.0
2024-01-02 13:30:00,2024-01-02 13:30:00,132.73382544427884,0.0,0.0,79.77786270956449,100,0,-0.2588190451025208,-0.9659258262890683,0,0,1,2.7,24.0
2024-01-02 13:35:00,2024-01-02 13:35:00,122.45781761380047,0.0,0.0,88.95461207957159,0,0,-0.2588190451025208,-0.9659258262890683,0,0,1,2.7,24.0
2024-01-02 13:40:00,2024-01-02 13:40:00,122.04630776592967,0.0,0.0,67.8256565533517,0,0,-0.2588190451025208,-0.9659258262890683,0,0,1,2.7,24.0
2024-01-02 13:45:00,2024-01-02 13:45:00,124.42550297471209,0.0,0.0,83.87179100264854,0,0,-0.2588190451025208,-0.9659258262890683,0,0,1,2.7,24.0
2024-01-02 13:50:00,2024-01-02 13:50:00,127.44733216531776,0.0,0.0,82.10079254447251,0,0,-0.2588190451025208,-0.9659258262890683,0,0,1,2.7,24.0
2024-01-02 13:55:00,2024-01-02 13:55:00,127.44736507621366,0.0,0.0,77.27274115034861,0,0,-0.2588190451025208,-0.9659258262890683,0,0,1,2.7,24.0
2024-01-02 14:00:00,2024-01-02 14:00:00,121.62658034435324,0.0,0.0,82.58848645037386,0,0,-0.4999999999999998,-0.8660254037844388,0,0,1,2.7,0.0
2024-01-02 14:05:00,2024-01-02 14:05:00,112.74605473597126,0.0,0.0,82.09495365964281,0,0,-0.4999999999999998,-0.8660254037844388,0,0,1,2.7,0.0
2024-01-02 14:10:00,2024-01-02 14:10:00,125.26078427374934,0.0,0.0,85.59069842946818,0,0,-0.4999999999999998,-0.8660254037844388,0,0,1,2.7,0.0
2024-01-02 14:15:00,2024-01-02 14:15:00,119.38532822737716,0.0,0.0,84.01509008066962,0,0,-0.4999999999999998,-0.8660254037844388,0,0,1,2.7,0.0
2024-01-02 14:20:00,2024-01-02 14:20:00,122.84643622069073,0.0,0.0,83.5839181794191,100,0,-0.4999999999999998,-0.8660254037844388,0,0,1,2.7,0.0
2024-01-02 14:25:00,2024-01-02 14:25:00,133.08060689647291,0.0,0.0,80.62634802049021,0,0,-0.4999999999999998,-0.8660254037844388,0,0,1,2.7,0.0
2024-01-02 14:30:00,2024-01-02 14:30:00,116.28355630853495,0.0,0.0,89.1596325602112,0,0,-0.4999999999999998,-0.8660254037844388,0,0,1,2.7,0.0
2024-01-02 14:35:00,2024-01-02 14:35:00,131.43379998287685,0.0,0.0,76.2844778588262,0,0,-0.4999999999999998,-0.8660254037844388,0,0,1,2.7,0.0
2024-01-02 14:40:00,2024-01-02 14:40:00,127.08223776398228,0.0,0.0,77.71422435718404,0,0,-0.4999999999999998,-0.8660254037844388,0,0,1,2.7,0.0
2024-01-02 14:45:00,2024-01-02 14:45:00,119.52156993354158,0.0,0.0,68.17512037335094,0,0,-0.4999999999999998,-0.8660254037844388,0,0,1,2.7,0.0
2024-01-02 14:50:00,2024-01-02 14:50:00,118.22425414802235,0.0,0.0,71.33632508147193,100,0,-0.4999999999999998,-0.8660254037844388,0,0,1,2.7,0.0
2024-01-02 14:55:00,2024-01-02 14:55:00,121.49202923594089,0.0,0.0,70.10998990919683,0,0,-0.4999999999999998,-0.8660254037844388,0,0,1,2.7,0.0
2024-01-02 15:00:00,2024-01-02 15:00:00,115.39612973039812,0.0,0.0,72.37485960390836,100,0,-0.7071067811865471,-0.7071067811865479,0,0,1,2.7,0.0
2024-01-02 15:05:00,2024-01-02 15:05:00,110.6861086149421,0.0,0.0,79.13964961007014,100,0,-0.7071067811865471,-0.7071067811865479,0,0,1,2.7,0.0
2024-01-02 15:10:00,2024-01-02 15:10:00,124.81403367969759,0.0,0.0,86.97336909029255,0,0,-0.7071067811865471,-0.7071067811865479,0,0,1,2.7,0.0
2024-01-02 15:15:00,2024-01-02 15:15:00,115.82728388595984,0.0,0.0,80.87614342726837,0,0,-0.7071067811865471,-0.7071067811865479,0,0,1,2.7,0.0
2024-01-02 15:20:00,2024-01-02 15:20:00,119.39889365166802,0.0,0.0,76.97638785473143,0,0,-0.7071067811865471,-0.7071067811865479,0,0,1,2.7,0.0
2024-01-02 15:25:00,2024-01-02 15:25:00,120.69670905084342,0.0,0.0,81.92938860922695,0,0,-0.7071067811865471,-0.7071067811865479,0,0,1,2.7,0.0
2024-01-02 15:30:00,2024-01-02 15:30:00,115.83219270718506,0.0,0.0,81.47386915996081,0,0,-0.7071067811865471,-0.7071067811865479,0,0,1,2.7,0.0
2024-01-02 15:35:00,2024-01-02 15:35:00,118.77423460078082,0.0,0.0,78.14841291649626,0,0,-0.7071067811865471,-0.7071067811865479,0,0,1,2.7,0.0
2024-01-02 15:40:00,2024-01-02 15:40:00,121.20081163694024,0.0,0.0,73.70491567031912,100,0,-0.7071067811865471,-0.7071067811865479,0,0,1,2.7,0.0
2024-01-02 15:45:00,2024-01-02 15:45:00,116.50593937487346,0.0,0.0,81.29191964172853,0,0,-0.7071067811865471,-0.7071067811865479,0,0,1,2.7,0.0
2024-01-02 15:50:00,2024-01-02 15:50:00,124.89508430756501,0.0,0.0,84.04301167866905,100,0,-0.7071067811865471,-0.7071067811865479,0,0,1,2.7,0.0
2024-01-02 15:55:00,2024-01-02 15:55:00,128.04853670078955,0.0,0.0,83.74058708134304,0,0,-0.7071067811865471,-0.7071067811865479,0,0,1,2.7,0.0
2024-01-02 16:00:00,2024-01-02 16:00:00,122.48774754022216,7.0,70.0,82.39846522769133,0,0,-0.8660254037844384,-0.5000000000000004,0,0,1,6.3,56.0
2024-01-02 16:05:00,2024-01-02 16:05:00,118.594130847766,0.0,0.0,83.88927730345274,0,0,-0.8660254037844384,-0.5000000000000004,0,0,1,6.3,56.0
2024-01-02 16:10:00,2024-01-02 16:10:00,117.42512318559639,0.0,0.0,81.64968700686119,0,0,-0.8660254037844384,-0.5000000000000004,0,0,1,6.3,56.0
2024-01-02 16:15:00,2024-01-02 16:15:00,122.94999096580125,0.0,0.0,71.19533631143314,0,0,-0.8660254037844384,-0.5000000000000004,0,0,1,6.3,56.0
2024-01-02 16:20:00,2024-01-02 16:20:00,120.97653341476847,0.0,0.0,75.6976327054027,0,0,-0.8660254037844384,-0.5000000000000004,0,0,1,6.3,56.0
2024-01-02 16:25:00,2024-01-02 16:25:00,115.79495515680505,0.0,0.0,72.89727756548211,0,0,-0.8660254037844384,-0.5000000000000004,0,0,1,6.3,56.0
2024-01-02 16:30:00,2024-01-02 16:30:00,128.70950724799235,0.0,0.0,92.05062330375365,0,0,-0.8660254037844384,-0.5000000000000004,0,0,1,6.3,56.0
2024-01-02 16:35:00,2024-01-02 16:35:00,129.85394251010413,0.0,0.0,78.17372527583393,0,0,-0.8660254037844384,-0.5000000000000004,0,0,1,6.3,56.0
2024-01-02 16:40:00,2024-01-02 16:40:00,132.28040235472582,0.0,0.0,71.30288344585125,0,0,-0.8660254037844384,-0.5000000000000004,0,0,1,6.3,56.0
2024-01-02 16:45:00,2024-01-02 16:45:00,132.4450381624248,0.0,0.0,69.62733746256926,0,0,-0.8660254037844384,-0.5000000000000004,0,0,1,6.3,56.0
2024-01-02 16:50:00,2024-01-02 16:50:00,150.839899764337,0.0,0.0,75.51316176917801,0,0,-0.8660254037844384,-0.5000000000000004,0,0,1,6.3,56.0
2024-01-02 16:55:00,2024-01-02 16:55:00,149.87777911459523,0.0,0.0,81.62729174190311,0,0,-0.8660254037844384,-0.5000000000000004,0,0,1,6.3,56.0
2024-01-02 17:00:00,2024-01-02 17:00:00,145.47458872229947,0.0,0.0,86.62919264237622,100,0,-0.9659258262890683,-0.25881904510252063,0,0,1,6.3,56.0
2024-01-02 17:05:00,2024-01-02 17:05:00,162.91775533659109,0.0,0.0,74.99121169392888,0,0,-0.9659258262890683,-0.25881904510252063,0,0,1,6.3,56.0
2024-01-02 17:10:00,2024-01-02 17:10:00,149.77222459751633,0.0,0.0,86.24428500890161,0,0,-0.9659258262890683,-0.25881904510252063,0,0,1,6.3,56.0
2024-01-02 17:15:00,2024-01-02 17:15:00,163.60715455854907,0.0,0.0,72.6222520628749,0,0,-0.9659258262890683,-0.25881904510252063,0,0,1,6.3,56.0
2024-01-02 17:20:00,2024-01-02 17:20:00,168.39438740346415,0.0,0.0,74.06216805049561,0,0,-0.9659258262890683,-0.25881904510252063,0,0,1,6.3,56.0
2024-01-02 17:25:00,2024-01-02 17:25:00,171.61173894163656,0.0,0.0,82.09673798871292,0,0,-0.9659258262890683,-0.25881904510252063,0,0,1,6.3,56.0
2024-01-02 17:30:00,2024-01-02 17:30:00,177.7205901702604,0.0,0.0,77.55742623059534,0,0,-0.9659258262890683,-0.25881904510252063,0,0,1,6.3,56.0
2024-01-02 17:35:00,2024-01-02 17:35:00,170.08301673497883,0.0,0.0,77.88039865639104,0,0,-0.9659258262890683,-0.25881904510252063,0,0,1,6.3,56.0
2024-01-02 17:40:00,2024-01-02 17:40:00,171.39707618911072,0.0,0.0,80.34940681439902,0,0,-0.9659258262890683,-0.25881904510252063,0,0,1,6.3,56.0
2024-01-02 17:45:00,2024-01-02 17:45:00,160.71732431290968,0.0,0.0,77.13701833286015,0,0,-0.9659258262890683,-0.25881904510252063,0,0,1,6.3,56.0
2024-01-02 17:50:00,2024-01-02 17:50:00,160.54055838423815,0.0,0.0,77.14111567712534,0,0,-0.9659258262890683,-0.25881904510252063,0,0,1,6.3,56.0
2024-01-02 17:55:00,2024-01-02 17:55:00,148.1868287834526,0.0,0.0,73.64993546381824,0,0,-0.9659258262890683,-0.25881904510252063,0,0,1,6.3,56.0
2024-01-02 18:00:00,2024-01-02 18:00:00,152.35031166759208,0.0,0.0,70.12932829478659,0,0,-1.0,-1.8369701987210297e-16,0,0,1,6.3,56.0
2024-01-02 18:05:00,2024-01-02 18:05:00,137.83227414844322,0.0,0.0,74.73698444006658,0,0,-1.0,-1.8369701987210297e-16,0,0,1,6.3,56.0
2024-01-02 18:10:00,2024-01-02 18:10:00,130.9746713546366,0.0,0.0,80.64892336713469,0,0,-1.0,-1.8369701987210297e-16,0,0,1,6.3,56.0
2024-01-02 18:15:00,2024-01-02 18:15:00,134.8535089150323,0.0,0.0,80.95471917031794,0,0,-1.0,-1.8369701987210297e-16,0,0,1,6.3,56.0
2024-01-02 18:20:00,2024-01-02 18:20:00,126.84650931470085,0.0,0.0,76.09344854957784,0,0,-1.0,-1.8369701987210297e-16,0,0,1,6.3,56.0
2024-01-02 18:25:00,2024-01-02 18:25:00,121.39702744462143,0.0,0.0,79.60331015512456,0,0,-1.0,-1.8369701987210297e-16,0,0,1,6.3,56.0
2024-01-02 18:30:00,2024-01-02 18:30:00,123.939177897438,0.0,0.0,78.77000410454212,0,0,-1.0,-1.8369701987210297e-16,0,0,1,6.3,56.0
2024-01-02 18:35:00,2024-01-02 18:35:00,120.90103775817317,0.0,0.0,75.86154770928486,0,0,-1.0,-1.8369701987210297e-16,0,0,1,6.3,56.0
2024-01-02 18:40:00,2024-01-02 18:40:00,115.86203395861958,0.0,0.0,79.32481083351259,0,0,-1.0,-1.8369701987210297e-16,0,0,1,6.3,56.0
2024-01-02 18:45:00,2024-01-02 18:45:00,105.77853442792917,0.0,0.0,78.9384024235001,0,0,-1.0,-1.8369701987210297e-16,0,0,1,6.3,56.0
2024-01-02 18:50:00,2024-01-02 18:50:00,121.06233291227156,0.0,0.0,87.18422780715673,0,0,-1.0,-1.8369701987210297e-16,0,0,1,6.3,56.0
2024-01-02 18:55:00,2024-01-02 18:55:00,119.18174325563092,0.0,0.0,75.92453578374216,0,0,-1.0,-1.8369701987210297e-16,0,0,1,6.3,56.0
2024-01-02 19:00:00,2024-01-02 19:00:00,116.31972981127706,0.0,0.0,84.8406518456583,0,0,-0.9659258262890684,0.2588190451025203,0,0,1,6.3,0.0
2024-01-02 19:05:00,2024-01-02 19:05:00,118.14588519553111,0.0,0.0,83.85635478752016,100,0,-0.9659258262890684,0.2588190451025203,0,0,1,6.3,0.0
2024-01-02 19:10:00,2024-01-02 19:10:00,122.53309770010438,0.0,0.0,83.07007957876607,0,0,-0.9659258262890684,0.2588190451025203,0,0,1,6.3,0.0
2024-01-02 19:15:00,2024-01-02 19:15:00,113.72312181143565,0.0,0.0,80.84245112255518,100,0,-0.9659258262890684,0.2588190451025203,0,0,1,6.3,0.0
2024-01-02 19:20:00,2024-01-02 19:20:00,116.03982962453752,0.0,0.0,84.62372303869296,0,0,-0.9659258262890684,0.2588190451025203,0,0,1,6.3,0.0
2024-01-02 19:25:00,2024-01-02 19:25:00,119.00353087699393,0.0,0.0,75.58691488819076,0,0,-0.9659258262890684,0.2588190451025203,0,0,1,6.3,0.0
2024-01-02 19:30:00,2024-01-02 19:30:00,113.38499171594844,0.0,0.0,75.4143100665139,0,0,-0.9659258262890684,0.2588190451025203,0,0,1,6.3,0.0
2024-01-02 19:35:00,2024-01-02 19:35:00,114.98982115255822,0.0,0.0,74.86653628062298,0,0,-0.9659258262890684,0.2588190451025203,0,0,1,6.3,0.0
2024-01-02 19:40:00,2024-01-02 19:40:00,117.24165547184528,0.0,0.0,76.37074378474439,0,0,-0.9659258262890684,0.2588190451025203,0,0,1,6.3,0.0
2024-01-02 19:45:00,2024-01-02 19:45:00,116.05133004891741,0.0,0.0,80.31969627624967,100,0,-0.9659258262890684,0.2588190451025203,0,0,1,6.3,0.0
2024-01-02 19:50:00,2024-01-02 19:50:00,118.55833503867757,0.0,0.0,86.08468098686654,0,0,-0.9659258262890684,0.2588190451025203,0,0,1,6.3,0.0
2024-01-02 19:55:00,2024-01-02 19:55:00,110.4048892389003,0.0,0.0,78.8320258679069,0,0,-0.9659258262890684,0.2588190451025203,0,0,1,6.3,0.0
2024-01-02 20:00:00,2024-01-02 20:00:00,124.38110814481993,0.0,0.0,84.08907393059742,0,0,-0.8660254037844386,0.5000000000000001,0,0,1,6.3,0.0
2024-01-02 20:05:00,2024-01-02 20:05:00,119.68458852443139,0.0,0.0,82.99280052776261,0,0,-0.8660254037844386,0.5000000000000001,0,0,1,6.3,0.0
2024-01-02 20:10:00,2024-01-02 20:10:00,108.26051287779224,0.0,0.0,79.01828164996981,0,0,-0.8660254037844386,0.5000000000000001,0,0,1,6.3,0.0
2024-01-02 20:15:00,2024-01-02 20:15:00,113.57096123511984,0.0,0.0,88.54425939103946,0,0,-0.8660254037844386,0.5000000000000001,0,0,1,6.3,0.0
2024-01-02 20:20:00,2024-01-02 20:20:00,116.8336368662716,0.0,0.0,84.15075479317102,0,0,-0.8660254037844386,0.5000000000000001,0,0,1,6.3,0.0
2024-01-02 20:25:00,2024-01-02 20:25:00,118.79004736007198,0.0,0.0,84.12646921221112,0,0,-0.8660254037844386,0.5000000000000001,0,0,1,6.3,0.0
2024-01-02 20:30:00,2024-01-02 20:30:00,119.24899878146027,0.0,0.0,85.02487523573504,0,0,-0.8660254037844386,0.5000000000000001,0,0,1,6.3,0.0
2024-01-02 20:35:00,2024-01-02 20:35:00,123.67262963496492,0.0,0.0,71.70174556035296,0,0,-0.8660254037844386,0.5000000000000001,0,0,1,6.3,0.0
2024-01-02 20:40:00,2024-01-02 20:40:00,113.44578041294582,0.0,0.0,86.64877360940739,0,0,-0.8660254037844386,0.5000000000000001,0,0,1,6.3,0.0
2024-01-02 20:45:00,2024-01-02 20:45:00,114.63039666602705,0.0,0.0,82.03465983578361,0,0,-0.8660254037844386,0.5000000000000001,0,0,1,6.3,0.0
2024-01-02 20:50:00,2024-01-02 20:50:00,120.15286251828378,0.0,0.0,77.70146540741067,0,0,-0.8660254037844386,0.5000000000000001,0,0,1,6.3,0.0
2024-01-02 20:55:00,2024-01-02 20:55:00,107.63547987143284,0.0,0.0,79.01783243923985,0,0,-0.8660254037844386,0.5000000000000001,0,0,1,6.3,0.0
2024-01-02 21:00:00,2024-01-02 21:00:00,122.07814823016402,7.0,70.0,72.35836089433249,0,0,-0.7071067811865477,0.7071067811865474,0,0,1,6.3,56.0
2024-01-02 21:05:00,2024-01-02 21:05:00,127.12512102365211,0.0,0.0,73.28174399003265,0,0,-0.7071067811865477,0.7071067811865474,0,0,1,6.3,56.0
2024-01-02 21:10:00,2024-01-02 21:10:00,126.7208443592188,0.0,0.0,82.89359450961031,0,0,-0.7071067811865477,0.7071067811865474,0,0,1,6.3,56.0
2024-01-02 21:15:00,2024-01-02 21:15:00,123.20434052848921,0.0,0.0,70.23902338368782,0,0,-0.7071067811865477,0.7071067811865474,0,0,1,6.3,56.0
2024-01-02 21:20:00,2024-01-02 21:20:00,109.90199735873489,0.0,0.0,80.01084106116839,0,0,-0.7071067811865477,0.7071067811865474,0,0,1,6.3,56.0
2024-01-02 21:25:00,2024-01-02 21:25:00,122.44206334171074,0.0,0.0,73.95797813186186,0,0,-0.7071067811865477,0.7071067811865474,0,0,1,6.3,56.0
2024-01-02 21:30:00,2024-01-02 21:30:00,124.75473447234481,0.0,0.0,75.9396082811742,0,0,-0.7071067811865477,0.7071067811865474,0,0,1,6.3,56.0
2024-01-02 21:35:00,2024-01-02 21:35:00,129.5527584153558,0.0,0.0,85.57898698717808,0,0,-0.7071067811865477,0.7071067811865474,0,0,1,6.3,56.0
2024-01-02 21:40:00,2024-01-02 21:40:00,136.8671562125966,0.0,0.0,86.14958643246082,0,0,-0.7071067811865477,0.7071067811865474,0,0,1,6.3,56.0
2024-01-02 21:45:00,2024-01-02 21:45:00,136.71658232718386,0.0,0.0,77.30528951018564,0,0,-0.7071067811865477,0.7071067811865474,0,0,1,6.3,56.0
2024-01-02 21:50:00,2024-01-02 21:50:00,143.68813656325523,0.0,0.0,85.49695432994017,0,0,-0.7071067811865477,0.7071067811865474,0,0,1,6.3,56.0
2024-01-02 21:55:00,2024-01-02 21:55:00,154.84691416401552,0.0,0.0,82.90532389719326,0,0,-0.7071067811865477,0.7071067811865474,0,0,1,6.3,56.0
2024-01-02 22:00:00,2024-01-02 22:00:00,157.93674152458684,0.0,0.0,77.09449243355371,0,0,-0.5000000000000004,0.8660254037844384,0,0,1,6.3,56.0
2024-01-02 22:05:00,2024-01-02 22:05:00,162.29849908770183,0.0,0.0,84.13070625499046,0,0,-0.5000000000000004,0.8660254037844384,0,0,1,6.3,56.0
2024-01-02 22:10:00,2024-01-02 22:10:00,166.17781855623173,0.0,0.0,74.75500493488457,0,0,-0.5000000000000004,0.8660254037844384,0,0,1,6.3,56.0
2024-01-02 22:15:00,2024-01-02 22:15:00,179.78198861639981,0.0,0.0,80.86375965237227,0,0,-0.5000000000000004,0.8660254037844384,0,0,1,6.3,56.0
2024-01-02 22:20:00,2024-01-02 22:20:00,187.29460363968798,0.0,0.0,83.81184611438601,0,0,-0.5000000000000004,0.8660254037844384,0,0,1,6.3,56.0
2024-01-02 22:25:00,2024-01-02 22:25:00,178.234020317226,0.0,0.0,80.28429492438433,0,0,-0.5000000000000004,0.8660254037844384,0,0,1,6.3,56.0
2024-01-02 22:30:00,2024-01-02 22:30:00,180.55043120457373,0.0,0.0,77.5644229604115,0,0,-0.5000000000000004,0.8660254037844384,0,0,1,6.3,56.0
2024-01-02 22:35:00,2024-01-02 22:35:00,188.15006061424452,0.0,0.0,75.78871012722544,0,0,-0.5000000000000004,0.8660254037844384,0,0,1,6.3,56.0
2024-01-02 22:40:00,2024-01-02 22:40:00,174.60448817126354,0.0,0.0,73.33826471203557,100,0,-0.5000000000000004,0.8660254037844384,0,0,1,6.3,56.0
2024-01-02 22:45:00,2024-01-02 22:45:00,172.2530024283384,0.0,0.0,85.3797958063021,0,0,-0.5000000000000004,0.8660254037844384,0,0,1,6.3,56.0
2024-01-02 22:50:00,2024-01-02 22:50:00,165.19326125214013,0.0,0.0,80.72413234297832,0,0,-0.5000000000000004,0.8660254037844384,0,0,1,6.3,56.0
2024-01-02 22:55:00,2024-01-02 22:55:00,152.2760421400011,0.0,0.0,76.66572566814838,100,0,-0.5000000000000004,0.8660254037844384,0,0,1,6.3,56.0
2024-01-02 23:00:00,2024-01-02 23:00:00,150.48493645015498,0.0,0.0,75.47128963462657,0,0,-0.25881904510252157,0.9659258262890681,0,0,1,6.3,56.0
2024-01-02 23:05:00,2024-01-02 23:05:00,149.690349094992,0.0,0.0,78.8799622093122,0,0,-0.25881904510252157,0.9659258262890681,0,0,1,6.3,56.0
2024-01-02 23:10:00,2024-01-02 23:10:00,146.80961237387152,0.0,0.0,77.91410704309435,0,0,-0.25881904510252157,0.9659258262890681,0,0,1,6.3,56.0
2024-01-02 23:15:00,2024-01-02 23:15:00,141.4107925781993,0.0,0.0,86.53927632319899,0,0,-0.25881904510252157,0.9659258262890681,0,0,1,6.3,56.0
2024-01-02 23:20:00,2024-01-02 23:20:00,136.68389128886656,0.0,0.0,81.39078714351353,100,0,-0.25881904510252157,0.9659258262890681,0,0,1,6.3,56.0
2024-01-02 23:25:00,2024-01-02 23:25:00,133.45806100849137,0.0,0.0,78.62726796434065,0,0,-0.25881904510252157,0.9659258262890681,0,0,1,6.3,56.0
2024-01-02 23:30:00,2024-01-02 23:30:00,143.4411067944102,0.0,0.0,84.38863757356799,0,0,-0.25881904510252157,0.9659258262890681,0,0,1,6.3,56.0
2024-01-02 23:35:00,2024-01-02 23:35:00,126.38825260878319,0.0,0.0,88.76837812712651,0,0,-0.25881904510252157,0.9659258262890681,0,0,1,6.3,56.0
2024-01-02 23:40:00,2024-01-02 23:40:00,128.85980411247354,0.0,0.0,82.58478760817667,0,0,-0.25881904510252157,0.9659258262890681,0,0,1,6.3,56.0
2024-01-02 23:45:00,2024-01-02 23:45:00,121.46508357480485,0.0,0.0,74.91873373587329,100,0,-0.25881904510252157,0.9659258262890681,0,0,1,6.3,56.0
2024-01-02 23:50:00,2024-01-02 23:50:00,118.72129158609818,0.0,0.0,81.35342639796518,0,0,-0.25881904510252157,0.9659258262890681,0,0,1,6.3,56.0
2024-01-02 23:55:00,2024-01-02 23:55:00,125.59161569437391,0.0,0.0,77.43389954923245,0,0,-0.25881904510252157,0.9659258262890681,0,0,1,6.3,56.0
2024-01-03 00:00:00,2024-01-03 00:00:00,126.93410156355182,0.0,0.0,82.66980823799422,0,0,0.0,1.0,0,0,1,6.3,0.0
2024-01-03 00:05:00,2024-01-03 00:05:00,129.6566951095683,0.0,0.0,82.80857108082999,0,0,0.0,1.0,0,0,1,6.3,0.0
2024-01-03 00:10:00,2024-01-03 00:10:00,125.91337978710554,0.0,0.0,89.13052999235742,0,0,0.0,1.0,0,0,1,6.3,0.0
2024-01-03 00:15:00,2024-01-03 00:15:00,136.75148326007738,0.0,0.0,67.4769754612317,0,0,0.0,1.0,0,0,1,6.3,0.0
2024-01-03 00:20:00,2024-01-03 00:20:00,129.88230335488402,0.0,0.0,78.0741299007509,0,0,0.0,1.0,0,0,1,6.3,0.0
2024-01-03 00:25:00,2024-01-03 00:25:00,125.28112792946666,0.0,0.0,79.33836319155417,0,0,0.0,1.0,0,0,1,6.3,0.0
2024-01-03 00:30:00,2024-01-03 00:30:00,128.7103364952229,0.0,0.0,79.64747283058698,0,0,0.0,1.0,0,0,1,6.3,0.0
2024-01-03 00:35:00,2024-01-03 00:35:00,129.78280060535246,0.0,0.0,69.6809501164128,0,0,0.0,1.0,0,0,1,6.3,0.0
2024-01-03 00:40:00,2024-01-03 00:40:00,128.25973802229817,0.0,0.0,81.37487510380738,0,0,0.0,1.0,0,0,1,6.3,0.0
2024-01-03 00:45:00,2024-01-03 00:45:00,128.4023578720916,0.0,0.0,77.02652108170643,0,0,0.0,1.0,0,0,1,6.3,0.0
2024-01-03 00:50:00,2024-01-03 00:50:00,139.19185608314154,0.0,0.0,77.80676968039369,0,0,0.0,1.0,0,0,1,6.3,0.0
2024-01-03 00:55:00,2024-01-03 00:55:00,126.62040669202825,0.0,0.0,80.62906421014507,0,0,0.0,1.0,0,0,1,6.3,0.0
2024-01-03 01:00:00,2024-01-03 01:00:00,137.65070861950514,0.0,0.0,81.46710183468075,0,0,0.25881904510252074,0.9659258262890683,0,0,1,6.3,0.0
2024-01-03 01:05:00,2024-01-03 01:05:00,136.74921061280205,0.0,0.0,83.63826339655732,0,0,0.25881904510252074,0.9659258262890683,0,0,1,6.3,0.0
2024-01-03 01:10:00,2024-01-03 01:10:00,139.47562758529628,0.0,0.0,88.46801943259587,0,0,0.25881904510252074,0.9659258262890683,0,0,1,6.3,0.0
2024-01-03 01:15:00,2024-01-03 01:15:00,139.52802777213984,0.0,0.0,80.61347474594632,0,0,0.25881904510252074,0.9659258262890683,0,0,1,6.3,0.0
2024-01-03 01:20:00,2024-01-03 01:20:00,133.20290972142482,0.0,0.0,73.86903038369707,0,0,0.25881904510252074,0.9659258262890683,0,0,1,6.3,0.0
2024-01-03 01:25:00,2024-01-03 01:25:00,136.0290042997584,0.0,0.0,73.12888006918908,0,0,0.25881904510252074,0.9659258262890683,0,0,1,6.3,0.0
2024-01-03 01:30:00,2024-01-03 01:30:00,138.20061453340196,0.0,0.0,82.13056673302606,0,0,0.25881904510252074,0.9659258262890683,0,0,1,6.3,0.0
2024-01-03 01:35:00,2024-01-03 01:35:00,143.02820509176422,0.0,0.0,76.90691888026036,0,0,0.25881904510252074,0.9659258262890683,0,0,1,6.3,0.0
2024-01-03 01:40:00,2024-01-03 01:40:00,127.809153039721,0.0,0.0,82.3520882454113,0,0,0.25881904510252074,0.9659258262890683,0,0,1,6.3,0.0
2024-01-03 01:45:00,2024-01-03 01:45:00,138.04180954090876,0.0,0.0,81.32935645181095,0,0,0.25881904510252074,0.9659258262890683,0,0,1,6.3,0.0
2024-01-03 01:50:00,2024-01-03 01:50:00,130.97919720286652,0.0,0.0,81.38763487845888,0,0,0.25881904510252074,0.9659258262890683,0,0,1,6.3,0.0
2024-01-03 01:55:00,2024-01-03 01:55:00,129.6669906354941,0.0,0.0,73.38588023309269,0,0,0.25881904510252074,0.9659258262890683,0,0,1,6.3,0.0
2024-01-03 02:00:00,2024-01-03 02:00:00,128.03670524918564,5.0,50.0,68.12685307208207,0,0,0.49999999999999994,0.8660254037844387,0,0,1,4.5,40.0
2024-01-03 02:05:00,2024-01-03 02:05:00,130.81691906891103,0.0,0.0,82.63545206865638,0,0,0.49999999999999994,0.8660254037844387,0,0,1,4.5,40.0
2024-01-03 02:10:00,2024-01-03 02:10:00,145.24756969190523,0.0,0.0,80.2172943244386,0,0,0.49999999999999994,0.8660254037844387,0,0,1,4.5,40.0
2024-01-03 02:15:00,2024-01-03 02:15:00,142.01133493496215,0.0,0.0,72.46619013761705,0,0,0.49999999999999994,0.8660254037844387,0,0,1,4.5,40.0
2024-01-03 02:20:00,2024-01-03 02:20:00,147.90819010541043,0.0,0.0,87.46591560154363,0,0,0.49999999999999994,0.8660254037844387,0,0,1,4.5,40.0
2024-01-03 02:25:00,2024-01-03 02:25:00,143.33333738769807,0.0,0.0,74.90690040221573,0,0,0.49999999999999994,0.8660254037844387,0,0,1,4.5,40.0
2024-01-03 02:30:00,2024-01-03 02:30:00,150.39335404597193,0.0,0.0,81.94109523580595,0,0,0.49999999999999994,0.8660254037844387,0,0,1,4.5,40.0
2024-01-03 02:35:00,2024-01-03 02:35:00,149.9943235665196,0.0,0.0,91.44578175118971,0,0,0.49999999999999994,0.8660254037844387,0,0,1,4.5,40.0
2024-01-03 02:40:00,2024-01-03 02:40:00,146.81405128581005,0.0,0.0,77.54947557249949,0,0,0.49999999999999994,0.8660254037844387,0,0,1,4.5,40.0
2024-01-03 02:45:00,2024-01-03 02:45:00,146.39199003569428,0.0,0.0,83.58205148363996,0,0,0.49999999999999994,0.8660254037844387,0,0,1,4.5,40.0
2024-01-03 02:50:00,2024-01-03 02:50:00,160.76002341636595,0.0,0.0,80.0632091345534,0,0,0.49999999999999994,0.8660254037844387,0,0,1,4.5,40.0
2024-01-03 02:55:00,2024-01-03 02:55:00,154.29968641575144,0.0,0.0,90.08560599468149,0,0,0.49999999999999994,0.8660254037844387,0,0,1,4.5,40.0
2024-01-03 03:00:00,2024-01-03 03:00:00,161.6977047838183,0.0,0.0,79.1729259132732,0,0,0.7071067811865475,0.7071067811865476,0,0,1,4.5,40.0
2024-01-03 03:05:00,2024-01-03 03:05:00,175.00924437351037,0.0,0.0,84.04868424775293,0,0,0.7071067811865475,0.7071067811865476,0,0,1,4.5,40.0
2024-01-03 03:10:00,2024-01-03 03:10:00,176.984028522047,0.0,0.0,78.3069542077802,0,0,0.7071067811865475,0.7071067811865476,0,0,1,4.5,40.0
2024-01-03 03:15:00,2024-01-03 03:15:00,180.78569007860085,0.0,0.0,86.54877229413064,0,0,0.7071067811865475,0.7071067811865476,0,0,1,4.5,40.0
2024-01-03 03:20:00,2024-01-03 03:20:00,173.66198619433288,0.0,0.0,79.8439348633296,0,0,0.7071067811865475,0.7071067811865476,0,0,1,4.5,40.0
2024-01-03 03:25:00,2024-01-03 03:25:00,169.98770150563172,0.0,0.0,80.67206658590509,0,0,0.7071067811865475,0.7071067811865476,0,0,1,4.5,40.0
2024-01-03 03:30:00,2024-01-03 03:30:00,191.34697489456457,0.0,0.0,74.33976052285769,0,0,0.7071067811865475,0.7071067811865476,0,0,1,4.5,40.0
2024-01-03 03:35:00,2024-01-03 03:35:00,172.2675089107834,0.0,0.0,93.56768485860985,0,0,0.7071067811865475,0.7071067811865476,0,0,1,4.5,40.0
2024-01-03 03:40:00,2024-01-03 03:40:00,184.32407319002775,0.0,0.0,79.86925247773196,0,0,0.7071067811865475,0.7071067811865476,0,0,1,4.5,40.0
2024-01-03 03:45:00,2024-01-03 03:45:00,176.3122659731184,0.0,0.0,77.77424174166882,0,0,0.7071067811865475,0.7071067811865476,0,0,1,4.5,40.0
2024-01-03 03:50:00,2024-01-03 03:50:00,171.1459912916694,0.0,0.0,87.63428057416186,100,0,0.7071067811865475,0.7071067811865476,0,0,1,4.5,40.0
2024-01-03 03:55:00,2024-01-03 03:55:00,174.59724498003754,0.0,0.0,80.34789567948363,0,0,0.7071067811865475,0.7071067811865476,0,0,1,4.5,40.0
2024-01-03 04:00:00,2024-01-03 04:00:00,170.17623754576795,0.0,0.0,78.19540358798949,0,0,0.8660254037844386,0.5000000000000001,0,0,1,4.5,40.0
2024-01-03 04:05:00,2024-01-03 04:05:00,149.28668163168828,0.0,0.0,73.42547906540207,0,0,0.8660254037844386,0.5000000000000001,0,0,1,4.5,40.0
2024-01-03 04:10:00,2024-01-03 04:10:00,161.7770527312142,0.0,0.0,82.89295050390835,0,0,0.8660254037844386,0.5000000000000001,0,0,1,4.5,40.0
2024-01-03 04:15:00,2024-01-03 04:15:00,153.43047198245299,0.0,0.0,72.14026991910072,0,0,0.8660254037844386,0.5000000000000001,0,0,1,4.5,40.0
2024-01-03 04:20:00,2024-01-03 04:20:00,156.5841497706682,0.0,0.0,83.4677311093396,0,0,0.8660254037844386,0.5000000000000001,0,0,1,4.5,40.0
2024-01-03 04:25:00,2024-01-03 04:25:00,153.79841140850323,0.0,0.0,78.53534139486848,0,0,0.8660254037844386,0.5000000000000001,0,0,1,4.5,40.0
2024-01-03 04:30:00,2024-01-03 04:30:00,157.34672408604007,0.0,0.0,66.35080871203996,0,0,0.8660254037844386,0.5000000000000001,0,0,1,4.5,40.0
2024-01-03 04:35:00,2024-01-03 04:35:00,147.58807899599765,0.0,0.0,78.16565012460484,0,0,0.8660254037844386,0.5000000000000001,0,0,1,4.5,40.0
2024-01-03 04:40:00,2024-01-03 04:40:00,147.9856292798562,0.0,0.0,79.91191405380229,0,0,0.8660254037844386,0.5000000000000001,0,0,1,4.5,40.0
2024-01-03 04:45:00,2024-01-03 04:45:00,145.11876457596293,0.0,0.0,83.911374124587,0,0,0.8660254037844386,0.5000000000000001,0,0,1,4.5,40.0
2024-01-03 04:50:00,2024-01-03 04:50:00,147.2727358340192,0.0,0.0,69.16195649554112,0,0,0.8660254037844386,0.5000000000000001,0,0,1,4.5,40.0
2024-01-03 04:55:00,2024-01-03 04:55:00,151.51390962113967,0.0,0.0,75.74259229459605,0,0,0.8660254037844386,0.5000000000000001,0,0,1,4.5,40.0
2024-01-03 05:00:00,2024-01-03 05:00:00,136.66606279564937,0.0,0.0,76.52873404314937,0,0,0.9659258262890683,0.25881904510252074,0,0,1,4.5,0.0
2024-01-03 05:05:00,2024-01-03 05:05:00,145.8505199637009,0.0,0.0,72.86907185423627,0,0,0.9659258262890683,0.25881904510252074,0,0,1,4.5,0.0
2024-01-03 05:10:00,2024-01-03 05:10:00,141.19940513445167,0.0,0.0,71.28173971830459,0,0,0.9659258262890683,0.25881904510252074,0,0,1,4.5,0.0
2024-01-03 05:15:00,2024-01-03 05:15:00,155.362245758611,0.0,0.0,85.47510410968898,0,0,0.9659258262890683,0.25881904510252074,0,0,1,4.5,0.0
2024-01-03 05:20:00,2024-01-03 05:20:00,136.79059913097473,0.0,0.0,78.08678035913964,0,0,0.9659258262890683,0.25881904510252074,0,0,1,4.5,0.0
2024-01-03 05:25:00,2024-01-03 05:25:00,138.67389204680833,0.0,0.0,82.02013455856623,0,0,0.9659258262890683,0.25881904510252074,0,0,1,4.5,0.0
2024-01-03 05:30:00,2024-01-03 05:30:00,148.8424967706016,0.0,0.0,74.11666606466947,0,0,0.9659258262890683,0.25881904510252074,0,0,1,4.5,0.0
2024-01-03 05:35:00,2024-01-03 05:35:00,147.5392154525056,0.0,0.0,76.6818875539265,0,0,0.9659258262890683,0.25881904510252074,0,0,1,4.5,0.0
2024-01-03 05:40:00,2024-01-03 05:40:00,144.80136760999662,0.0,0.0,81.84960054671602,0,0,0.9659258262890683,0.25881904510252074,0,0,1,4.5,0.0
2024-01-03 05:45:00,2024-01-03 05:45:00,147.00490367464502,0.0,0.0,85.93716989919655,0,0,0.9659258262890683,0.25881904510252074,0,0,1,4.5,0.0
2024-01-03 05:50:00,2024-01-03 05:50:00,140.85649190837927,0.0,0.0,85.52563959212314,0,0,0.9659258262890683,0.25881904510252074,0,0,1,4.5,0.0
2024-01-03 05:55:00,2024-01-03 05:55:00,145.40901796909534,0.0,0.0,90.18624145672057,0,0,0.9659258262890683,0.25881904510252074,0,0,1,4.5,0.0
2024-01-03 06:00:00,2024-01-03 06:00:00,146.57200699540962,0.0,0.0,77.87823334323139,0,0,1.0,6.123233995736766e-17,0,0,1,4.5,0.0
2024-01-03 06:05:00,2024-01-03 06:05:00,140.4942768954615,0.0,0.0,75.43261235347275,0,0,1.0,6.123233995736766e-17,0,0,1,4.5,0.0
2024-01-03 06:10:00,2024-01-03 06:10:00,153.35556697940174,0.0,0.0,83.23382042350106,0,0,1.0,6.123233995736766e-17,0,0,1,4.5,0.0
2024-01-03 06:15:00,2024-01-03 06:15:00,152.44113623885292,0.0,0.0,78.59955699217998,100,0,1.0,6.123233995736766e-17,0,0,1,4.5,0.0
2024-01-03 06:20:00,2024-01-03 06:20:00,140.09901637565784,0.0,0.0,79.68947197574931,0,0,1.0,6.123233995736766e-17,0,0,1,4.5,0.0
2024-01-03 06:25:00,2024-01-03 06:25:00,128.767764280497,0.0,0.0,83.98407860582643,0,0,1.0,6.123233995736766e-17,0,0,1,4.5,0.0
2024-01-03 06:30:00,2024-01-03 06:30:00,154.71023290979744,0.0,0.0,83.19199381145873,0,0,1.0,6.123233995736766e-17,0,0,1,4.5,0.0
2024-01-03 06:35:00,2024-01-03 06:35:00,144.3307120252041,0.0,0.0,77.63641093773309,0,0,1.0,6.123233995736766e-17,0,0,1,4.5,0.0
2024-01-03 06:40:00,2024-01-03 06:40:00,143.3430078148945,0.0,0.0,81.72654812503576,0,0,1.0,6.123233995736766e-17,0,0,1,4.5,0.0
2024-01-03 06:45:00,2024-01-03 06:45:00,157.19067053772991,0.0,0.0,71.60741479054828,0,0,1.0,6.123233995736766e-17,0,0,1,4.5,0.0
2024-01-03 06:50:00,2024-01-03 06:50:00,149.96549409029225,0.0,0.0,80.23297778141327,0,0,1.0,6.123233995736766e-17,0,0,1,4.5,0.0
2024-01-03 06:55:00,2024-01-03 06:55:00,149.4770967492031,0.0,0.0,79.4037339317254,0,0,1.0,6.123233995736766e-17,0,0,1,4.5,0.0
2024-01-03 07:00:00,2024-01-03 07:00:00,144.5225810825033,7.0,70.0,77.37116129757739,0,0,0.9659258262890683,-0.25881904510252063,0,0,1,6.3,56.0
2024-01-03 07:05:00,2024-01-03 07:05:00,140.19533991843812,0.0,0.0,86.79681961136237,0,0,0.9659258262890683,-0.25881904510252063,0,0,1,6.3,56.0
2024-01-03 07:10:00,2024-01-03 07:10:00,151.6894150487525,0.0,0.0,84.10607831451772,100,0,0.9659258262890683,-0.25881904510252063,0,0,1,6.3,56.0
2024-01-03 07:15:00,2024-01-03 07:15:00,145.71462776841508,0.0,0.0,76.85307858077637,0,0,0.9659258262890683,-0.25881904510252063,0,0,1,6.3,56.0
2024-01-03 07:20:00,2024-01-03 07:20:00,150.8891476243949,0.0,0.0,82.82141092765181,0,0,0.9659258262890683,-0.25881904510252063,0,0,1,6.3,56.0
2024-01-03 07:25:00,2024-01-03 07:25:00,150.036813490956,0.0,0.0,81.20371294428601,0,0,0.9659258262890683,-0.25881904510252063,0,0,1,6.3,56.0
2024-01-03 07:30:00,2024-01-03 07:30:00,154.49221731321032,0.0,0.0,81.9159327586739,100,0,0.9659258262890683,-0.25881904510252063,0,0,1,6.3,56.0
2024-01-03 07:35:00,2024-01-03 07:35:00,156.99159332854205,0.0,0.0,77.18253629166091,0,0,0.9659258262890683,-0.25881904510252063,0,0,1,6.3,56.0
2024-01-03 07:40:00,2024-01-03 07:40:00,167.10682265928074,0.0,0.0,80.39676524453581,0,0,0.9659258262890683,-0.25881904510252063,0,0,1,6.3,56.0
2024-01-03 07:45:00,2024-01-03 07:45:00,162.8594183732063,0.0,0.0,74.50115009825615,0,0,0.9659258262890683,-0.25881904510252063,0,0,1,6.3,56.0
2024-01-03 07:50:00,2024-01-03 07:50:00,164.32828754170666,0.0,0.0,96.41530549141771,0,0,0.9659258262890683,-0.25881904510252063,0,0,1,6.3,56.0
2024-01-03 07:55:00,2024-01-03 07:55:00,177.21423008060825,0.0,0.0,82.65772487036493,0,0,0.9659258262890683,-0.25881904510252063,0,0,1,6.3,56.0
2024-01-03 08:00:00,2024-01-03 08:00:00,172.65712216041126,0.0,0.0,82.5902114180921,0,0,0.8660254037844387,-0.49999999999999983,0,0,1,6.3,56.0
2024-01-03 08:05:00,2024-01-03 08:05:00,183.64242086580455,0.0,0.0,86.11496270719381,0,0,0.8660254037844387,-0.49999999999999983,0,0,1,6.3,56.0
2024-01-03 08:10:00,2024-01-03 08:10:00,194.53274343571172,0.0,0.0,84.42749888858431,100,0,0.8660254037844387,-0.49999999999999983,0,0,1,6.3,56.0
2024-01-03 08:15:00,2024-01-03 08:15:00,188.71862395611382,0.0,0.0,80.00161746831614,0,0,0.8660254037844387,-0.49999999999999983,0,0,1,6.3,56.0
2024-01-03 08:20:00,2024-01-03 08:20:00,204.2954202664135,0.0,0.0,79.4616295973962,0,0,0.8660254037844387,-0.49999999999999983,0,0,1,6.3,56.0
2024-01-03 08:25:00,2024-01-03 08:25:00,190.89260718028513,0.0,0.0,67.38861876776717,0,0,0.8660254037844387,-0.49999999999999983,0,0,1,6.3,56.0
2024-01-03 08:30:00,2024-01-03 08:30:00,199.67966312808068,0.0,0.0,86.05871508311745,0,0,0.8660254037844387,-0.49999999999999983,0,0,1,6.3,56.0
2024-01-03 08:35:00,2024-01-03 08:35:00,197.04665867905848,0.0,0.0,88.58665866411255,100,0,0.8660254037844387,-0.49999999999999983,0,0,1,6.3,56.0
2024-01-03 08:40:00,2024-01-03 08:40:00,197.73112588348857,0.0,0.0,76.9196462534762,0,0,0.8660254037844387,-0.49999999999999983,0,0,1,6.3,56.0
2024-01-03 08:45:00,2024-01-03 08:45:00,195.62701774809284,0.0,0.0,79.56011085571191,0,0,0.8660254037844387,-0.49999999999999983,0,0,1,6.3,56.0
2024-01-03 08:50:00,2024-01-03 08:50:00,187.00427765058686,0.0,0.0,87.3477013657999,0,0,0.8660254037844387,-0.49999999999999983,0,0,1,6.3,56.0
2024-01-03 08:55:00,2024-01-03 08:55:00,183.47708446908192,0.0,0.0,76.89087499082518,0,0,0.8660254037844387,-0.49999999999999983,0,0,1,6.3,56.0
2024-01-03 09:00:00,2024-01-03 09:00:00,172.91093524198632,0.0,0.0,80.87826125519781,0,0,0.7071067811865476,-0.7071067811865475,0,0,1,6.3,56.0
2024-01-03 09:05:00,2024-01-03 09:05:00,174.74087546748342,0.0,0.0,75.68596664606588,0,0,0.7071067811865476,-0.7071067811865475,0,0,1,6.3,56.0
2024-01-03 09:10:00,2024-01-03 09:10:00,169.89474591493524,0.0,0.0,79.40408560496637,0,0,0.7071067811865476,-0.7071067811865475,0,0,1,6.3,56.0
2024-01-03 09:15:00,2024-01-03 09:15:00,161.9966905582469,0.0,0.0,85.45465481156204,0,0,0.7071067811865476,-0.7071067811865475,0,0,1,6.3,56.0
2024-01-03 09:20:00,2024-01-03 09:20:00,153.8734877993643,0.0,0.0,81.90322446822111,0,0,0.7071067811865476,-0.7071067811865475,0,0,1,6.3,56.0
2024-01-03 09:25:00,2024-01-03 09:25:00,150.65271028718197,0.0,0.0,79.6475901350476,0,0,0.7071067811865476,-0.7071067811865475,0,0,1,6.3,56.0
2024-01-03 09:30:00,2024-01-03 09:30:00,147.11606981737307,0.0,0.0,78.46942593402034,100,0,0.7071067811865476,-0.7071067811865475,0,0,1,6.3,56.0
2024-01-03 09:35:00,2024-01-03 09:35:00,155.18052841987964,0.0,0.0,83.56052197484584,0,0,0.7071067811865476,-0.7071067811865475,0,0,1,6.3,56.0
2024-01-03 09:40:00,2024-01-03 09:40:00,145.85299973562158,0.0,0.0,76.99504353640597,0,0,0.7071067811865476,-0.7071067811865475,0,0,1,6.3,56.0
2024-01-03 09:45:00,2024-01-03 09:45:00,134.13943708042547,0.0,0.0,85.26378764643863,100,0,0.7071067811865476,-0.7071067811865475,0,0,1,6.3,56.0
2024-01-03 09:50:00,2024-01-03 09:50:00,144.86494891567605,0.0,0.0,69.49580368164301,0,0,0.7071067811865476,-0.7071067811865475,0,0,1,6.3,56.0
2024-01-03 09:55:00,2024-01-03 09:55:00,142.23043113690989,0.0,0.0,85.39669668356628,0,0,0.7071067811865476,-0.7071067811865475,0,0,1,6.3,56.0
2024-01-03 10:00:00,2024-01-03 10:00:00,128.2313445119594,0.0,0.0,80.57362935024258,0,0,0.49999999999999994,-0.8660254037844387,0,0,1,6.3,0.0
2024-01-03 10:05:00,2024-01-03 10:05:00,142.2238259094311,0.0,0.0,83.88628028073761,0,0,0.49999999999999994,-0.8660254037844387,0,0,1,6.3,0.0
2024-01-03 10:10:00,2024-01-03 10:10:00,129.5822908524887,0.0,0.0,75.63559163244378,0,0,0.49999999999999994,-0.8660254037844387,0,0,1,6.3,0.0
2024-01-03 10:15:00,2024-01-03 10:15:00,134.20779075240875,0.0,0.0,68.70337939592287,0,0,0.49999999999999994,-0.8660254037844387,0,0,1,6.3,0.0
2024-01-03 10:20:00,2024-01-03 10:20:00,143.8639761628875,0.0,0.0,75.09861013066082,0,0,0.49999999999999994,-0.8660254037844387,0,0,1,6.3,0.0
2024-01-03 10:25:00,2024-01-03 10:25:00,142.0533391167736,0.0,0.0,81.16550854872729,100,0,0.49999999999999994,-0.8660254037844387,0,0,1,6.3,0.0
2024-01-03 10:30:00,2024-01-03 10:30:00,131.5984757172955,0.0,0.0,81.33412077362104,0,0,0.49999999999999994,-0.8660254037844387,0,0,1,6.3,0.0
2024-01-03 10:35:00,2024-01-03 10:35:00,136.001506010765,0.0,0.0,81.66776859166464,0,0,0.49999999999999994,-0.8660254037844387,0,0,1,6.3,0.0
2024-01-03 10:40:00,2024-01-03 10:40:00,141.31258806261195,0.0,0.0,81.10643889918954,0,0,0.49999999999999994,-0.8660254037844387,0,0,1,6.3,0.0
2024-01-03 10:45:00,2024-01-03 10:45:00,147.67644547289228,0.0,0.0,87.94025314778881,0,0,0.49999999999999994,-0.8660254037844387,0,0,1,6.3,0.0
2024-01-03 10:50:00,2024-01-03 10:50:00,135.1606710113527,0.0,0.0,80.05570813461688,0,0,0.49999999999999994,-0.8660254037844387,0,0,1,6.3,0.0
2024-01-03 10:55:00,2024-01-03 10:55:00,135.50668480022054,0.0,0.0,82.06168563411552,0,0,0.49999999999999994,-0.8660254037844387,0,0,1,6.3,0.0
2024-01-03 11:00:00,2024-01-03 11:00:00,132.74032845576426,0.0,0.0,84.81167262609954,0,0,0.258819045102521,-0.9659258262890682,0,0,1,6.3,0.0
2024-01-03 11:05:00,2024-01-03 11:05:00,131.8130396069733,0.0,0.0,79.75925923623562,0,0,0.258819045102521,-0.9659258262890682,0,0,1,6.3,0.0
2024-01-03 11:10:00,2024-01-03 11:10:00,139.33803925776493,0.0,0.0,75.29873879703722,0,0,0.258819045102521,-0.9659258262890682,0,0,1,6.3,0.0
2024-01-03 11:15:00,2024-01-03 11:15:00,143.00916632718565,0.0,0.0,81.89349820170727,0,0,0.258819045102521,-0.9659258262890682,0,0,1,6.3,0.0
2024-01-03 11:20:00,2024-01-03 11:20:00,135.93097491224665,0.0,0.0,81.85633462588845,0,0,0.258819045102521,-0.9659258262890682,0,0,1,6.3,0.0
2024-01-03 11:25:00,2024-01-03 11:25:00,128.98367683193982,0.0,0.0,78.25947186873377,0,0,0.258819045102521,-0.9659258262890682,0,0,1,6.3,0.0
2024-01-03 11:30:00,2024-01-03 11:30:00,129.4696852814118,0.0,0.0,78.27441954780865,0,0,0.258819045102521,-0.9659258262890682,0,0,1,6.3,0.0
2024-01-03 11:35:00,2024-01-03 11:35:00,128.6330328711837,0.0,0.0,75.6068329595575,0,0,0.258819045102521,-0.9659258262890682,0,0,1,6.3,0.0
2024-01-03 11:40:00,2024-01-03 11:40:00,136.557791601003,0.0,0.0,78.97188415118784,100,0,0.258819045102521,-0.9659258262890682,0,0,1,6.3,0.0
2024-01-03 11:45:00,2024-01-03 11:45:00,128.87603492705188,0.0,0.0,82.38771566845757,0,0,0.258819045102521,-0.9659258262890682,0,0,1,6.3,0.0
2024-01-03 11:50:00,2024-01-03 11:50:00,128.04805882969873,0.0,0.0,78.2379379935973,0,0,0.258819045102521,-0.9659258262890682,0,0,1,6.3,0.0
2024-01-03 11:55:00,2024-01-03 11:55:00,123.18499802037307,0.0,0.0,82.15304672337346,0,0,0.258819045102521,-0.9659258262890682,0,0,1,6.3,0.0
2024-01-03 12:00:00,2024-01-03 12:00:00,134.6514711232612,7.0,70.0,78.65892929858354,0,0,1.2246467991473532e-16,-1.0,0,0,1,6.3,56.0
2024-01-03 12:05:00,2024-01-03 12:05:00,132.06052050752584,0.0,0.0,76.34672208762557,0,0,1.2246467991473532e-16,-1.0,0,0,1,6.3,56.0
2024-01-03 12:10:00,2024-01-03 12:10:00,137.50848894164858,0.0,0.0,77.14476074688848,0,0,1.2246467991473532e-16,-1.0,0,0,1,6.3,56.0
2024-01-03 12:15:00,2024-01-03 12:15:00,143.55019571365483,0.0,0.0,80.02906079729095,0,0,1.2246467991473532e-16,-1.0,0,0,1,6.3,56.0
2024-01-03 12:20:00,2024-01-03 12:20:00,134.14395538262067,0.0,0.0,71.78457266203662,0,0,1.2246467991473532e-16,-1.0,0,0,1,6.3,56.0
2024-01-03 12:25:00,2024-01-03 12:25:00,137.15048701036648,0.0,0.0,81.64277257587385,0,0,1.2246467991473532e-16,-1.0,0,0,1,6.3,56.0
2024-01-03 12:30:00,2024-01-03 12:30:00,138.05113247287545,0.0,0.0,72.47899377848954,0,0,1.2246467991473532e-16,-1.0,0,0,1,6.3,56.0
2024-01-03 12:35:00,2024-01-03 12:35:00,132.61279593371282,0.0,0.0,82.55900015050167,0,0,1.2246467991473532e-16,-1.0,0,0,1,6.3,56.0
2024-01-03 12:40:00,2024-01-03 12:40:00,143.68711686815917,0.0,0.0,83.36284232651187,0,0,1.2246467991473532e-16,-1.0,0,0,1,6.3,56.0
2024-01-03 12:45:00,2024-01-03 12:45:00,142.130161649466,0.0,0.0,85.22644042392258,0,0,1.2246467991473532e-16,-1.0,0,0,1,6.3,56.0
2024-01-03 12:50:00,2024-01-03 12:50:00,159.18726968235367,0.0,0.0,85.14388165706063,0,0,1.2246467991473532e-16,-1.0,0,0,1,6.3,56.0
2024-01-03 12:55:00,2024-01-03 12:55:00,172.20918098280765,0.0,0.0,78.85381431450469,0,0,1.2246467991473532e-16,-1.0,0,0,1,6.3,56.0
2024-01-03 13:00:00,2024-01-03 13:00:00,166.54477680105083,0.0,0.0,76.21552547260045,100,0,-0.2588190451025208,-0.9659258262890683,0,0,1,6.3,56.0
2024-01-03 13:05:00,2024-01-03 13:05:00,168.81567976837692,0.0,0.0,73.89966249074202,0,0,-0.2588190451025208,-0.9659258262890683,0,0,1,6.3,56.0
2024-01-03 13:10:00,2024-01-03 13:10:00,170.89942160993627,0.0,0.0,82.46892212979526,0,0,-0.2588190451025208,-0.9659258262890683,0,0,1,6.3,56.0
2024-01-03 13:15:00,2024-01-03 13:15:00,180.53816107644496,0.0,0.0,83.11857188708231,0,0,-0.2588190451025208,-0.9659258262890683,0,0,1,6.3,56.0
2024-01-03 13:20:00,2024-01-03 13:20:00,182.97421599585473,0.0,0.0,78.67704262939576,100,0,-0.2588190451025208,-0.9659258262890683,0,0,1,6.3,56.0
2024-01-03 13:25:00,2024-01-03 13:25:00,180.8438080949531,0.0,0.0,70.46685574082157,0,0,-0.2588190451025208,-0.9659258262890683,0,0,1,6.3,56.0
2024-01-03 13:30:00,2024-01-03 13:30:00,180.93409040492114,0.0,0.0,75.68614063963554,0,0,-0.2588190451025208,-0.9659258262890683,0,0,1,6.3,56.0
2024-01-03 13:35:00,2024-01-03 13:35:00,177.9906849062028,0.0,0.0,84.03868121401185,0,0,-0.2588190451025208,-0.9659258262890683,0,0,1,6.3,56.0
2024-01-03 13:40:00,2024-01-03 13:40:00,176.46141244524307,0.0,0.0,72.20253321237011,0,0,-0.2588190451025208,-0.9659258262890683,0,0,1,6.3,56.0
2024-01-03 13:45:00,2024-01-03 13:45:00,180.73294965151578,0.0,0.0,69.84962521827431,0,0,-0.2588190451025208,-0.9659258262890683,0,0,1,6.3,56.0
2024-01-03 13:50:00,2024-01-03 13:50:00,174.88767361315107,0.0,0.0,73.58537407351542,0,0,-0.2588190451025208,-0.9659258262890683,0,0,1,6.3,56.0
2024-01-03 13:55:00,2024-01-03 13:55:00,161.48079992500044,0.0,0.0,74.60948026738731,0,0,-0.2588190451025208,-0.9659258262890683,0,0,1,6.3,56.0
2024-01-03 14:00:00,2024-01-03 14:00:00,151.6572138138013,0.0,0.0,80.91558904253694,0,0,-0.4999999999999998,-0.8660254037844388,0,0,1,6.3,56.0
2024-01-03 14:05:00,2024-01-03 14:05:00,147.8885473211787,0.0,0.0,78.4512139542474,0,0,-0.4999999999999998,-0.8660254037844388,0,0,1,6.3,56.0
2024-01-03 14:10:00,2024-01-03 14:10:00,138.2961656607146,0.0,0.0,81.51515139195465,0,0,-0.4999999999999998,-0.8660254037844388,0,0,1,6.3,56.0
2024-01-03 14:15:00,2024-01-03 14:15:00,135.56320239141922,0.0,0.0,80.88829376409356,0,0,-0.4999999999999998,-0.8660254037844388,0,0,1,6.3,56.0
2024-01-03 14:20:00,2024-01-03 14:20:00,134.09620415711044,0.0,0.0,75.41782318386488,0,0,-0.4999999999999998,-0.8660254037844388,0,0,1,6.3,56.0
2024-01-03 14:25:00,2024-01-03 14:25:00,131.23528322706503,0.0,0.0,79.65107445903075,0,0,-0.4999999999999998,-0.8660254037844388,0,0,1,6.3,56.0
2024-01-03 14:30:00,2024-01-03 14:30:00,134.2521238672453,0.0,0.0,80.54792835715945,0,0,-0.4999999999999998,-0.8660254037844388,0,0,1,6.3,56.0
2024-01-03 14:35:00,2024-01-03 14:35:00,123.39532028408473,0.0,0.0,72.18676189899854,0,0,-0.4999999999999998,-0.8660254037844388,0,0,1,6.3,56.0
2024-01-03 14:40:00,2024-01-03 14:40:00,123.54080670307098,0.0,0.0,77.53260117083386,0,0,-0.4999999999999998,-0.8660254037844388,0,0,1,6.3,56.0
2024-01-03 14:45:00,2024-01-03 14:45:00,118.19245160362948,0.0,0.0,85.60263265276542,0,0,-0.4999999999999998,-0.8660254037844388,0,0,1,6.3,56.0
2024-01-03 14:50:00,2024-01-03 14:50:00,114.80983273540264,0.0,0.0,81.09636169586305,0,0,-0.4999999999999998,-0.8660254037844388,0,0,1,6.3,56.0
2024-01-03 14:55:00,2024-01-03 14:55:00,129.70055295056326,0.0,0.0,79.59632839834435,0,0,-0.4999999999999998,-0.8660254037844388,0,0,1,6.3,56.0
2024-01-03 15:00:00,2024-01-03 15:00:00,122.10884693061259,0.0,0.0,86.07766687697945,0,0,-0.7071067811865471,-0.7071067811865479,0,0,1,6.3,0.0
2024-01-03 15:05:00,2024-01-03 15:05:00,115.98863248901161,0.0,0.0,87.89426443342595,0,0,-0.7071067811865471,-0.7071067811865479,0,0,1,6.3,0.0
2024-01-03 15:10:00,2024-01-03 15:10:00,115.69855787007144,0.0,0.0,72.11050488094561,0,0,-0.7071067811865471,-0.7071067811865479,0,0,1,6.3,0.0
2024-01-03 15:15:00,2024-01-03 15:15:00,112.94799268086135,0.0,0.0,78.30152753255774,0,0,-0.7071067811865471,-0.7071067811865479,0,0,1,6.3,0.0
2024-01-03 15:20:00,2024-01-03 15:20:00,121.05405410020482,0.0,0.0,77.64733155248378,100,0,-0.7071067811865471,-0.7071067811865479,0,0,1,6.3,0.0
2024-01-03 15:25:00,2024-01-03 15:25:00,114.43990006452196,0.0,0.0,70.05491799581813,0,0,-0.7071067811865471,-0.7071067811865479,0,0,1,6.3,0.0
2024-01-03 15:30:00,2024-01-03 15:30:00,119.51496873189502,0.0,0.0,80.6381884172295,100,0,-0.7071067811865471,-0.7071067811865479,0,0,1,6.3,0.0
2024-01-03 15:35:00,2024-01-03 15:35:00,119.74288411087856,0.0,0.0,76.2812524927725,0,0,-0.7071067811865471,-0.7071067811865479,0,0,1,6.3,0.0
2024-01-03 15:40:00,2024-01-03 15:40:00,122.0094066486741,0.0,0.0,82.91543897820077,0,0,-0.7071067811865471,-0.7071067811865479,0,0,1,6.3,0.0
2024-01-03 15:45:00,2024-01-03 15:45:00,116.78542994294965,0.0,0.0,85.37631197960854,0,0,-0.7071067811865471,-0.7071067811865479,0,0,1,6.3,0.0
2024-01-03 15:50:00,2024-01-03 15:50:00,122.94122717151663,0.0,0.0,78.0037570253645,0,0,-0.7071067811865471,-0.7071067811865479,0,0,1,6.3,0.0
2024-01-03 15:55:00,2024-01-03 15:55:00,126.6647207240012,0.0,0.0,77.32696728838455,0,0,-0.7071067811865471,-0.7071067811865479,0,0,1,6.3,0.0
2024-01-03 16:00:00,2024-01-03 16:00:00,115.99250833047392,0.0,0.0,79.8967918178661,0,0,-0.8660254037844384,-0.5000000000000004,0,0,1,6.3,0.0
2024-01-03 16:05:00,2024-01-03 16:05:00,122.82008264099055,0.0,0.0,87.01565649135607,0,0,-0.8660254037844384,-0.5000000000000004,0,0,1,6.3,0.0
2024-01-03 16:10:00,2024-01-03 16:10:00,117.91437678570004,0.0,0.0,82.11005462931296,0,0,-0.8660254037844384,-0.5000000000000004,0,0,1,6.3,0.0
2024-01-03 16:15:00,2024-01-03 16:15:00,121.1498215247499,0.0,0.0,94.27609444953424,0,0,-0.8660254037844384,-0.5000000000000004,0,0,1,6.3,0.0
2024-01-03 16:20:00,2024-01-03 16:20:00,122.95082195102518,0.0,0.0,82.80820134538565,0,0,-0.8660254037844384,-0.5000000000000004,0,0,1,6.3,0.0
2024-01-03 16:25:00,2024-01-03 16:25:00,109.23045309216232,0.0,0.0,76.00444495802128,0,0,-0.8660254037844384,-0.5000000000000004,0,0,1,6.3,0.0
2024-01-03 16:30:00,2024-01-03 16:30:00,115.98984749571925,0.0,0.0,77.67647579575798,100,0,-0.8660254037844384,-0.5000000000000004,0,0,1,6.3,0.0
2024-01-03 16:35:00,2024-01-03 16:35:00,115.9061140030787,0.0,0.0,88.73071057193926,0,0,-0.8660254037844384,-0.5000000000000004,0,0,1,6.3,0.0
2024-01-03 16:40:00,2024-01-03 16:40:00,115.83252200072951,0.0,0.0,76.30962305844544,0,0,-0.8660254037844384,-0.5000000000000004,0,0,1,6.3,0.0
2024-01-03 16:45:00,2024-01-03 16:45:00,108.45608675619624,0.0,0.0,76.84475920328168,0,0,-0.8660254037844384,-0.5000000000000004,0,0,1,6.3,0.0
2024-01-03 16:50:00,2024-01-03 16:50:00,113.44723513844386,0.0,0.0,76.9994125696146,0,0,-0.8660254037844384,-0.5000000000000004,0,0,1,6.3,0.0
2024-01-03 16:55:00,2024-01-03 16:55:00,108.96966478635738,0.0,0.0,71.90555348920972,0,0,-0.8660254037844384,-0.5000000000000004,0,0,1,6.3,0.0
2024-01-03 17:00:00,2024-01-03 17:00:00,118.45589828068917,0.0,0.0,81.47172198358298,0,0,-0.9659258262890683,-0.25881904510252063,0,0,1,0.0,0.0
2024-01-03 17:05:00,2024-01-03 17:05:00,120.4276238624414,0.0,0.0,85.30757564500468,0,0,-0.9659258262890683,-0.25881904510252063,0,0,1,0.0,0.0
2024-01-03 17:10:00,2024-01-03 17:10:00,114.57217213828548,0.0,0.0,85.75246566877709,0,0,-0.9659258262890683,-0.25881904510252063,0,0,1,0.0,0.0
2024-01-03 17:15:00,2024-01-03 17:15:00,113.96145471526364,0.0,0.0,79.60787842089229,0,0,-0.9659258262890683,-0.25881904510252063,0,0,1,0.0,0.0
2024-01-03 17:20:00,2024-01-03 17:20:00,112.67543352503996,0.0,0.0,82.8153420661864,0,0,-0.9659258262890683,-0.25881904510252063,0,0,1,0.0,0.0
2024-01-03 17:25:00,2024-01-03 17:25:00,122.39509004746921,0.0,0.0,77.21415898907965,0,0,-0.9659258262890683,-0.25881904510252063,0,0,1,0.0,0.0
2024-01-03 17:30:00,2024-01-03 17:30:00,113.6109698030708,0.0,0.0,75.36989191238271,0,0,-0.9659258262890683,-0.25881904510252063,0,0,1,0.0,0.0
2024-01-03 17:35:00,2024-01-03 17:35:00,115.83208574803083,0.0,0.0,76.34168512387294,0,0,-0.9659258262890683,-0.25881904510252063,0,0,1,0.0,0.0
2024-01-03 17:40:00,2024-01-03 17:40:00,115.99774119722389,0.0,0.0,77.02620559715557,0,0,-0.9659258262890683,-0.25881904510252063,0,0,1,0.0,0.0
2024-01-03 17:45:00,2024-01-03 17:45:00,122.25832239550908,0.0,0.0,82.5125419094068,0,0,-0.9659258262890683,-0.25881904510252063,0,0,1,0.0,0.0
2024-01-03 17:50:00,2024-01-03 17:50:00,116.94995162368976,0.0,0.0,78.00120073082505,0,0,-0.9659258262890683,-0.25881904510252063,0,0,1,0.0,0.0
2024-01-03 17:55:00,2024-01-03 17:55:00,119.592108138729,0.0,0.0,81.99316390845108,0,0,-0.9659258262890683,-0.25881904510252063,0,0,1,0.0,0.0
2024-01-03 18:00:00,2024-01-03 18:00:00,108.63103810808956,0.0,0.0,89.18774614579645,0,0,-1.0,-1.8369701987210297e-16,0,0,1,0.0,0.0
2024-01-03 18:05:00,2024-01-03 18:05:00,118.96349716362715,0.0,0.0,86.36921228544898,100,0,-1.0,-1.8369701987210297e-16,0,0,1,0.0,0.0
2024-01-03 18:10:00,2024-01-03 18:10:00,109.90445111565748,0.0,0.0,74.68567044389414,0,0,-1.0,-1.8369701987210297e-16,0,0,1,0.0,0.0
2024-01-03 18:15:00,2024-01-03 18:15:00,117.1651980080353,0.0,0.0,76.3216107912245,0,0,-1.0,-1.8369701987210297e-16,0,0,1,0.0,0.0
2024-01-03 18:20:00,2024-01-03 18:20:00,105.21119928986508,0.0,0.0,80.12704958993397,0,0,-1.0,-1.8369701987210297e-16,0,0,1,0.0,0.0
2024-01-03 18:25:00,2024-01-03 18:25:00,117.12607777093996,0.0,0.0,78.57971471381182,0,0,-1.0,-1.8369701987210297e-16,0,0,1,0.0,0.0
2024-01-03 18:30:00,2024-01-03 18:30:00,118.28179773409586,0.0,0.0,85.59107218082674,0,0,-1.0,-1.8369701987210297e-16,0,0,1,0.0,0.0
2024-01-03 18:35:00,2024-01-03 18:35:00,123.94735882646563,0.0,0.0,79.9325336970274,0,0,-1.0,-1.8369701987210297e-16,0,0,1,0.0,0.0
2024-01-03 18:40:00,2024-01-03 18:40:00,114.89995878473647,0.0,0.0,82.61545220722907,0,0,-1.0,-1.8369701987210297e-16,0,0,1,0.0,0.0
2024-01-03 18:45:00,2024-01-03 18:45:00,119.48406676550839,0.0,0.0,82.24424179799973,0,0,-1.0,-1.8369701987210297e-16,0,0,1,0.0,0.0
2024-01-03 18:50:00,2024-01-03 18:50:00,111.2634127161165,0.0,0.0,77.95950286298923,0,0,-1.0,-1.8369701987210297e-16,0,0,1,0.0,0.0
2024-01-03 18:55:00,2024-01-03 18:55:00,119.97950765832746,0.0,0.0,81.77802807668462,0,0,-1.0,-1.8369701987210297e-16,0,0,1,0.0,0.0
2024-01-03 19:00:00,2024-01-03 19:00:00,121.81109250527781,0.0,0.0,81.10710541242068,0,0,-0.9659258262890684,0.2588190451025203,0,0,1,0.0,0.0
2024-01-03 19:05:00,2024-01-03 19:05:00,111.09833704786973,0.0,0.0,83.15993087120461,0,0,-0.9659258262890684,0.2588190451025203,0,0,1,0.0,0.0
2024-01-03 19:10:00,2024-01-03 19:10:00,108.34543591531168,0.0,0.0,82.72306946482851,0,0,-0.9659258262890684,0.2588190451025203,0,0,1,0.0,0.0
2024-01-03 19:15:00,2024-01-03 19:15:00,116.43637299455918,0.0,0.0,89.02937604759659,0,0,-0.9659258262890684,0.2588190451025203,0,0,1,0.0,0.0
2024-01-03 19:20:00,2024-01-03 19:20:00,121.11099088532866,0.0,0.0,83.44644122861529,0,0,-0.9659258262890684,0.2588190451025203,0,0,1,0.0,0.0
2024-01-03 19:25:00,2024-01-03 19:25:00,118.49371387149158,0.0,0.0,88.57555497590556,0,0,-0.9659258262890684,0.2588190451025203,0,0,1,0.0,0.0
2024-01-03 19:30:00,2024-01-03 19:30:00,114.45878418198394,0.0,0.0,79.23238284563779,0,0,-0.9659258262890684,0.2588190451025203,0,0,1,0.0,0.0
2024-01-03 19:35:00,2024-01-03 19:35:00,121.317157336288,0.0,0.0,78.02572998457745,0,0,-0.9659258262890684,0.2588190451025203,0,0,1,0.0,0.0
2024-01-03 19:40:00,2024-01-03 19:40:00,119.5705723456837,0.0,0.0,80.4659131436969,0,0,-0.9659258262890684,0.2588190451025203,0,0,1,0.0,0.0
2024-01-03 19:45:00,2024-01-03 19:45:00,119.72932061385052,0.0,0.0,78.85991978969359,0,0,-0.9659258262890684,0.2588190451025203,0,0,1,0.0,0.0
2024-01-03 19:50:00,2024-01-03 19:50:00,108.37909937090708,0.0,0.0,83.07574596273544,0,0,-0.9659258262890684,0.2588190451025203,0,0,1,0.0,0.0
2024-01-03 19:55:00,2024-01-03 19:55:00,110.88794371120056,0.0,0.0,87.37407953818138,0,0,-0.9659258262890684,0.2588190451025203,0,0,1,0.0,0.0
2024-01-03 20:00:00,2024-01-03 20:00:00,121.14403484184794,0.0,0.0,76.60369270692195,0,0,-0.8660254037844386,0.5000000000000001,0,0,1,0.0,0.0
2024-01-03 20:05:00,2024-01-03 20:05:00,128.85332733931924,0.0,0.0,73.5751740266518,0,0,-0.8660254037844386,0.5000000000000001,0,0,1,0.0,0.0
2024-01-03 20:10:00,2024-01-03 20:10:00,120.11830765500883,0.0,0.0,80.34067925287282,0,0,-0.8660254037844386,0.5000000000000001,0,0,1,0.0,0.0
2024-01-03 20:15:00,2024-01-03 20:15:00,118.03596947166474,0.0,0.0,74.8650381097012,0,0,-0.8660254037844386,0.5000000000000001,0,0,1,0.0,0.0
2024-01-03 20:20:00,2024-01-03 20:20:00,122.36324709756657,0.0,0.0,77.84773483219116,100,0,-0.8660254037844386,0.5000000000000001,0,0,1,0.0,0.0
2024-01-03 20:25:00,2024-01-03 20:25:00,126.6215150317563,0.0,0.0,73.85751324088928,0,0,-0.8660254037844386,0.5000000000000001,0,0,1,0.0,0.0
2024-01-03 20:30:00,2024-01-03 20:30:00,108.56813184348351,0.0,0.0,81.78365589887945,0,0,-0.8660254037844386,0.5000000000000001,0,0,1,0.0,0.0
2024-01-03 20:35:00,2024-01-03 20:35:00,121.99130774171034,0.0,0.0,79.84841141976351,0,0,-0.8660254037844386,0.5000000000000001,0,0,1,0.0,0.0
2024-01-03 20:40:00,2024-01-03 20:40:00,116.5696254303463,0.0,0.0,79.89314141327708,0,0,-0.8660254037844386,0.5000000000000001,0,0,1,0.0,0.0
2024-01-03 20:45:00,2024-01-03 20:45:00,118.19409803338316,0.0,0.0,78.99365235391477,0,0,-0.8660254037844386,0.5000000000000001,0,0,1,0.0,0.0
2024-01-03 20:50:00,2024-01-03 20:50:00,116.51315266208084,0.0,0.0,77.91451871418562,0,0,-0.8660254037844386,0.5000000000000001,0,0,1,0.0,0.0
2024-01-03 20:55:00,2024-01-03 20:55:00,120.38246480033924,0.0,0.0,83.53094755568345,100,0,-0.8660254037844386,0.5000000000000001,0,0,1,0.0,0.0
2024-01-03 21:00:00,2024-01-03 21:00:00,124.21115415769773,0.0,0.0,77.06271235402546,0,0,-0.7071067811865477,0.7071067811865474,0,0,1,0.0,0.0
2024-01-03 21:05:00,2024-01-03 21:05:00,123.35646435072508,0.0,0.0,81.52206186211458,0,0,-0.7071067811865477,0.7071067811865474,0,0,1,0.0,0.0
2024-01-03 21:10:00,2024-01-03 21:10:00,118.18251469670298,0.0,0.0,82.53761192900217,100,0,-0.7071067811865477,0.7071067811865474,0,0,1,0.0,0.0
2024-01-03 21:15:00,2024-01-03 21:15:00,111.16566269095176,0.0,0.0,84.47373046845834,0,0,-0.7071067811865477,0.7071067811865474,0,0,1,0.0,0.0
2024-01-03 21:20:00,2024-01-03 21:20:00,120.68183522605838,0.0,0.0,78.85731513491662,0,0,-0.7071067811865477,0.7071067811865474,0,0,1,0.0,0.0
2024-01-03 21:25:00,2024-01-03 21:25:00,122.12627054643056,0.0,0.0,83.32250696764379,0,0,-0.7071067811865477,0.7071067811865474,0,0,1,0.0,0.0
2024-01-03 21:30:00,2024-01-03 21:30:00,116.67060330297433,0.0,0.0,79.42388780915475,0,0,-0.7071067811865477,0.7071067811865474,0,0,1,0.0,0.0
2024-01-03 21:35:00,2024-01-03 21:35:00,125.63881165113096,0.0,0.0,83.80789830736667,0,0,-0.7071067811865477,0.7071067811865474,0,0,1,0.0,0.0
2024-01-03 21:40:00,2024-01-03 21:40:00,120.88314529905509,0.0,0.0,83.48743480336738,0,0,-0.7071067811865477,0.7071067811865474,0,0,1,0.0,0.0
2024-01-03 21:45:00,2024-01-03 21:45:00,111.15174708749853,0.0,0.0,85.63039893235886,0,0,-0.7071067811865477,0.7071067811865474,0,0,1,0.0,0.0
2024-01-03 21:50:00,2024-01-03 21:50:00,129.76554142280142,0.0,0.0,77.74741086045208,0,0,-0.7071067811865477,0.7071067811865474,0,0,1,0.0,0.0
2024-01-03 21:55:00,2024-01-03 21:55:00,123.14406506544472,0.0,0.0,77.61505525993853,0,0,-0.7071067811865477,0.7071067811865474,0,0,1,0.0,0.0
2024-01-03 22:00:00,2024-01-03 22:00:00,124.22006984147416,3.0,30.0,76.24763887743227,0,0,-0.5000000000000004,0.8660254037844384,0,0,1,2.7,24.0
2024-01-03 22:05:00,2024-01-03 22:05:00,115.87301058481744,0.0,0.0,79.78804705338298,0,0,-0.5000000000000004,0.8660254037844384,0,0,1,2.7,24.0
2024-01-03 22:10:00,2024-01-03 22:10:00,123.04491474502167,0.0,0.0,84.85482213173964,0,0,-0.5000000000000004,0.8660254037844384,0,0,1,2.7,24.0
2024-01-03 22:15:00,2024-01-03 22:15:00,124.87644962548292,0.0,0.0,82.52935933878942,0,0,-0.5000000000000004,0.8660254037844384,0,0,1,2.7,24.0
2024-01-03 22:20:00,2024-01-03 22:20:00,128.53977068160086,0.0,0.0,86.1949098565452,0,0,-0.5000000000000004,0.8660254037844384,0,0,1,2.7,24.0
2024-01-03 22:25:00,2024-01-03 22:25:00,126.55925735628891,0.0,0.0,94.14311114426306,0,0,-0.5000000000000004,0.8660254037844384,0,0,1,2.7,24.0
2024-01-03 22:30:00,2024-01-03 22:30:00,131.16020030510776,0.0,0.0,86.62346125933989,0,0,-0.5000000000000004,0.8660254037844384,0,0,1,2.7,24.0
2024-01-03 22:35:00,2024-01-03 22:35:00,137.7980131607323,0.0,0.0,80.73054774432502,0,0,-0.5000000000000004,0.8660254037844384,0,0,1,2.7,24.0
2024-01-03 22:40:00,2024-01-03 22:40:00,122.81275895247627,0.0,0.0,87.19685097904079,100,0,-0.5000000000000004,0.8660254037844384,0,0,1,2.7,24.0
2024-01-03 22:45:00,2024-01-03 22:45:00,131.12531347705357,0.0,0.0,76.46395681102068,0,0,-0.5000000000000004,0.8660254037844384,0,0,1,2.7,24.0
2024-01-03 22:50:00,2024-01-03 22:50:00,134.8004277114471,0.0,0.0,84.35842806703408,0,0,-0.5000000000000004,0.8660254037844384,0,0,1,2.7,24.0
2024-01-03 22:55:00,2024-01-03 22:55:00,133.7823120086412,0.0,0.0,81.7413526194841,0,0,-0.5000000000000004,0.8660254037844384,0,0,1,2.7,24.0
2024-01-03 23:00:00,2024-01-03 23:00:00,147.63304983249154,0.0,0.0,79.1642520714467,0,0,-0.25881904510252157,0.9659258262890681,0,0,1,2.7,24.0
2024-01-03 23:05:00,2024-01-03 23:05:00,147.57083156243877,0.0,0.0,80.00600068750256,0,0,-0.25881904510252157,0.9659258262890681,0,0,1,2.7,24.0
2024-01-03 23:10:00,2024-01-03 23:10:00,146.57270965653774,0.0,0.0,81.18689322959042,0,0,-0.25881904510252157,0.9659258262890681,0,0,1,2.7,24.0
2024-01-03 23:15:00,2024-01-03 23:15:00,150.84528885782552,0.0,0.0,87.34166446720693,100,0,-0.25881904510252157,0.9659258262890681,0,0,1,2.7,24.0
2024-01-03 23:20:00,2024-01-03 23:20:00,153.67017459931648,0.0,0.0,81.68352834460893,0,0,-0.25881904510252157,0.9659258262890681,0,0,1,2.7,24.0
2024-01-03 23:25:00,2024-01-03 23:25:00,146.73186046606466,0.0,0.0,78.33038791542879,0,0,-0.25881904510252157,0.9659258262890681,0,0,1,2.7,24.0
2024-01-03 23:30:00,2024-01-03 23:30:00,151.00702470301619,0.0,0.0,82.0922884340017,0,0,-0.25881904510252157,0.9659258262890681,0,0,1,2.7,24.0
2024-01-03 23:35:00,2024-01-03 23:35:00,151.59543637566128,0.0,0.0,84.82583186118445,0,0,-0.25881904510252157,0.9659258262890681,0,0,1,2.7,24.0
2024-01-03 23:40:00,2024-01-03 23:40:00,145.59739236634962,0.0,0.0,75.34651878768453,0,0,-0.25881904510252157,0.9659258262890681,0,0,1,2.7,24.0
2024-01-03 23:45:00,2024-01-03 23:45:00,140.32353893548023,0.0,0.0,80.73998885438564,0,0,-0.25881904510252157,0.9659258262890681,0,0,1,2.7,24.0
2024-01-03 23:50:00,2024-01-03 23:50:00,140.2871100744292,0.0,0.0,77.2885641690046,0,0,-0.25881904510252157,0.9659258262890681,0,0,1,2.7,24.0
2024-01-03 23:55:00,2024-01-03 23:55:00,146.29730523110229,0.0,0.0,86.0170481956558,0,0,-0.25881904510252157,0.9659258262890681,0,0,1,2.7,24.0
2024-01-04 00:00:00,2024-01-04 00:00:00,138.80054323371007,0.0,0.0,75.1889059007164,0,0,0.0,1.0,0,0,1,2.7,24.0
2024-01-04 00:05:00,2024-01-04 00:05:00,149.1462281281658,0.0,0.0,81.02760185780211,100,0,0.0,1.0,0,0,1,2.7,24.0
2024-01-04 00:10:00,2024-01-04 00:10:00,139.5778690420247,0.0,0.0,77.20370381208463,100,0,0.0,1.0,0,0,1,2.7,24.0
2024-01-04 00:15:00,2024-01-04 00:15:00,132.2554299114735,0.0,0.0,84.81458648916146,0,0,0.0,1.0,0,0,1,2.7,24.0
2024-01-04 00:20:00,2024-01-04 00:20:00,128.28211854855581,0.0,0.0,82.25780114636221,0,0,0.0,1.0,0,0,1,2.7,24.0
2024-01-04 00:25:00,2024-01-04 00:25:00,140.16578101895158,0.0,0.0,74.47719144215614,0,0,0.0,1.0,0,0,1,2.7,24.0
2024-01-04 00:30:00,2024-01-04 00:30:00,134.47412289929056,0.0,0.0,82.54826432785005,0,0,0.0,1.0,0,0,1,2.7,24.0
2024-01-04 00:35:00,2024-01-04 00:35:00,136.27242193448583,0.0,0.0,71.8803365185442,0,0,0.0,1.0,0,0,1,2.7,24.0
2024-01-04 00:40:00,2024-01-04 00:40:00,131.03442914592193,0.0,0.0,77.63920207676806,100,0,0.0,1.0,0,0,1,2.7,24.0
2024-01-04 00:45:00,2024-01-04 00:45:00,132.76379684606383,0.0,0.0,83.20301255665676,0,0,0.0,1.0,0,0,1,2.7,24.0
2024-01-04 00:50:00,2024-01-04 00:50:00,128.50505433585286,0.0,0.0,80.80683889063877,0,0,0.0,1.0,0,0,1,2.7,24.0
2024-01-04 00:55:00,2024-01-04 00:55:00,134.64057828242173,0.0,0.0,76.32959065896054,0,0,0.0,1.0,0,0,1,2.7,24.0
2024-01-04 01:00:00,2024-01-04 01:00:00,135.67053044312416,0.0,0.0,75.34857121784397,0,0,0.25881904510252074,0.9659258262890683,0,0,1,2.7,0.0
2024-01-04 01:05:00,2024-01-04 01:05:00,139.34381847034513,0.0,0.0,83.1471430847368,0,0,0.25881904510252074,0.9659258262890683,0,0,1,2.7,0.0
2024-01-04 01:10:00,2024-01-04 01:10:00,125.41128159947175,0.0,0.0,80.04151201545427,0,0,0.25881904510252074,0.9659258262890683,0,0,1,2.7,0.0
2024-01-04 01:15:00,2024-01-04 01:15:00,132.92632762484757,0.0,0.0,83.29595854269424,0,0,0.25881904510252074,0.9659258262890683,0,0,1,2.7,0.0
2024-01-04 01:20:00,2024-01-04 01:20:00,138.22055155331586,0.0,0.0,83.18311499207486,100,0,0.25881904510252074,0.9659258262890683,0,0,1,2.7,0.0
2024-01-04 01:25:00,2024-01-04 01:25:00,135.4953921593334,0.0,0.0,86.03589504247155,0,0,0.25881904510252074,0.9659258262890683,0,0,1,2.7,0.0
2024-01-04 01:30:00,2024-01-04 01:30:00,136.5540890305508,0.0,0.0,73.03526143210343,0,0,0.25881904510252074,0.9659258262890683,0,0,1,2.7,0.0
2024-01-04 01:35:00,2024-01-04 01:35:00,133.54555742362263,0.0,0.0,78.92149801186697,0,0,0.25881904510252074,0.9659258262890683,0,0,1,2.7,0.0
2024-01-04 01:40:00,2024-01-04 01:40:00,126.59418392043293,0.0,0.0,83.79938015513774,0,0,0.25881904510252074,0.9659258262890683,0,0,1,2.7,0.0
2024-01-04 01:45:00,2024-01-04 01:45:00,131.9271849921594,0.0,0.0,87.44266864342733,0,0,0.25881904510252074,0.9659258262890683,0,0,1,2.7,0.0
2024-01-04 01:50:00,2024-01-04 01:50:00,133.40299707649953,0.0,0.0,83.71052178993529,0,0,0.25881904510252074,0.9659258262890683,0,0,1,2.7,0.0
2024-01-04 01:55:00,2024-01-04 01:55:00,137.24037659268973,0.0,0.0,89.59535994337809,0,0,0.25881904510252074,0.9659258262890683,0,0,1,2.7,0.0
2024-01-04 02:00:00,2024-01-04 02:00:00,132.52270593466272,0.0,0.0,83.858038995877,0,0,0.49999999999999994,0.8660254037844387,0,0,1,2.7,0.0
2024-01-04 02:05:00,2024-01-04 02:05:00,128.27023903306724,0.0,0.0,83.02917223067075,0,0,0.49999999999999994,0.8660254037844387,0,0,1,2.7,0.0
2024-01-04 02:10:00,2024-01-04 02:10:00,144.19583725063163,0.0,0.0,72.71294853385415,0,0,0.49999999999999994,0.8660254037844387,0,0,1,2.7,0.0
2024-01-04 02:15:00,2024-01-04 02:15:00,132.4759842542207,0.0,0.0,96.94660750792274,0,0,0.49999999999999994,0.8660254037844387,0,0,1,2.7,0.0
2024-01-04 02:20:00,2024-01-04 02:20:00,134.60187458929602,0.0,0.0,78.08997361867823,0,0,0.49999999999999994,0.8660254037844387,0,0,1,2.7,0.0
2024-01-04 02:25:00,2024-01-04 02:25:00,129.6464801712585,0.0,0.0,76.00020041694935,0,0,0.49999999999999994,0.8660254037844387,0,0,1,2.7,0.0
2024-01-04 02:30:00,2024-01-04 02:30:00,141.56527082831954,0.0,0.0,93.21850248970605,0,0,0.49999999999999994,0.8660254037844387,0,0,1,2.7,0.0
2024-01-04 02:35:00,2024-01-04 02:35:00,150.37973909205726,0.0,0.0,79.53959501221978,0,0,0.49999999999999994,0.8660254037844387,0,0,1,2.7,0.0
2024-01-04 02:40:00,2024-01-04 02:40:00,147.42514356373715,0.0,0.0,81.31139810788335,0,0,0.49999999999999994,0.8660254037844387,0,0,1,2.7,0.0
2024-01-04 02:45:00,2024-01-04 02:45:00,131.44447158167816,0.0,0.0,81.03905136536271,0,0,0.49999999999999994,0.8660254037844387,0,0,1,2.7,0.0
2024-01-04 02:50:00,2024-01-04 02:50:00,136.1448481647848,0.0,0.0,81.82111562475151,0,0,0.49999999999999994,0.8660254037844387,0,0,1,2.7,0.0
2024-01-04 02:55:00,2024-01-04 02:55:00,133.33781690511708,0.0,0.0,71.29493573030001,0,0,0.49999999999999994,0.8660254037844387,0,0,1,2.7,0.0
2024-01-04 03:00:00,2024-01-04 03:00:00,143.33151003482317,5.0,50.0,83.28788059613736,0,0,0.7071067811865475,0.7071067811865476,0,0,1,4.5,40.0
2024-01-04 03:05:00,2024-01-04 03:05:00,142.1256745495651,0.0,0.0,75.1533024065892,0,0,0.7071067811865475,0.7071067811865476,0,0,1,4.5,40.0
2024-01-04 03:10:00,2024-01-04 03:10:00,139.75451842882484,0.0,0.0,75.67144116947779,0,0,0.7071067811865475,0.7071067811865476,0,0,1,4.5,40.0
2024-01-04 03:15:00,2024-01-04 03:15:00,136.94266400675954,0.0,0.0,76.97753841015162,100,0,0.7071067811865475,0.7071067811865476,0,0,1,4.5,40.0
2024-01-04 03:20:00,2024-01-04 03:20:00,149.59445329540935,0.0,0.0,87.00900455616232,0,0,0.7071067811865475,0.7071067811865476,0,0,1,4.5,40.0
2024-01-04 03:25:00,2024-01-04 03:25:00,144.03758094919957,0.0,0.0,71.7259980953817,0,0,0.7071067811865475,0.7071067811865476,0,0,1,4.5,40.0
2024-01-04 03:30:00,2024-01-04 03:30:00,156.51188781103642,0.0,0.0,85.23949869631687,0,0,0.7071067811865475,0.7071067811865476,0,0,1,4.5,40.0
2024-01-04 03:35:00,2024-01-04 03:35:00,160.29731066823192,0.0,0.0,78.24675083715003,0,0,0.7071067811865475,0.7071067811865476,0,0,1,4.5,40.0
2024-01-04 03:40:00,2024-01-04 03:40:00,155.27413281300275,0.0,0.0,74.20044323141661,0,0,0.7071067811865475,0.7071067811865476,0,0,1,4.5,40.0
2024-01-04 03:45:00,2024-01-04 03:45:00,155.73044030914085,0.0,0.0,84.43279880468879,0,0,0.7071067811865475,0.7071067811865476,0,0,1,4.5,40.0
2024-01-04 03:50:00,2024-01-04 03:50:00,159.28892708541147,0.0,0.0,89.06521672144288,0,0,0.7071067811865475,0.7071067811865476,0,0,1,4.5,40.0
2024-01-04 03:55:00,2024-01-04 03:55:00,150.0589793732659,0.0,0.0,91.52853048424674,0,0,0.7071067811865475,0.7071067811865476,0,0,1,4.5,40.0
2024-01-04 04:00:00,2024-01-04 04:00:00,171.7773067529068,0.0,0.0,79.91735973487422,0,0,0.8660254037844386,0.5000000000000001,0,0,1,4.5,40.0
2024-01-04 04:05:00,2024-01-04 04:05:00,170.8557808459236,0.0,0.0,78.4261082640877,0,0,0.8660254037844386,0.5000000000000001,0,0,1,4.5,40.0
2024-01-04 04:10:00,2024-01-04 04:10:00,176.80403201672124,0.0,0.0,92.59333976270119,0,0,0.8660254037844386,0.5000000000000001,0,0,1,4.5,40.0
2024-01-04 04:15:00,2024-01-04 04:15:00,174.62426998761185,0.0,0.0,79.49340759098958,100,0,0.8660254037844386,0.5000000000000001,0,0,1,4.5,40.0
2024-01-04 04:20:00,2024-01-04 04:20:00,183.09520063024118,0.0,0.0,88.31578050432134,0,0,0.8660254037844386,0.5000000000000001,0,0,1,4.5,40.0
2024-01-04 04:25:00,2024-01-04 04:25:00,194.4157762422693,0.0,0.0,71.36598677756969,100,0,0.8660254037844386,0.5000000000000001,0,0,1,4.5,40.0
2024-01-04 04:30:00,2024-01-04 04:30:00,185.1541344190121,0.0,0.0,84.03723831029521,0,0,0.8660254037844386,0.5000000000000001,0,0,1,4.5,40.0
2024-01-04 04:35:00,2024-01-04 04:35:00,183.00478135744808,0.0,0.0,80.44868831238928,0,0,0.8660254037844386,0.5000000000000001,0,0,1,4.5,40.0
2024-01-04 04:40:00,2024-01-04 04:40:00,179.7650217530314,0.0,0.0,81.18335184141957,0,0,0.8660254037844386,0.5000000000000001,0,0,1,4.5,40.0
2024-01-04 04:45:00,2024-01-04 04:45:00,167.68110017225908,0.0,0.0,72.4395571020566,0,0,0.8660254037844386,0.5000000000000001,0,0,1,4.5,40.0
2024-01-04 04:50:00,2024-01-04 04:50:00,172.89048582099466,0.0,0.0,86.94743292675334,0,0,0.8660254037844386,0.5000000000000001,0,0,1,4.5,40.0
2024-01-04 04:55:00,2024-01-04 04:55:00,159.94859085954764,0.0,0.0,76.198272704023,0,0,0.8660254037844386,0.5000000000000001,0,0,1,4.5,40.0
2024-01-04 05:00:00,2024-01-04 05:00:00,171.901084605607,0.0,0.0,73.05459585419685,0,0,0.9659258262890683,0.25881904510252074,0,0,1,4.5,40.0
2024-01-04 05:05:00,2024-01-04 05:05:00,167.97914327214707,0.0,0.0,74.27335238320174,0,0,0.9659258262890683,0.25881904510252074,0,0,1,4.5,40.0
2024-01-04 05:10:00,2024-01-04 05:10:00,159.19974386935127,0.0,0.0,81.10533155956435,0,0,0.9659258262890683,0.25881904510252074,0,0,1,4.5,40.0
2024-01-04 05:15:00,2024-01-04 05:15:00,149.0875679686444,0.0,0.0,78.17685681375278,100,0,0.9659258262890683,0.25881904510252074,0,0,1,4.5,40.0
2024-01-04 05:20:00,2024-01-04 05:20:00,149.69043372957626,0.0,0.0,76.44362839219475,0,0,0.9659258262890683,0.25881904510252074,0,0,1,4.5,40.0
2024-01-04 05:25:00,2024-01-04 05:25:00,159.36185227539698,0.0,0.0,80.6332946834162,0,0,0.9659258262890683,0.25881904510252074,0,0,1,4.5,40.0
2024-01-04 05:30:00,2024-01-04 05:30:00,149.4010154731487,0.0,0.0,87.49677655384315,0,0,0.9659258262890683,0.25881904510252074,0,0,1,4.5,40.0
2024-01-04 05:35:00,2024-01-04 05:35:00,149.8801310510448,0.0,0.0,74.71993660483616,0,0,0.9659258262890683,0.25881904510252074,0,0,1,4.5,40.0
2024-01-04 05:40:00,2024-01-04 05:40:00,144.66047136857733,0.0,0.0,79.02615361535321,0,0,0.9659258262890683,0.25881904510252074,0,0,1,4.5,40.0
2024-01-04 05:45:00,2024-01-04 05:45:00,153.72693046066468,0.0,0.0,77.0504610626806,100,0,0.9659258262890683,0.25881904510252074,0,0,1,4.5,40.0
2024-01-04 05:50:00,2024-01-04 05:50:00,142.35124601526067,0.0,0.0,86.35991906323531,0,0,0.9659258262890683,0.25881904510252074,0,0,1,4.5,40.0
2024-01-04 05:55:00,2024-01-04 05:55:00,148.71723604939746,0.0,0.0,84.7926319678659,0,0,0.9659258262890683,0.25881904510252074,0,0,1,4.5,40.0
2024-01-04 06:00:00,2024-01-04 06:00:00,143.20154034612716,0.0,0.0,76.39891547478587,0,0,1.0,6.123233995736766e-17,0,0,1,4.5,0.0
2024-01-04 06:05:00,2024-01-04 06:05:00,144.98236880917358,0.0,0.0,76.18088118284417,0,0,1.0,6.123233995736766e-17,0,0,1,4.5,0.0
2024-01-04 06:10:00,2024-01-04 06:10:00,155.5160798922255,0.0,0.0,82.83592035368079,0,0,1.0,6.123233995736766e-17,0,0,1,4.5,0.0
2024-01-04 06:15:00,2024-01-04 06:15:00,150.0032720098994,0.0,0.0,87.6213831350231,0,0,1.0,6.123233995736766e-17,0,0,1,4.5,0.0
2024-01-04 06:20:00,2024-01-04 06:20:00,139.46462328564394,0.0,0.0,85.46931520869826,0,0,1.0,6.123233995736766e-17,0,0,1,4.5,0.0
2024-01-04 06:25:00,2024-01-04 06:25:00,147.82634954223667,0.0,0.0,84.00183640499142,0,0,1.0,6.123233995736766e-17,0,0,1,4.5,0.0
2024-01-04 06:30:00,2024-01-04 06:30:00,146.70419929393287,0.0,0.0,86.87456822067008,0,0,1.0,6.123233995736766e-17,0,0,1,4.5,0.0
2024-01-04 06:35:00,2024-01-04 06:35:00,142.0923187616011,0.0,0.0,77.17738867026922,0,0,1.0,6.123233995736766e-17,0,0,1,4.5,0.0
2024-01-04 06:40:00,2024-01-04 06:40:00,148.67761928241794,0.0,0.0,79.13966269909575,0,0,1.0,6.123233995736766e-17,0,0,1,4.5,0.0
2024-01-04 06:45:00,2024-01-04 06:45:00,150.3389266053232,0.0,0.0,76.05870976437859,0,0,1.0,6.123233995736766e-17,0,0,1,4.5,0.0
2024-01-04 06:50:00,2024-01-04 06:50:00,139.24091677097744,0.0,0.0,86.4959617306415,100,0,1.0,6.123233995736766e-17,0,0,1,4.5,0.0
2024-01-04 06:55:00,2024-01-04 06:55:00,152.74825287603682,0.0,0.0,69.72523903450832,0,0,1.0,6.123233995736766e-17,0,0,1,4.5,0.0
2024-01-04 07:00:00,2024-01-04 07:00:00,137.1850205571852,0.0,0.0,89.88226435927152,0,0,0.9659258262890683,-0.25881904510252063,0,0,1,4.5,0.0
2024-01-04 07:05:00,2024-01-04 07:05:00,141.04354740521765,0.0,0.0,73.59571182557224,0,0,0.9659258262890683,-0.25881904510252063,0,0,1,4.5,0.0
2024-01-04 07:10:00,2024-01-04 07:10:00,135.42106022180266,0.0,0.0,78.46492611035119,0,0,0.9659258262890683,-0.25881904510252063,0,0,1,4.5,0.0
2024-01-04 07:15:00,2024-01-04 07:15:00,144.52775867307616,0.0,0.0,77.70661998047761,0,0,0.9659258262890683,-0.25881904510252063,0,0,1,4.5,0.0
2024-01-04 07:20:00,2024-01-04 07:20:00,149.52051869905475,0.0,0.0,76.57678605593834,0,0,0.9659258262890683,-0.25881904510252063,0,0,1,4.5,0.0
2024-01-04 07:25:00,2024-01-04 07:25:00,140.6432051870614,0.0,0.0,83.25665511587766,100,0,0.9659258262890683,-0.25881904510252063,0,0,1,4.5,0.0
2024-01-04 07:30:00,2024-01-04 07:30:00,144.00196156097607,0.0,0.0,78.21601930513725,0,0,0.9659258262890683,-0.25881904510252063,0,0,1,4.5,0.0
2024-01-04 07:35:00,2024-01-04 07:35:00,145.1043144490514,0.0,0.0,72.52943053212968,0,0,0.9659258262890683,-0.25881904510252063,0,0,1,4.5,0.0
2024-01-04 07:40:00,2024-01-04 07:40:00,149.03440595710225,0.0,0.0,86.5616172808667,0,0,0.9659258262890683,-0.25881904510252063,0,0,1,4.5,0.0
2024-01-04 07:45:00,2024-01-04 07:45:00,140.82397187575458,0.0,0.0,74.76841441669316,0,0,0.9659258262890683,-0.25881904510252063,0,0,1,4.5,0.0
2024-01-04 07:50:00,2024-01-04 07:50:00,144.35090211675578,0.0,0.0,72.15123884675111,0,0,0.9659258262890683,-0.25881904510252063,0,0,1,4.5,0.0
2024-01-04 07:55:00,2024-01-04 07:55:00,137.44575464923207,0.0,0.0,78.12688824044247,0,0,0.9659258262890683,-0.25881904510252063,0,0,1,4.5,0.0
2024-01-04 08:00:00,2024-01-04 08:00:00,140.14735003598344,5.0,50.0,70.5534389856588,0,0,0.8660254037844387,-0.49999999999999983,0,0,1,4.5,40.0
2024-01-04 08:05:00,2024-01-04 08:05:00,134.13057574890553,0.0,0.0,82.5592654168312,0,0,0.8660254037844387,-0.49999999999999983,0,0,1,4.5,40.0
2024-01-04 08:10:00,2024-01-04 08:10:00,139.99156827880932,0.0,0.0,82.98216182748445,100,0,0.8660254037844387,-0.49999999999999983,0,0,1,4.5,40.0
2024-01-04 08:15:00,2024-01-04 08:15:00,145.0566523352989,0.0,0.0,75.74365931227882,0,0,0.8660254037844387,-0.49999999999999983,0,0,1,4.5,40.0
2024-01-04 08:20:00,2024-01-04 08:20:00,145.74160003181223,0.0,0.0,87.29999188320025,0,0,0.8660254037844387,-0.49999999999999983,0,0,1,4.5,40.0
2024-01-04 08:25:00,2024-01-04 08:25:00,153.12555868034275,0.0,0.0,75.6551191989663,0,0,0.8660254037844387,-0.49999999999999983,0,0,1,4.5,40.0
2024-01-04 08:30:00,2024-01-04 08:30:00,149.74180070558506,0.0,0.0,78.23246749862369,0,0,0.8660254037844387,-0.49999999999999983,0,0,1,4.5,40.0
2024-01-04 08:35:00,2024-01-04 08:35:00,158.23705186285687,0.0,0.0,72.05800702445524,100,0,0.8660254037844387,-0.49999999999999983,0,0,1,4.5,40.0
2024-01-04 08:40:00,2024-01-04 08:40:00,148.2059132639697,0.0,0.0,82.29064165207598,0,0,0.8660254037844387,-0.49999999999999983,0,0,1,4.5,40.0
2024-01-04 08:45:00,2024-01-04 08:45:00,163.877813293526,0.0,0.0,79.8372671838139,0,0,0.8660254037844387,-0.49999999999999983,0,0,1,4.5,40.0
2024-01-04 08:50:00,2024-01-04 08:50:00,167.92186910015928,0.0,0.0,79.2869440272106,0,0,0.8660254037844387,-0.49999999999999983,0,0,1,4.5,40.0
2024-01-04 08:55:00,2024-01-04 08:55:00,168.94836403096812,0.0,0.0,83.87515883261436,0,0,0.8660254037844387,-0.49999999999999983,0,0,1,4.5,40.0
2024-01-04 09:00:00,2024-01-04 09:00:00,168.35736083596927,0.0,0.0,75.55155215263386,0,0,0.7071067811865476,-0.7071067811865475,0,0,1,4.5,40.0
2024-01-04 09:05:00,2024-01-04 09:05:00,173.14643185421306,0.0,0.0,77.11248410677864,0,0,0.7071067811865476,-0.7071067811865475,0,0,1,4.5,40.0
2024-01-04 09:10:00,2024-01-04 09:10:00,178.65062592525854,0.0,0.0,80.76719407039587,0,0,0.7071067811865476,-0.7071067811865475,0,0,1,4.5,40.0
2024-01-04 09:15:00,2024-01-04 09:15:00,177.93198967417229,0.0,0.0,79.33122032077098,0,0,0.7071067811865476,-0.7071067811865475,0,0,1,4.5,40.0
2024-01-04 09:20:00,2024-01-04 09:20:00,181.95112762457163,0.0,0.0,74.85584680157143,0,0,0.7071067811865476,-0.7071067811865475,0,0,1,4.5,40.0
2024-01-04 09:25:00,2024-01-04 09:25:00,176.91230730949303,0.0,0.0,81.78167201945458,0,0,0.7071067811865476,-0.7071067811865475,0,0,1,4.5,40.0
2024-01-04 09:30:00,2024-01-04 09:30:00,177.09993433143993,0.0,0.0,78.40885126296166,0,0,0.7071067811865476,-0.7071067811865475,0,0,1,4.5,40.0
2024-01-04 09:35:00,2024-01-04 09:35:00,169.59504193507618,0.0,0.0,80.74589870678798,0,0,0.7071067811865476,-0.7071067811865475,0,0,1,4.5,40.0
2024-01-04 09:40:00,2024-01-04 09:40:00,175.92960248113076,0.0,0.0,74.88074144182517,0,0,0.7071067811865476,-0.7071067811865475,0,0,1,4.5,40.0
2024-01-04 09:45:00,2024-01-04 09:45:00,174.77521022899126,0.0,0.0,71.28583871533873,0,0,0.7071067811865476,-0.7071067811865475,0,0,1,4.5,40.0
2024-01-04 09:50:00,2024-01-04 09:50:00,165.02768838212077,0.0,0.0,82.52772692131258,0,0,0.7071067811865476,-0.7071067811865475,0,0,1,4.5,40.0
2024-01-04 09:55:00,2024-01-04 09:55:00,166.25689133067374,0.0,0.0,86.05942542737422,100,0,0.7071067811865476,-0.7071067811865475,0,0,1,4.5,40.0
2024-01-04 10:00:00,2024-01-04 10:00:00,166.2366711132048,0.0,0.0,82.59000600812276,0,0,0.49999999999999994,-0.8660254037844387,0,0,1,4.5,40.0
2024-01-04 10:05:00,2024-01-04 10:05:00,154.67397896015456,0.0,0.0,81.99866374495735,0,0,0.49999999999999994,-0.8660254037844387,0,0,1,4.5,40.0
2024-01-04 10:10:00,2024-01-04 10:10:00,151.40663337718158,0.0,0.0,83.38958616449301,0,0,0.49999999999999994,-0.8660254037844387,0,0,1,4.5,40.0
2024-01-04 10:15:00,2024-01-04 10:15:00,144.92914021234967,0.0,0.0,76.41985466983336,100,0,0.49999999999999994,-0.8660254037844387,0,0,1,4.5,40.0
2024-01-04 10:20:00,2024-01-04 10:20:00,152.5560284754778,0.0,0.0,71.00527213637397,0,0,0.49999999999999994,-0.8660254037844387,0,0,1,4.5,40.0
2024-01-04 10:25:00,2024-01-04 10:25:00,144.59511565723366,0.0,0.0,78.38990006983758,100,0,0.49999999999999994,-0.8660254037844387,0,0,1,4.5,40.0
2024-01-04 10:30:00,2024-01-04 10:30:00,139.57389424361295,0.0,0.0,75.95812705551842,100,0,0.49999999999999994,-0.8660254037844387,0,0,1,4.5,40.0
2024-01-04 10:35:00,2024-01-04 10:35:00,142.24891036796393,0.0,0.0,71.39473293464,0,0,0.49999999999999994,-0.8660254037844387,0,0,1,4.5,40.0
2024-01-04 10:40:00,2024-01-04 10:40:00,136.8849103411744,0.0,0.0,92.06976957081422,0,0,0.49999999999999994,-0.8660254037844387,0,0,1,4.5,40.0
2024-01-04 10:45:00,2024-01-04 10:45:00,143.0784643628545,0.0,0.0,72.35084631812602,0,0,0.49999999999999994,-0.8660254037844387,0,0,1,4.5,40.0
2024-01-04 10:50:00,2024-01-04 10:50:00,139.12018776405512,0.0,0.0,81.36857937592866,0,0,0.49999999999999994,-0.8660254037844387,0,0,1,4.5,40.0
2024-01-04 10:55:00,2024-01-04 10:55:00,136.73568975271874,0.0,0.0,85.53198040414507,0,0,0.49999999999999994,-0.8660254037844387,0,0,1,4.5,40.0
2024-01-04 11:00:00,2024-01-04 11:00:00,130.2972089930704,0.0,0.0,89.2869012591738,0,0,0.258819045102521,-0.9659258262890682,0,0,1,4.5,0.0
2024-01-04 11:05:00,2024-01-04 11:05:00,140.26381481848327,0.0,0.0,81.07066233644117,0,0,0.258819045102521,-0.9659258262890682,0,0,1,4.5,0.0
2024-01-04 11:10:00,2024-01-04 11:10:00,130.604898715731,0.0,0.0,76.16961089001545,0,0,0.258819045102521,-0.9659258262890682,0,0,1,4.5,0.0
2024-01-04 11:15:00,2024-01-04 11:15:00,148.5698386942293,0.0,0.0,86.80812621764848,0,0,0.258819045102521,-0.9659258262890682,0,0,1,4.5,0.0
2024-01-04 11:20:00,2024-01-04 11:20:00,135.3622582216759,0.0,0.0,74.01903636384208,0,0,0.258819045102521,-0.9659258262890682,0,0,1,4.5,0.0
2024-01-04 11:25:00,2024-01-04 11:25:00,132.4835932500441,0.0,0.0,81.05375563790707,0,0,0.258819045102521,-0.9659258262890682,0,0,1,4.5,0.0
2024-01-04 11:30:00,2024-01-04 11:30:00,132.22246876629916,0.0,0.0,86.10029152391195,0,0,0.258819045102521,-0.9659258262890682,0,0,1,4.5,0.0
2024-01-04 11:35:00,2024-01-04 11:35:00,129.8384914808064,0.0,0.0,79.50484510265535,0,0,0.258819045102521,-0.9659258262890682,0,0,1,4.5,0.0
2024-01-04 11:40:00,2024-01-04 11:40:00,137.69156191765487,0.0,0.0,73.68518218082917,0,0,0.258819045102521,-0.9659258262890682,0,0,1,4.5,0.0
2024-01-04 11:45:00,2024-01-04 11:45:00,123.42934832688178,0.0,0.0,72.78072263509627,0,0,0.258819045102521,-0.9659258262890682,0,0,1,4.5,0.0
2024-01-04 11:50:00,2024-01-04 11:50:00,134.9367220439063,0.0,0.0,72.45867495137699,0,0,0.258819045102521,-0.9659258262890682,0,0,1,4.5,0.0
2024-01-04 11:55:00,2024-01-04 11:55:00,124.14372580496536,0.0,0.0,76.83224961798675,0,0,0.258819045102521,-0.9659258262890682,0,0,1,4.5,0.0
2024-01-04 12:00:00,2024-01-04 12:00:00,130.912887894827,0.0,0.0,85.54616298153995,0,0,1.2246467991473532e-16,-1.0,0,0,1,4.5,0.0
2024-01-04 12:05:00,2024-01-04 12:05:00,123.70042234765926,0.0,0.0,77.88491400689918,0,0,1.2246467991473532e-16,-1.0,0,0,1,4.5,0.0
2024-01-04 12:10:00,2024-01-04 12:10:00,132.08687947324438,0.0,0.0,79.73820852604597,100,0,1.2246467991473532e-16,-1.0,0,0,1,4.5,0.0
2024-01-04 12:15:00,2024-01-04 12:15:00,132.2743417851524,0.0,0.0,72.35269484575218,0,0,1.2246467991473532e-16,-1.0,0,0,1,4.5,0.0
2024-01-04 12:20:00,2024-01-04 12:20:00,132.3986801307847,0.0,0.0,86.94772769042955,0,0,1.2246467991473532e-16,-1.0,0,0,1,4.5,0.0
2024-01-04 12:25:00,2024-01-04 12:25:00,130.9546613087101,0.0,0.0,83.27785302037952,0,0,1.2246467991473532e-16,-1.0,0,0,1,4.5,0.0
2024-01-04 12:30:00,2024-01-04 12:30:00,129.2544101295056,0.0,0.0,84.91839178552203,0,0,1.2246467991473532e-16,-1.0,0,0,1,4.5,0.0
2024-01-04 12:35:00,2024-01-04 12:35:00,124.67864671911079,0.0,0.0,75.76548113553669,0,0,1.2246467991473532e-16,-1.0,0,0,1,4.5,0.0
2024-01-04 12:40:00,2024-01-04 12:40:00,128.08867219414796,0.0,0.0,78.02646944040893,0,0,1.2246467991473532e-16,-1.0,0,0,1,4.5,0.0
2024-01-04 12:45:00,2024-01-04 12:45:00,127.38361135405172,0.0,0.0,75.01783483809447,0,0,1.2246467991473532e-16,-1.0,0,0,1,4.5,0.0
2024-01-04 12:50:00,2024-01-04 12:50:00,132.8777370977648,0.0,0.0,72.07815329292899,0,0,1.2246467991473532e-16,-1.0,0,0,1,4.5,0.0
2024-01-04 12:55:00,2024-01-04 12:55:00,129.48312780705766,0.0,0.0,81.35868990524567,0,0,1.2246467991473532e-16,-1.0,0,0,1,4.5,0.0
2024-01-04 13:00:00,2024-01-04 13:00:00,122.4481634571562,3.0,30.0,75.22037927802435,0,0,-0.2588190451025208,-0.9659258262890683,0,0,1,2.7,24.0
2024-01-04 13:05:00,2024-01-04 13:05:00,124.77592814407957,0.0,0.0,83.06800563050513,100,0,-0.2588190451025208,-0.9659258262890683,0,0,1,2.7,24.0
2024-01-04 13:10:00,2024-01-04 13:10:00,123.88787247000506,0.0,0.0,81.67183331287525,100,0,-0.2588190451025208,-0.9659258262890683,0,0,1,2.7,24.0
2024-01-04 13:15:00,2024-01-04 13:15:00,132.79668207921196,0.0,0.0,75.60945203352485,0,0,-0.2588190451025208,-0.9659258262890683,0,0,1,2.7,24.0
2024-01-04 13:20:00,2024-01-04 13:20:00,129.69073883892844,0.0,0.0,77.29338239753221,100,0,-0.2588190451025208,-0.9659258262890683,0,0,1,2.7,24.0
2024-01-04 13:25:00,2024-01-04 13:25:00,130.28223083347515,0.0,0.0,71.5791285126359,0,0,-0.2588190451025208,-0.9659258262890683,0,0,1,2.7,24.0
2024-01-04 13:30:00,2024-01-04 13:30:00,130.53707181714145,0.0,0.0,84.12189438138266,0,0,-0.2588190451025208,-0.9659258262890683,0,0,1,2.7,24.0
2024-01-04 13:35:00,2024-01-04 13:35:00,130.7314533606496,0.0,0.0,84.20445256833474,0,0,-0.2588190451025208,-0.9659258262890683,0,0,1,2.7,24.0
2024-01-04 13:40:00,2024-01-04 13:40:00,135.1268478741713,0.0,0.0,82.33083747822478,0,0,-0.2588190451025208,-0.9659258262890683,0,0,1,2.7,24.0
2024-01-04 13:45:00,2024-01-04 13:45:00,133.766037168008,0.0,0.0,81.4480262139016,0,0,-0.2588190451025208,-0.9659258262890683,0,0,1,2.7,24.0
2024-01-04 13:50:00,2024-01-04 13:50:00,134.83551307425603,0.0,0.0,78.70318298013873,100,0,-0.2588190451025208,-0.9659258262890683,0,0,1,2.7,24.0
2024-01-04 13:55:00,2024-01-04 13:55:00,135.28899122215927,0.0,0.0,78.14617822655073,0,0,-0.2588190451025208,-0.9659258262890683,0,0,1,2.7,24.0
2024-01-04 14:00:00,2024-01-04 14:00:00,138.49019418609348,0.0,0.0,72.34541633431792,100,0,-0.4999999999999998,-0.8660254037844388,0,0,1,2.7,24.0
2024-01-04 14:05:00,2024-01-04 14:05:00,142.4790737243965,0.0,0.0,89.96589852590334,0,0,-0.4999999999999998,-0.8660254037844388,0,0,1,2.7,24.0
2024-01-04 14:10:00,2024-01-04 14:10:00,132.42509109724486,0.0,0.0,77.08760427038222,0,0,-0.4999999999999998,-0.8660254037844388,0,0,1,2.7,24.0
2024-01-04 14:15:00,2024-01-04 14:15:00,148.57915141152998,0.0,0.0,79.76293387508538,0,0,-0.4999999999999998,-0.8660254037844388,0,0,1,2.7,24.0
2024-01-04 14:20:00,2024-01-04 14:20:00,147.695244591272,0.0,0.0,83.99953069374337,0,0,-0.4999999999999998,-0.8660254037844388,0,0,1,2.7,24.0
2024-01-04 14:25:00,2024-01-04 14:25:00,141.14462048068899,0.0,0.0,78.90500914384441,0,0,-0.4999999999999998,-0.8660254037844388,0,0,1,2.7,24.0
2024-01-04 14:30:00,2024-01-04 14:30:00,142.42110703908983,0.0,0.0,74.09972842051063,0,0,-0.4999999999999998,-0.8660254037844388,0,0,1,2.7,24.0
2024-01-04 14:35:00,2024-01-04 14:35:00,154.6696668951866,0.0,0.0,81.00696772331507,0,0,-0.4999999999999998,-0.8660254037844388,0,0,1,2.7,24.0
2024-01-04 14:40:00,2024-01-04 14:40:00,137.34799837412345,0.0,0.0,72.48837867471018,0,0,-0.4999999999999998,-0.8660254037844388,0,0,1,2.7,24.0
2024-01-04 14:45:00,2024-01-04 14:45:00,142.0388943998131,0.0,0.0,84.20539372135258,0,0,-0.4999999999999998,-0.8660254037844388,0,0,1,2.7,24.0
2024-01-04 14:50:00,2024-01-04 14:50:00,144.5210165067524,0.0,0.0,76.73211791533117,0,0,-0.4999999999999998,-0.8660254037844388,0,0,1,2.7,24.0
2024-01-04 14:55:00,2024-01-04 14:55:00,146.40643114593215,0.0,0.0,77.51354746629049,0,0,-0.4999999999999998,-0.8660254037844388,0,0,1,2.7,24.0
2024-01-04 15:00:00,2024-01-04 15:00:00,128.2179706428082,0.0,0.0,73.05283585609554,0,0,-0.7071067811865471,-0.7071067811865479,0,0,1,2.7,24.0
2024-01-04 15:05:00,2024-01-04 15:05:00,125.8677015318176,0.0,0.0,75.69650978407785,0,0,-0.7071067811865471,-0.7071067811865479,0,0,1,2.7,24.0
2024-01-04 15:10:00,2024-01-04 15:10:00,132.9362634657132,0.0,0.0,69.76327837407163,100,0,-0.7071067811865471,-0.7071067811865479,0,0,1,2.7,24.0
2024-01-04 15:15:00,2024-01-04 15:15:00,132.52260646549834,0.0,0.0,78.92446600666308,100,0,-0.7071067811865471,-0.7071067811865479,0,0,1,2.7,24.0
2024-01-04 15:20:00,2024-01-04 15:20:00,132.00744878722418,0.0,0.0,76.48375668063201,0,0,-0.7071067811865471,-0.7071067811865479,0,0,1,2.7,24.0
2024-01-04 15:25:00,2024-01-04 15:25:00,117.52415761946547,0.0,0.0,79.41496288168749,100,0,-0.7071067811865471,-0.7071067811865479,0,0,1,2.7,24.0
2024-01-04 15:30:00,2024-01-04 15:30:00,123.1224659593808,0.0,0.0,82.62481305123084,0,0,-0.7071067811865471,-0.7071067811865479,0,0,1,2.7,24.0
2024-01-04 15:35:00,2024-01-04 15:35:00,122.83140923810384,0.0,0.0,80.00487864923296,0,0,-0.7071067811865471,-0.7071067811865479,0,0,1,2.7,24.0
2024-01-04 15:40:00,2024-01-04 15:40:00,112.10726442976122,0.0,0.0,78.34969439296343,0,0,-0.7071067811865471,-0.7071067811865479,0,0,1,2.7,24.0
2024-01-04 15:45:00,2024-01-04 15:45:00,116.38008543045461,0.0,0.0,84.01555700641475,100,0,-0.7071067811865471,-0.7071067811865479,0,0,1,2.7,24.0
2024-01-04 15:50:00,2024-01-04 15:50:00,123.66646658632857,0.0,0.0,74.28651261797218,0,0,-0.7071067811865471,-0.7071067811865479,0,0,1,2.7,24.0
2024-01-04 15:55:00,2024-01-04 15:55:00,119.6891666384007,0.0,0.0,77.42413482801105,0,0,-0.7071067811865471,-0.7071067811865479,0,0,1,2.7,24.0
2024-01-04 16:00:00,2024-01-04 16:00:00,112.68512582798695,0.0,0.0,77.65054743975774,0,0,-0.8660254037844384,-0.5000000000000004,0,0,1,2.7,0.0
2024-01-04 16:05:00,2024-01-04 16:05:00,120.62773027116829,0.0,0.0,90.12574513086801,0,0,-0.8660254037844384,-0.5000000000000004,0,0,1,2.7,0.0
2024-01-04 16:10:00,2024-01-04 16:10:00,131.33592299621998,0.0,0.0,74.83492035255762,0,0,-0.8660254037844384,-0.5000000000000004,0,0,1,2.7,0.0
2024-01-04 16:15:00,2024-01-04 16:15:00,115.92750065004556,0.0,0.0,80.58396109090572,0,0,-0.8660254037844384,-0.5000000000000004,0,0,1,2.7,0.0
2024-01-04 16:20:00,2024-01-04 16:20:00,116.21320832741189,0.0,0.0,85.47884507841674,0,0,-0.8660254037844384,-0.5000000000000004,0,0,1,2.7,0.0
2024-01-04 16:25:00,2024-01-04 16:25:00,107.56017901019334,0.0,0.0,71.2484623824691,100,0,-0.8660254037844384,-0.5000000000000004,0,0,1,2.7,0.0
2024-01-04 16:30:00,2024-01-04 16:30:00,112.9579325970961,0.0,0.0,76.03403978108942,0,0,-0.8660254037844384,-0.5000000000000004,0,0,1,2.7,0.0
2024-01-04 16:35:00,2024-01-04 16:35:00,119.98114227219443,0.0,0.0,81.25660945411342,100,0,-0.8660254037844384,-0.5000000000000004,0,0,1,2.7,0.0
2024-01-04 16:40:00,2024-01-04 16:40:00,114.59506460256242,0.0,0.0,83.03523491772953,100,0,-0.8660254037844384,-0.5000000000000004,0,0,1,2.7,0.0
2024-01-04 16:45:00,2024-01-04 16:45:00,116.23951051887322,0.0,0.0,79.58477677771312,0,0,-0.8660254037844384,-0.5000000000000004,0,0,1,2.7,0.0
2024-01-04 16:50:00,2024-01-04 16:50:00,110.75942586906804,0.0,0.0,75.9003904331626,0,0,-0.8660254037844384,-0.5000000000000004,0,0,1,2.7,0.0
2024-01-04 16:55:00,2024-01-04 16:55:00,115.66943989464863,0.0,0.0,79.7822280258125,100,0,-0.8660254037844384,-0.5000000000000004,0,0,1,2.7,0.0
2024-01-04 17:00:00,2024-01-04 17:00:00,111.4459812166061,0.0,0.0,70.87638389566287,0,0,-0.9659258262890683,-0.25881904510252063,0,0,1,2.7,0.0
2024-01-04 17:05:00,2024-01-04 17:05:00,110.22145281179678,0.0,0.0,84.11767301609329,100,0,-0.9659258262890683,-0.25881904510252063,0,0,1,2.7,0.0
2024-01-04 17:10:00,2024-01-04 17:10:00,115.78041125513734,0.0,0.0,75.2011306542569,0,0,-0.9659258262890683,-0.25881904510252063,0,0,1,2.7,0.0
2024-01-04 17:15:00,2024-01-04 17:15:00,116.15908660931666,0.0,0.0,83.90379952122183,100,0,-0.9659258262890683,-0.25881904510252063,0,0,1,2.7,0.0
2024-01-04 17:20:00,2024-01-04 17:20:00,119.28083363374392,0.0,0.0,73.33875049892744,0,0,-0.9659258262890683,-0.25881904510252063,0,0,1,2.7,0.0
2024-01-04 17:25:00,2024-01-04 17:25:00,118.51643757530213,0.0,0.0,79.91543441590943,0,0,-0.9659258262890683,-0.25881904510252063,0,0,1,2.7,0.0
2024-01-04 17:30:00,2024-01-04 17:30:00,117.26351638149593,0.0,0.0,76.95414518305354,0,0,-0.9659258262890683,-0.25881904510252063,0,0,1,2.7,0.0
2024-01-04 17:35:00,2024-01-04 17:35:00,110.90731003310819,0.0,0.0,79.00222227688897,100,0,-0.9659258262890683,-0.25881904510252063,0,0,1,2.7,0.0
2024-01-04 17:40:00,2024-01-04 17:40:00,120.07548118875559,0.0,0.0,76.82323217035541,0,0,-0.9659258262890683,-0.25881904510252063,0,0,1,2.7,0.0
2024-01-04 17:45:00,2024-01-04 17:45:00,120.17714492845994,0.0,0.0,81.1181242582652,0,0,-0.9659258262890683,-0.25881904510252063,0,0,1,2.7,0.0
2024-01-04 17:50:00,2024-01-04 17:50:00,120.56086431908709,0.0,0.0,84.17691554089696,0,0,-0.9659258262890683,-0.25881904510252063,0,0,1,2.7,0.0
2024-01-04 17:55:00,2024-01-04 17:55:00,108.89943399392004,0.0,0.0,79.42428848081674,0,0,-0.9659258262890683,-0.25881904510252063,0,0,1,2.7,0.0
2024-01-04 18:00:00,2024-01-04 18:00:00,121.06469059813564,5.0,50.0,77.31608838278137,0,0,-1.0,-1.8369701987210297e-16,0,0,1,4.5,40.0
2024-01-04 18:05:00,2024-01-04 18:05:00,115.87978650484267,0.0,0.0,81.40536371404954,0,0,-1.0,-1.8369701987210297e-16,0,0,1,4.5,40.0
2024-01-04 18:10:00,2024-01-04 18:10:00,123.77293006112798,0.0,0.0,83.91814557347341,0,0,-1.0,-1.8369701987210297e-16,0,0,1,4.5,40.0
2024-01-04 18:15:00,2024-01-04 18:15:00,118.62464768339304,0.0,0.0,89.0985671790838,0,0,-1.0,-1.8369701987210297e-16,0,0,1,4.5,40.0
2024-01-04 18:20:00,2024-01-04 18:20:00,124.96335236864391,0.0,0.0,83.01039242954441,0,0,-1.0,-1.8369701987210297e-16,0,0,1,4.5,40.0
2024-01-04 18:25:00,2024-01-04 18:25:00,116.7617963065503,0.0,0.0,81.20465106637697,0,0,-1.0,-1.8369701987210297e-16,0,0,1,4.5,40.0
2024-01-04 18:30:00,2024-01-04 18:30:00,121.61293936711652,0.0,0.0,87.14126050047055,0,0,-1.0,-1.8369701987210297e-16,0,0,1,4.5,40.0
2024-01-04 18:35:00,2024-01-04 18:35:00,130.1135375237097,0.0,0.0,80.89153333348057,0,0,-1.0,-1.8369701987210297e-16,0,0,1,4.5,40.0
2024-01-04 18:40:00,2024-01-04 18:40:00,126.97819151875036,0.0,0.0,77.49667346946269,0,0,-1.0,-1.8369701987210297e-16,0,0,1,4.5,40.0
2024-01-04 18:45:00,2024-01-04 18:45:00,129.8297296475037,0.0,0.0,72.78348169580215,0,0,-1.0,-1.8369701987210297e-16,0,0,1,4.5,40.0
2024-01-04 18:50:00,2024-01-04 18:50:00,134.46468653128082,0.0,0.0,81.38919017738279,0,0,-1.0,-1.8369701987210297e-16,0,0,1,4.5,40.0
2024-01-04 18:55:00,2024-01-04 18:55:00,137.47991346476323,0.0,0.0,81.05141310007437,0,0,-1.0,-1.8369701987210297e-16,0,0,1,4.5,40.0
2024-01-04 19:00:00,2024-01-04 19:00:00,133.71752449073205,0.0,0.0,81.31577970448487,100,0,-0.9659258262890684,0.2588190451025203,0,0,1,4.5,40.0
2024-01-04 19:05:00,2024-01-04 19:05:00,148.79911971928613,0.0,0.0,75.25101586402815,100,0,-0.9659258262890684,0.2588190451025203,0,0,1,4.5,40.0
2024-01-04 19:10:00,2024-01-04 19:10:00,157.43697385370734,0.0,0.0,70.74722990117951,100,0,-0.9659258262890684,0.2588190451025203,0,0,1,4.5,40.0
2024-01-04 19:15:00,2024-01-04 19:15:00,149.7921086050329,0.0,0.0,78.20169691427164,0,0,-0.9659258262890684,0.2588190451025203,0,0,1,4.5,40.0
2024-01-04 19:20:00,2024-01-04 19:20:00,152.68519662530787,0.0,0.0,77.2994649713391,0,0,-0.9659258262890684,0.2588190451025203,0,0,1,4.5,40.0
2024-01-04 19:25:00,2024-01-04 19:25:00,154.24439462102796,0.0,0.0,75.7715743220065,0,0,-0.9659258262890684,0.2588190451025203,0,0,1,4.5,40.0
2024-01-04 19:30:00,2024-01-04 19:30:00,154.0334488255692,0.0,0.0,85.29115210900692,0,0,-0.9659258262890684,0.2588190451025203,0,0,1,4.5,40.0
2024-01-04 19:35:00,2024-01-04 19:35:00,158.961098001586,0.0,0.0,87.22780906729271,0,0,-0.9659258262890684,0.2588190451025203,0,0,1,4.5,40.0
2024-01-04 19:40:00,2024-01-04 19:40:00,157.54539659920297,0.0,0.0,81.09691750127247,0,0,-0.9659258262890684,0.2588190451025203,0,0,1,4.5,40.0
2024-01-04 19:45:00,2024-01-04 19:45:00,154.23092928393498,0.0,0.0,79.50042996218939,0,0,-0.9659258262890684,0.2588190451025203,0,0,1,4.5,40.0
2024-01-04 19:50:00,2024-01-04 19:50:00,141.63785113324036,0.0,0.0,77.63729470561442,0,0,-0.9659258262890684,0.2588190451025203,0,0,1,4.5,40.0
2024-01-04 19:55:00,2024-01-04 19:55:00,144.82014091514344,0.0,0.0,76.10773317192209,0,0,-0.9659258262890684,0.2588190451025203,0,0,1,4.5,40.0
2024-01-04 20:00:00,2024-01-04 20:00:00,146.19710179850944,0.0,0.0,73.38535686995994,0,0,-0.8660254037844386,0.5000000000000001,0,0,1,4.5,40.0
2024-01-04 20:05:00,2024-01-04 20:05:00,139.51143656254956,0.0,0.0,83.18176256238631,100,0,-0.8660254037844386,0.5000000000000001,0,0,1,4.5,40.0
2024-01-04 20:10:00,2024-01-04 20:10:00,137.38274193012754,0.0,0.0,72.80370390602518,0,0,-0.8660254037844386,0.5000000000000001,0,0,1,4.5,40.0
2024-01-04 20:15:00,2024-01-04 20:15:00,130.00136884021074,0.0,0.0,76.15626146585501,0,0,-0.8660254037844386,0.5000000000000001,0,0,1,4.5,40.0
2024-01-04 20:20:00,2024-01-04 20:20:00,127.31635334445818,0.0,0.0,93.82441046607609,0,0,-0.8660254037844386,0.5000000000000001,0,0,1,4.5,40.0
2024-01-04 20:25:00,2024-01-04 20:25:00,135.3653172507131,0.0,0.0,80.811036736525,0,0,-0.8660254037844386,0.5000000000000001,0,0,1,4.5,40.0
2024-01-04 20:30:00,2024-01-04 20:30:00,117.9272682560488,0.0,0.0,81.45309490134791,0,0,-0.8660254037844386,0.5000000000000001,0,0,1,4.5,40.0
2024-01-04 20:35:00,2024-01-04 20:35:00,123.37027244425673,0.0,0.0,82.23783021347701,0,0,-0.8660254037844386,0.5000000000000001,0,0,1,4.5,40.0
2024-01-04 20:40:00,2024-01-04 20:40:00,109.4035283055636,0.0,0.0,77.6669746993806,0,0,-0.8660254037844386,0.5000000000000001,0,0,1,4.5,40.0
2024-01-04 20:45:00,2024-01-04 20:45:00,126.11264661317654,0.0,0.0,75.4221666902289,0,0,-0.8660254037844386,0.5000000000000001,0,0,1,4.5,40.0
2024-01-04 20:50:00,2024-01-04 20:50:00,121.41499386956376,0.0,0.0,88.30407797895417,0,0,-0.8660254037844386,0.5000000000000001,0,0,1,4.5,40.0
2024-01-04 20:55:00,2024-01-04 20:55:00,111.12102200772574,0.0,0.0,81.28702860868148,100,0,-0.8660254037844386,0.5000000000000001,0,0,1,4.5,40.0
2024-01-04 21:00:00,2024-01-04 21:00:00,119.41953678795757,0.0,0.0,80.42448459035492,0,0,-0.7071067811865477,0.7071067811865474,0,0,1,4.5,0.0
2024-01-04 21:05:00,2024-01-04 21:05:00,122.6063826039553,0.0,0.0,79.70496379870913,0,0,-0.7071067811865477,0.7071067811865474,0,0,1,4.5,0.0
2024-01-04 21:10:00,2024-01-04 21:10:00,121.35181377853021,0.0,0.0,89.40050996368394,0,0,-0.7071067811865477,0.7071067811865474,0,0,1,4.5,0.0
2024-01-04 21:15:00,2024-01-04 21:15:00,119.61165010150364,0.0,0.0,72.8921685505778,100,0,-0.7071067811865477,0.7071067811865474,0,0,1,4.5,0.0
2024-01-04 21:20:00,2024-01-04 21:20:00,117.31322074805644,0.0,0.0,79.2964627880953,0,0,-0.7071067811865477,0.7071067811865474,0,0,1,4.5,0.0
2024-01-04 21:25:00,2024-01-04 21:25:00,114.94744921470858,0.0,0.0,80.08165790512295,0,0,-0.7071067811865477,0.7071067811865474,0,0,1,4.5,0.0
2024-01-04 21:30:00,2024-01-04 21:30:00,114.65564561141753,0.0,0.0,71.75736381121793,0,0,-0.7071067811865477,0.7071067811865474,0,0,1,4.5,0.0
2024-01-04 21:35:00,2024-01-04 21:35:00,125.68929405712278,0.0,0.0,74.96399598070965,100,0,-0.7071067811865477,0.7071067811865474,0,0,1,4.5,0.0
2024-01-04 21:40:00,2024-01-04 21:40:00,120.91897170690866,0.0,0.0,86.39241091174378,0,0,-0.7071067811865477,0.7071067811865474,0,0,1,4.5,0.0
2024-01-04 21:45:00,2024-01-04 21:45:00,114.2951601518882,0.0,0.0,82.9182813043564,0,0,-0.7071067811865477,0.7071067811865474,0,0,1,4.5,0.0
2024-01-04 21:50:00,2024-01-04 21:50:00,125.29559547575074,0.0,0.0,83.31542558545334,0,0,-0.7071067811865477,0.7071067811865474,0,0,1,4.5,0.0
2024-01-04 21:55:00,2024-01-04 21:55:00,123.43498921124991,0.0,0.0,82.86074993230632,0,0,-0.7071067811865477,0.7071067811865474,0,0,1,4.5,0.0
2024-01-04 22:00:00,2024-01-04 22:00:00,117.2120835019016,0.0,0.0,75.64402647074387,0,0,-0.5000000000000004,0.8660254037844384,0,0,1,4.5,0.0
2024-01-04 22:05:00,2024-01-04 22:05:00,126.81732648826073,0.0,0.0,80.8364476694237,0,0,-0.5000000000000004,0.8660254037844384,0,0,1,4.5,0.0
2024-01-04 22:10:00,2024-01-04 22:10:00,125.30136218972886,0.0,0.0,87.41632322195646,100,0,-0.5000000000000004,0.8660254037844384,0,0,1,4.5,0.0
2024-01-04 22:15:00,2024-01-04 22:15:00,119.42585846696221,0.0,0.0,83.44446265364537,100,0,-0.5000000000000004,0.8660254037844384,0,0,1,4.5,0.0
2024-01-04 22:20:00,2024-01-04 22:20:00,122.19412179696629,0.0,0.0,75.73508263645944,0,0,-0.5000000000000004,0.8660254037844384,0,0,1,4.5,0.0
2024-01-04 22:25:00,2024-01-04 22:25:00,115.37467966412247,0.0,0.0,88.98568208389925,0,0,-0.5000000000000004,0.8660254037844384,0,0,1,4.5,0.0
2024-01-04 22:30:00,2024-01-04 22:30:00,118.12810408660258,0.0,0.0,67.51555000881959,0,0,-0.5000000000000004,0.8660254037844384,0,0,1,4.5,0.0
2024-01-04 22:35:00,2024-01-04 22:35:00,123.26277910118571,0.0,0.0,80.09560342430123,0,0,-0.5000000000000004,0.8660254037844384,0,0,1,4.5,0.0
2024-01-04 22:40:00,2024-01-04 22:40:00,122.02494044558463,0.0,0.0,78.08686870978306,100,0,-0.5000000000000004,0.8660254037844384,0,0,1,4.5,0.0
2024-01-04 22:45:00,2024-01-04 22:45:00,114.80420641936988,0.0,0.0,87.78617086313928,0,0,-0.5000000000000004,0.8660254037844384,0,0,1,4.5,0.0
2024-01-04 22:50:00,2024-01-04 22:50:00,122.61893201692291,0.0,0.0,75.21095070358066,0,0,-0.5000000000000004,0.8660254037844384,0,0,1,4.5,0.0
2024-01-04 22:55:00,2024-01-04 22:55:00,126.98326297201156,0.0,0.0,78.22226522979842,0,0,-0.5000000000000004,0.8660254037844384,0,0,1,4.5,0.0
2024-01-04 23:00:00,2024-01-04 23:00:00,125.55370125992394,5.0,50.0,78.38481066179057,0,0,-0.25881904510252157,0.9659258262890681,0,0,1,4.5,40.0
2024-01-04 23:05:00,2024-01-04 23:05:00,134.72797271285538,0.0,0.0,79.07530452857252,0,0,-0.25881904510252157,0.9659258262890681,0,0,1,4.5,40.0
2024-01-04 23:10:00,2024-01-04 23:10:00,119.02434873821545,0.0,0.0,81.21443618508233,0,0,-0.25881904510252157,0.9659258262890681,0,0,1,4.5,40.0
2024-01-04 23:15:00,2024-01-04 23:15:00,130.19339726922254,0.0,0.0,85.73012940816287,0,0,-0.25881904510252157,0.9659258262890681,0,0,1,4.5,40.0
2024-01-04 23:20:00,2024-01-04 23:20:00,130.72800968929508,0.0,0.0,79.04095923734816,0,0,-0.25881904510252157,0.9659258262890681,0,0,1,4.5,40.0
2024-01-04 23:25:00,2024-01-04 23:25:00,137.19676995446818,0.0,0.0,72.40748640181693,0,0,-0.25881904510252157,0.9659258262890681,0,0,1,4.5,40.0
2024-01-04 23:30:00,2024-01-04 23:30:00,143.78907030020264,0.0,0.0,77.1051496736909,0,0,-0.25881904510252157,0.9659258262890681,0,0,1,4.5,40.0
2024-01-04 23:35:00,2024-01-04 23:35:00,138.77815711209482,0.0,0.0,74.90298314458907,0,0,-0.25881904510252157,0.9659258262890681,0,0,1,4.5,40.0
2024-01-04 23:40:00,2024-01-04 23:40:00,136.18071620673075,0.0,0.0,77.86381140929083,0,0,-0.25881904510252157,0.9659258262890681,0,0,1,4.5,40.0
2024-01-04 23:45:00,2024-01-04 23:45:00,147.28385968661283,0.0,0.0,70.79989576978066,0,0,-0.25881904510252157,0.9659258262890681,0,0,1,4.5,40.0
2024-01-04 23:50:00,2024-01-04 23:50:00,155.56932996426278,0.0,0.0,75.58069180933407,0,0,-0.25881904510252157,0.9659258262890681,0,0,1,4.5,40.0
2024-01-04 23:55:00,2024-01-04 23:55:00,143.64717026667574,0.0,0.0,91.01912563631542,0,0,-0.25881904510252157,0.9659258262890681,0,0,1,4.5,40.0
2024-01-05 00:00:00,2024-01-05 00:00:00,159.92649080826214,0.0,0.0,77.69097601052479,0,0,0.0,1.0,0,0,1,4.5,40.0
2024-01-05 00:05:00,2024-01-05 00:05:00,156.2671598421926,0.0,0.0,85.2728451631674,100,0,0.0,1.0,0,0,1,4.5,40.0
2024-01-05 00:10:00,2024-01-05 00:10:00,160.27171334017885,0.0,0.0,74.85533095969456,0,0,0.0,1.0,0,0,1,4.5,40.0
2024-01-05 00:15:00,2024-01-05 00:15:00,174.35919614845974,0.0,0.0,77.46130454333517,0,0,0.0,1.0,0,0,1,4.5,40.0
2024-01-05 00:20:00,2024-01-05 00:20:00,166.59019701807912,0.0,0.0,75.1448689812667,0,0,0.0,1.0,0,0,1,4.5,40.0
2024-01-05 00:25:00,2024-01-05 00:25:00,172.02704631006193,0.0,0.0,87.24254151246076,0,0,0.0,1.0,0,0,1,4.5,40.0
2024-01-05 00:30:00,2024-01-05 00:30:00,170.04255373495863,0.0,0.0,79.01290551900061,0,0,0.0,1.0,0,0,1,4.5,40.0
2024-01-05 00:35:00,2024-01-05 00:35:00,173.68621069313326,0.0,0.0,82.09854362984343,0,0,0.0,1.0,0,0,1,4.5,40.0
2024-01-05 00:40:00,2024-01-05 00:40:00,176.86463696798728,0.0,0.0,73.48786842871564,0,0,0.0,1.0,0,0,1,4.5,40.0
2024-01-05 00:45:00,2024-01-05 00:45:00,163.23353422491138,0.0,0.0,75.81255025828636,0,0,0.0,1.0,0,0,1,4.5,40.0
2024-01-05 00:50:00,2024-01-05 00:50:00,155.09013043779726,0.0,0.0,83.27421822453938,0,0,0.0,1.0,0,0,1,4.5,40.0
2024-01-05 00:55:00,2024-01-05 00:55:00,162.02809119385856,0.0,0.0,84.90716177435336,0,0,0.0,1.0,0,0,1,4.5,40.0
2024-01-05 01:00:00,2024-01-05 01:00:00,167.49484731829966,0.0,0.0,83.41321297174721,0,0,0.25881904510252074,0.9659258262890683,0,0,1,4.5,40.0
2024-01-05 01:05:00,2024-01-05 01:05:00,153.14960502887035,0.0,0.0,71.82238662035682,100,0,0.25881904510252074,0.9659258262890683,0,0,1,4.5,40.0
2024-01-05 01:10:00,2024-01-05 01:10:00,151.75642762414054,0.0,0.0,83.26157603603619,0,0,0.25881904510252074,0.9659258262890683,0,0,1,4.5,40.0
2024-01-05 01:15:00,2024-01-05 01:15:00,146.7624949128029,0.0,0.0,78.7483576929383,0,0,0.25881904510252074,0.9659258262890683,0,0,1,4.5,40.0
2024-01-05 01:20:00,2024-01-05 01:20:00,144.9984172930829,0.0,0.0,90.70340815634793,0,0,0.25881904510252074,0.9659258262890683,0,0,1,4.5,40.0
2024-01-05 01:25:00,2024-01-05 01:25:00,136.46217804683013,0.0,0.0,84.61018169467987,0,0,0.25881904510252074,0.9659258262890683,0,0,1,4.5,40.0
2024-01-05 01:30:00,2024-01-05 01:30:00,131.5366107869176,0.0,0.0,80.59148075831769,0,0,0.25881904510252074,0.9659258262890683,0,0,1,4.5,40.0
2024-01-05 01:35:00,2024-01-05 01:35:00,136.81519012934655,0.0,0.0,82.30275335548045,0,0,0.25881904510252074,0.9659258262890683,0,0,1,4.5,40.0
2024-01-05 01:40:00,2024-01-05 01:40:00,134.86624854285145,0.0,0.0,76.60160832370778,0,0,0.25881904510252074,0.9659258262890683,0,0,1,4.5,40.0
2024-01-05 01:45:00,2024-01-05 01:45:00,134.9405243121213,0.0,0.0,74.14338188853117,0,0,0.25881904510252074,0.9659258262890683,0,0,1,4.5,40.0
2024-01-05 01:50:00,2024-01-05 01:50:00,136.30297390556524,0.0,0.0,79.44421786094249,0,0,0.25881904510252074,0.9659258262890683,0,0,1,4.5,40.0
2024-01-05 01:55:00,2024-01-05 01:55:00,140.59679015234002,0.0,0.0,77.20741763433934,0,0,0.25881904510252074,0.9659258262890683,0,0,1,4.5,40.0
2024-01-05 02:00:00,2024-01-05 02:00:00,132.620797607822,0.0,0.0,75.22006202444469,100,0,0.49999999999999994,0.8660254037844387,0,0,1,4.5,0.0
2024-01-05 02:05:00,2024-01-05 02:05:00,137.99843479463087,0.0,0.0,76.60616015364229,0,0,0.49999999999999994,0.8660254037844387,0,0,1,4.5,0.0
2024-01-05 02:10:00,2024-01-05 02:10:00,142.4323871137265,0.0,0.0,81.57482351750846,0,0,0.49999999999999994,0.8660254037844387,0,0,1,4.5,0.0
2024-01-05 02:15:00,2024-01-05 02:15:00,142.08460408088388,0.0,0.0,74.88354076336788,0,0,0.49999999999999994,0.8660254037844387,0,0,1,4.5,0.0
2024-01-05 02:20:00,2024-01-05 02:20:00,135.96084720873145,0.0,0.0,77.67759481496813,0,0,0.49999999999999994,0.8660254037844387,0,0,1,4.5,0.0
2024-01-05 02:25:00,2024-01-05 02:25:00,132.65586139021556,0.0,0.0,76.57356539345498,0,0,0.49999999999999994,0.8660254037844387,0,0,1,4.5,0.0
2024-01-05 02:30:00,2024-01-05 02:30:00,137.57039698059472,0.0,0.0,81.47360796535088,0,0,0.49999999999999994,0.8660254037844387,0,0,1,4.5,0.0
2024-01-05 02:35:00,2024-01-05 02:35:00,141.90257259431516,0.0,0.0,74.01744891443721,0,0,0.49999999999999994,0.8660254037844387,0,0,1,4.5,0.0
2024-01-05 02:40:00,2024-01-05 02:40:00,145.22603963226948,0.0,0.0,80.50489150231752,0,0,0.49999999999999994,0.8660254037844387,0,0,1,4.5,0.0
2024-01-05 02:45:00,2024-01-05 02:45:00,136.41993900010883,0.0,0.0,83.7295595965764,100,0,0.49999999999999994,0.8660254037844387,0,0,1,4.5,0.0
2024-01-05 02:50:00,2024-01-05 02:50:00,143.79317186737427,0.0,0.0,74.05598149123868,0,0,0.49999999999999994,0.8660254037844387,0,0,1,4.5,0.0
2024-01-05 02:55:00,2024-01-05 02:55:00,141.89450818954523,0.0,0.0,83.89068275794445,0,0,0.49999999999999994,0.8660254037844387,0,0,1,4.5,0.0
2024-01-05 03:00:00,2024-01-05 03:00:00,147.83098500566777,0.0,0.0,80.0763719634532,0,0,0.7071067811865475,0.7071067811865476,0,0,1,4.5,0.0
2024-01-05 03:05:00,2024-01-05 03:05:00,139.48393921367554,0.0,0.0,81.11175952722871,0,0,0.7071067811865475,0.7071067811865476,0,0,1,4.5,0.0
2024-01-05 03:10:00,2024-01-05 03:10:00,145.43838092986937,0.0,0.0,83.06669407105886,0,0,0.7071067811865475,0.7071067811865476,0,0,1,4.5,0.0
2024-01-05 03:15:00,2024-01-05 03:15:00,145.2412383826297,0.0,0.0,82.1070794927171,0,0,0.7071067811865475,0.7071067811865476,0,0,1,4.5,0.0
2024-01-05 03:20:00,2024-01-05 03:20:00,145.18987237265753,0.0,0.0,75.59047587036504,0,0,0.7071067811865475,0.7071067811865476,0,0,1,4.5,0.0
2024-01-05 03:25:00,2024-01-05 03:25:00,139.77790406964863,0.0,0.0,87.37590115184412,0,0,0.7071067811865475,0.7071067811865476,0,0,1,4.5,0.0
2024-01-05 03:30:00,2024-01-05 03:30:00,142.70345349690638,0.0,0.0,82.55637995559007,0,0,0.7071067811865475,0.7071067811865476,0,0,1,4.5,0.0
2024-01-05 03:35:00,2024-01-05 03:35:00,137.0992039445349,0.0,0.0,79.51887734294843,0,0,0.7071067811865475,0.7071067811865476,0,0,1,4.5,0.0
2024-01-05 03:40:00,2024-01-05 03:40:00,138.0926903763417,0.0,0.0,78.39274237485985,0,0,0.7071067811865475,0.7071067811865476,0,0,1,4.5,0.0
2024-01-05 03:45:00,2024-01-05 03:45:00,142.14655148798315,0.0,0.0,79.78651017011643,0,0,0.7071067811865475,0.7071067811865476,0,0,1,4.5,0.0
2024-01-05 03:50:00,2024-01-05 03:50:00,136.58291148913028,0.0,0.0,73.70016641155411,0,0,0.7071067811865475,0.7071067811865476,0,0,1,4.5,0.0
2024-01-05 03:55:00,2024-01-05 03:55:00,146.29854007319048,0.0,0.0,84.17749405585626,0,0,0.7071067811865475,0.7071067811865476,0,0,1,4.5,0.0
2024-01-05 04:00:00,2024-01-05 04:00:00,147.94706991315493,7.0,70.0,82.99218408163117,0,0,0.8660254037844386,0.5000000000000001,0,0,1,6.3,56.0
2024-01-05 04:05:00,2024-01-05 04:05:00,141.66847615826367,0.0,0.0,74.2787076905661,0,0,0.8660254037844386,0.5000000000000001,0,0,1,6.3,56.0
2024-01-05 04:10:00,2024-01-05 04:10:00,137.09303489236086,0.0,0.0,86.75843677079102,0,0,0.8660254037844386,0.5000000000000001,0,0,1,6.3,56.0
2024-01-05 04:15:00,2024-01-05 04:15:00,146.14955355706778,0.0,0.0,82.21656854233376,0,0,0.8660254037844386,0.5000000000000001,0,0,1,6.3,56.0
2024-01-05 04:20:00,2024-01-05 04:20:00,146.81401376056047,0.0,0.0,78.79326986032201,0,0,0.8660254037844386,0.5000000000000001,0,0,1,6.3,56.0
2024-01-05 04:25:00,2024-01-05 04:25:00,153.03333615408903,0.0,0.0,82.21963993693835,0,0,0.8660254037844386,0.5000000000000001,0,0,1,6.3,56.0
2024-01-05 04:30:00,2024-01-05 04:30:00,155.1170366299072,0.0,0.0,81.73308995600311,0,0,0.8660254037844386,0.5000000000000001,0,0,1,6.3,56.0
2024-01-05 04:35:00,2024-01-05 04:35:00,148.73609881259722,0.0,0.0,81.43059109360246,0,0,0.8660254037844386,0.5000000000000001,0,0,1,6.3,56.0
2024-01-05 04:40:00,2024-01-05 04:40:00,164.38944640800034,0.0,0.0,80.98209799905217,0,0,0.8660254037844386,0.5000000000000001,0,0,1,6.3,56.0
2024-01-05 04:45:00,2024-01-05 04:45:00,163.73230535253478,0.0,0.0,78.0142355120251,100,0,0.8660254037844386,0.5000000000000001,0,0,1,6.3,56.0
2024-01-05 04:50:00,2024-01-05 04:50:00,160.64180987896086,0.0,0.0,81.95284957388138,0,0,0.8660254037844386,0.5000000000000001,0,0,1,6.3,56.0
2024-01-05 04:55:00,2024-01-05 04:55:00,168.86339261497565,0.0,0.0,86.650465866463,0,0,0.8660254037844386,0.5000000000000001,0,0,1,6.3,56.0
2024-01-05 05:00:00,2024-01-05 05:00:00,189.54126435994317,0.0,0.0,76.41923779047174,0,0,0.9659258262890683,0.25881904510252074,0,0,1,6.3,56.0
2024-01-05 05:05:00,2024-01-05 05:05:00,188.2905375426744,0.0,0.0,83.77680402460615,0,0,0.9659258262890683,0.25881904510252074,0,0,1,6.3,56.0
2024-01-05 05:10:00,2024-01-05 05:10:00,183.1130354511275,0.0,0.0,80.08892700084303,0,0,0.9659258262890683,0.25881904510252074,0,0,1,6.3,56.0
2024-01-05 05:15:00,2024-01-05 05:15:00,194.70417264150086,0.0,0.0,76.12271552304686,0,0,0.9659258262890683,0.25881904510252074,0,0,1,6.3,56.0
2024-01-05 05:20:00,2024-01-05 05:20:00,193.33410971470752,0.0,0.0,83.02130278852724,0,0,0.9659258262890683,0.25881904510252074,0,0,1,6.3,56.0
2024-01-05 05:25:00,2024-01-05 05:25:00,197.441939130764,0.0,0.0,77.91414307111394,100,0,0.9659258262890683,0.25881904510252074,0,0,1,6.3,56.0
2024-01-05 05:30:00,2024-01-05 05:30:00,197.84025422993233,0.0,0.0,88.36996532874481,0,0,0.9659258262890683,0.25881904510252074,0,0,1,6.3,56.0
2024-01-05 05:35:00,2024-01-05 05:35:00,200.12513185365398,0.0,0.0,71.33792264508273,0,0,0.9659258262890683,0.25881904510252074,0,0,1,6.3,56.0
2024-01-05 05:40:00,2024-01-05 05:40:00,203.07470608637496,0.0,0.0,86.1201014138848,0,0,0.9659258262890683,0.25881904510252074,0,0,1,6.3,56.0
2024-01-05 05:45:00,2024-01-05 05:45:00,197.29040119933097,0.0,0.0,82.2487292619585,0,0,0.9659258262890683,0.25881904510252074,0,0,1,6.3,56.0
2024-01-05 05:50:00,2024-01-05 05:50:00,186.7538386408793,0.0,0.0,75.77482318330718,100,0,0.9659258262890683,0.25881904510252074,0,0,1,6.3,56.0
2024-01-05 05:55:00,2024-01-05 05:55:00,174.34750655627687,0.0,0.0,82.26244649041836,0,0,0.9659258262890683,0.25881904510252074,0,0,1,6.3,56.0
2024-01-05 06:00:00,2024-01-05 06:00:00,170.68953692233868,0.0,0.0,71.94338061591766,0,0,1.0,6.123233995736766e-17,0,0,1,6.3,56.0
2024-01-05 06:05:00,2024-01-05 06:05:00,175.88670440450264,0.0,0.0,82.15518156536088,0,0,1.0,6.123233995736766e-17,0,0,1,6.3,56.0
2024-01-05 06:10:00,2024-01-05 06:10:00,160.2228014548809,0.0,0.0,68.96711922829897,100,0,1.0,6.123233995736766e-17,0,0,1,6.3,56.0
2024-01-05 06:15:00,2024-01-05 06:15:00,157.01693866508626,0.0,0.0,75.46918328094387,0,0,1.0,6.123233995736766e-17,0,0,1,6.3,56.0
2024-01-05 06:20:00,2024-01-05 06:20:00,155.27773789346202,0.0,0.0,71.08656962806573,100,0,1.0,6.123233995736766e-17,0,0,1,6.3,56.0
2024-01-05 06:25:00,2024-01-05 06:25:00,156.8335162091337,0.0,0.0,79.44952253175445,0,0,1.0,6.123233995736766e-17,0,0,1,6.3,56.0
2024-01-05 06:30:00,2024-01-05 06:30:00,154.0709940527635,0.0,0.0,71.83057232550499,0,0,1.0,6.123233995736766e-17,0,0,1,6.3,56.0
2024-01-05 06:35:00,2024-01-05 06:35:00,148.30530786692253,0.0,0.0,77.36726665919254,0,0,1.0,6.123233995736766e-17,0,0,1,6.3,56.0
2024-01-05 06:40:00,2024-01-05 06:40:00,141.89042007882273,0.0,0.0,85.37740991840599,0,0,1.0,6.123233995736766e-17,0,0,1,6.3,56.0
2024-01-05 06:45:00,2024-01-05 06:45:00,140.50739194227287,0.0,0.0,74.62612880968577,0,0,1.0,6.123233995736766e-17,0,0,1,6.3,56.0
2024-01-05 06:50:00,2024-01-05 06:50:00,146.7256771574587,0.0,0.0,83.57500231306085,0,0,1.0,6.123233995736766e-17,0,0,1,6.3,56.0
2024-01-05 06:55:00,2024-01-05 06:55:00,143.38018092523885,0.0,0.0,83.26249469410175,100,0,1.0,6.123233995736766e-17,0,0,1,6.3,56.0
2024-01-05 07:00:00,2024-01-05 07:00:00,147.43521162343663,0.0,0.0,85.6228306497971,0,0,0.9659258262890683,-0.25881904510252063,0,0,1,6.3,0.0
2024-01-05 07:05:00,2024-01-05 07:05:00,156.84967159735436,0.0,0.0,83.56555412429509,0,0,0.9659258262890683,-0.25881904510252063,0,0,1,6.3,0.0
2024-01-05 07:10:00,2024-01-05 07:10:00,148.27003268368202,0.0,0.0,82.47259745048324,0,0,0.9659258262890683,-0.25881904510252063,0,0,1,6.3,0.0
2024-01-05 07:15:00,2024-01-05 07:15:00,151.37865437735735,0.0,0.0,77.3633477082504,0,0,0.9659258262890683,-0.25881904510252063,0,0,1,6.3,0.0
2024-01-05 07:20:00,2024-01-05 07:20:00,142.0143488977789,0.0,0.0,81.27610010373118,0,0,0.9659258262890683,-0.25881904510252063,0,0,1,6.3,0.0
2024-01-05 07:25:00,2024-01-05 07:25:00,142.1099744477882,0.0,0.0,70.89527224683675,0,0,0.9659258262890683,-0.25881904510252063,0,0,1,6.3,0.0
2024-01-05 07:30:00,2024-01-05 07:30:00,142.61343971479477,0.0,0.0,87.3532881170969,0,0,0.9659258262890683,-0.25881904510252063,0,0,1,6.3,0.0
2024-01-05 07:35:00,2024-01-05 07:35:00,148.80288637866403,0.0,0.0,86.1346898992,0,0,0.9659258262890683,-0.25881904510252063,0,0,1,6.3,0.0
2024-01-05 07:40:00,2024-01-05 07:40:00,143.88715365268885,0.0,0.0,75.57566170954969,0,0,0.9659258262890683,-0.25881904510252063,0,0,1,6.3,0.0
2024-01-05 07:45:00,2024-01-05 07:45:00,143.67933694702438,0.0,0.0,77.36253173672968,0,0,0.9659258262890683,-0.25881904510252063,0,0,1,6.3,0.0
2024-01-05 07:50:00,2024-01-05 07:50:00,147.28762639131574,0.0,0.0,75.13048151395354,0,0,0.9659258262890683,-0.25881904510252063,0,0,1,6.3,0.0
2024-01-05 07:55:00,2024-01-05 07:55:00,140.15190853230206,0.0,0.0,89.58722745269472,0,0,0.9659258262890683,-0.25881904510252063,0,0,1,6.3,0.0
2024-01-05 08:00:00,2024-01-05 08:00:00,145.49326522922405,0.0,0.0,83.43301117074236,0,0,0.8660254037844387,-0.49999999999999983,0,0,1,6.3,0.0
2024-01-05 08:05:00,2024-01-05 08:05:00,145.19242715521742,0.0,0.0,88.68238560659792,0,0,0.8660254037844387,-0.49999999999999983,0,0,1,6.3,0.0
2024-01-05 08:10:00,2024-01-05 08:10:00,144.99726582335208,0.0,0.0,78.78438978973287,0,0,0.8660254037844387,-0.49999999999999983,0,0,1,6.3,0.0
2024-01-05 08:15:00,2024-01-05 08:15:00,138.90349308615248,0.0,0.0,86.03226455049258,0,0,0.8660254037844387,-0.49999999999999983,0,0,1,6.3,0.0
2024-01-05 08:20:00,2024-01-05 08:20:00,138.37095274499126,0.0,0.0,78.67820323742221,0,0,0.8660254037844387,-0.49999999999999983,0,0,1,6.3,0.0
2024-01-05 08:25:00,2024-01-05 08:25:00,142.1177010849503,0.0,0.0,79.71204518657281,0,0,0.8660254037844387,-0.49999999999999983,0,0,1,6.3,0.0
2024-01-05 08:30:00,2024-01-05 08:30:00,151.1655982402396,0.0,0.0,81.92822928133181,0,0,0.8660254037844387,-0.49999999999999983,0,0,1,6.3,0.0
2024-01-05 08:35:00,2024-01-05 08:35:00,141.63696897971278,0.0,0.0,82.33320652940223,0,0,0.8660254037844387,-0.49999999999999983,0,0,1,6.3,0.0
2024-01-05 08:40:00,2024-01-05 08:40:00,138.45051706969437,0.0,0.0,73.94330322847769,0,0,0.8660254037844387,-0.49999999999999983,0,0,1,6.3,0.0
2024-01-05 08:45:00,2024-01-05 08:45:00,136.81498479426216,0.0,0.0,75.5890221547093,0,0,0.8660254037844387,-0.49999999999999983,0,0,1,6.3,0.0
2024-01-05 08:50:00,2024-01-05 08:50:00,150.57694958959078,0.0,0.0,79.9025435729095,0,0,0.8660254037844387,-0.49999999999999983,0,0,1,6.3,0.0
2024-01-05 08:55:00,2024-01-05 08:55:00,144.1050575300194,0.0,0.0,83.67143488460808,0,0,0.8660254037844387,-0.49999999999999983,0,0,1,6.3,0.0
2024-01-05 09:00:00,2024-01-05 09:00:00,136.9776827231431,5.0,50.0,83.22884077984348,0,0,0.7071067811865476,-0.7071067811865475,0,0,1,4.5,40.0
2024-01-05 09:05:00,2024-01-05 09:05:00,151.70116172319055,0.0,0.0,74.80380615324371,0,0,0.7071067811865476,-0.7071067811865475,0,0,1,4.5,40.0
2024-01-05 09:10:00,2024-01-05 09:10:00,148.82228213692184,0.0,0.0,75.04610798419844,0,0,0.7071067811865476,-0.7071067811865475,0,0,1,4.5,40.0
2024-01-05 09:15:00,2024-01-05 09:15:00,147.70050551031053,0.0,0.0,76.19819316982164,0,0,0.7071067811865476,-0.7071067811865475,0,0,1,4.5,40.0
2024-01-05 09:20:00,2024-01-05 09:20:00,147.34612640420744,0.0,0.0,81.17470231579996,0,0,0.7071067811865476,-0.7071067811865475,0,0,1,4.5,40.0
2024-01-05 09:25:00,2024-01-05 09:25:00,147.3175134573819,0.0,0.0,79.41133846287785,0,0,0.7071067811865476,-0.7071067811865475,0,0,1,4.5,40.0
2024-01-05 09:30:00,2024-01-05 09:30:00,148.9321087953574,0.0,0.0,76.13969989917727,0,0,0.7071067811865476,-0.7071067811865475,0,0,1,4.5,40.0
2024-01-05 09:35:00,2024-01-05 09:35:00,144.17895954609452,0.0,0.0,70.92642269356901,0,0,0.7071067811865476,-0.7071067811865475,0,0,1,4.5,40.0
2024-01-05 09:40:00,2024-01-05 09:40:00,164.86865164052813,0.0,0.0,85.9211730686108,100,0,0.7071067811865476,-0.7071067811865475,0,0,1,4.5,40.0
2024-01-05 09:45:00,2024-01-05 09:45:00,156.75798360545735,0.0,0.0,79.17565133135095,0,0,0.7071067811865476,-0.7071067811865475,0,0,1,4.5,40.0
2024-01-05 09:50:00,2024-01-05 09:50:00,162.19848630655144,0.0,0.0,82.73118508653556,0,0,0.7071067811865476,-0.7071067811865475,0,0,1,4.5,40.0
2024-01-05 09:55:00,2024-01-05 09:55:00,165.56617854508073,0.0,0.0,79.73197754037331,0,0,0.7071067811865476,-0.7071067811865475,0,0,1,4.5,40.0
2024-01-05 10:00:00,2024-01-05 10:00:00,164.09221014641028,0.0,0.0,65.69413357052902,0,0,0.49999999999999994,-0.8660254037844387,0,0,1,4.5,40.0
2024-01-05 10:05:00,2024-01-05 10:05:00,167.69103084296,0.0,0.0,87.5960863267941,0,0,0.49999999999999994,-0.8660254037844387,0,0,1,4.5,40.0
2024-01-05 10:10:00,2024-01-05 10:10:00,173.31129136944668,0.0,0.0,82.39655117685149,0,0,0.49999999999999994,-0.8660254037844387,0,0,1,4.5,40.0
2024-01-05 10:15:00,2024-01-05 10:15:00,175.150299470706,0.0,0.0,85.07724960158203,0,0,0.49999999999999994,-0.8660254037844387,0,0,1,4.5,40.0
2024-01-05 10:20:00,2024-01-05 10:20:00,176.31842223607046,0.0,0.0,82.70528253923122,100,0,0.49999999999999994,-0.8660254037844387,0,0,1,4.5,40.0
2024-01-05 10:25:00,2024-01-05 10:25:00,174.27760887344846,0.0,0.0,74.28918496687967,0,0,0.49999999999999994,-0.8660254037844387,0,0,1,4.5,40.0
2024-01-05 10:30:00,2024-01-05 10:30:00,167.14714717420998,0.0,0.0,78.83414344647807,0,0,0.49999999999999994,-0.8660254037844387,0,0,1,4.5,40.0
2024-01-05 10:35:00,2024-01-05 10:35:00,179.20384538854103,0.0,0.0,77.99028549826131,0,0,0.49999999999999994,-0.8660254037844387,0,0,1,4.5,40.0
2024-01-05 10:40:00,2024-01-05 10:40:00,180.52873237847564,0.0,0.0,84.00955640414271,0,0,0.49999999999999994,-0.8660254037844387,0,0,1,4.5,40.0
2024-01-05 10:45:00,2024-01-05 10:45:00,171.77552906386438,0.0,0.0,86.85801971263307,0,0,0.49999999999999994,-0.8660254037844387,0,0,1,4.5,40.0
2024-01-05 10:50:00,2024-01-05 10:50:00,163.6591730357145,0.0,0.0,86.67574334956514,0,0,0.49999999999999994,-0.8660254037844387,0,0,1,4.5,40.0
2024-01-05 10:55:00,2024-01-05 10:55:00,158.76203592452507,0.0,0.0,77.78515517689485,0,0,0.49999999999999994,-0.8660254037844387,0,0,1,4.5,40.0
2024-01-05 11:00:00,2024-01-05 11:00:00,157.66149568481134,0.0,0.0,81.0170931174559,0,0,0.258819045102521,-0.9659258262890682,0,0,1,4.5,40.0
2024-01-05 11:05:00,2024-01-05 11:05:00,151.048001723414,0.0,0.0,84.45070154694504,0,0,0.258819045102521,-0.9659258262890682,0,0,1,4.5,40.0
2024-01-05 11:10:00,2024-01-05 11:10:00,142.40092473303332,0.0,0.0,83.38616835725904,0,0,0.258819045102521,-0.9659258262890682,0,0,1,4.5,40.0
2024-01-05 11:15:00,2024-01-05 11:15:00,147.42435930223112,0.0,0.0,75.6600655355017,0,0,0.258819045102521,-0.9659258262890682,0,0,1,4.5,40.0
2024-01-05 11:20:00,2024-01-05 11:20:00,147.53338489535855,0.0,0.0,94.1749899556693,100,0,0.258819045102521,-0.9659258262890682,0,0,1,4.5,40.0
2024-01-05 11:25:00,2024-01-05 11:25:00,155.27884662132547,0.0,0.0,79.01761286089352,0,0,0.258819045102521,-0.9659258262890682,0,0,1,4.5,40.0
2024-01-05 11:30:00,2024-01-05 11:30:00,141.76118328249385,0.0,0.0,78.25293804396358,0,0,0.258819045102521,-0.9659258262890682,0,0,1,4.5,40.0
2024-01-05 11:35:00,2024-01-05 11:35:00,136.47959649038881,0.0,0.0,84.4820220099839,0,0,0.258819045102521,-0.9659258262890682,0,0,1,4.5,40.0
2024-01-05 11:40:00,2024-01-05 11:40:00,134.1495562475855,0.0,0.0,74.37095550157161,0,0,0.258819045102521,-0.9659258262890682,0,0,1,4.5,40.0
2024-01-05 11:45:00,2024-01-05 11:45:00,148.9051031510683,0.0,0.0,91.74739123600631,0,0,0.258819045102521,-0.9659258262890682,0,0,1,4.5,40.0
2024-01-05 11:50:00,2024-01-05 11:50:00,135.0992361150125,0.0,0.0,91.47490278438235,0,0,0.258819045102521,-0.9659258262890682,0,0,1,4.5,40.0
2024-01-05 11:55:00,2024-01-05 11:55:00,135.41293635239037,0.0,0.0,81.38526035702863,0,0,0.258819045102521,-0.9659258262890682,0,0,1,4.5,40.0
2024-01-05 12:00:00,2024-01-05 12:00:00,139.00874694939958,0.0,0.0,79.12458296303701,0,0,1.2246467991473532e-16,-1.0,0,0,1,4.5,0.0
2024-01-05 12:05:00,2024-01-05 12:05:00,128.43854549511448,0.0,0.0,78.5182067049894,0,0,1.2246467991473532e-16,-1.0,0,0,1,4.5,0.0
2024-01-05 12:10:00,2024-01-05 12:10:00,133.00829203034866,0.0,0.0,87.16013756335539,0,0,1.2246467991473532e-16,-1.0,0,0,1,4.5,0.0
2024-01-05 12:15:00,2024-01-05 12:15:00,128.4228584506567,0.0,0.0,85.3102150905355,0,0,1.2246467991473532e-16,-1.0,0,0,1,4.5,0.0
2024-01-05 12:20:00,2024-01-05 12:20:00,125.97336959901352,0.0,0.0,85.43907496841551,0,0,1.2246467991473532e-16,-1.0,0,0,1,4.5,0.0
2024-01-05 12:25:00,2024-01-05 12:25:00,127.31699741999708,0.0,0.0,81.87154578190973,100,0,1.2246467991473532e-16,-1.0,0,0,1,4.5,0.0
2024-01-05 12:30:00,2024-01-05 12:30:00,131.61076733280962,0.0,0.0,85.4193190865632,0,0,1.2246467991473532e-16,-1.0,0,0,1,4.5,0.0
2024-01-05 12:35:00,2024-01-05 12:35:00,128.25687039897096,0.0,0.0,80.5320334441056,0,0,1.2246467991473532e-16,-1.0,0,0,1,4.5,0.0
2024-01-05 12:40:00,2024-01-05 12:40:00,124.52511054130522,0.0,0.0,78.54513903826839,0,0,1.2246467991473532e-16,-1.0,0,0,1,4.5,0.0
2024-01-05 12:45:00,2024-01-05 12:45:00,129.83775156224382,0.0,0.0,95.73457379701439,0,0,1.2246467991473532e-16,-1.0,0,0,1,4.5,0.0
2024-01-05 12:50:00,2024-01-05 12:50:00,129.13158035681894,0.0,0.0,92.22330356396354,0,0,1.2246467991473532e-16,-1.0,0,0,1,4.5,0.0
2024-01-05 12:55:00,2024-01-05 12:55:00,133.60869939072816,0.0,0.0,72.98099236374087,0,0,1.2246467991473532e-16,-1.0,0,0,1,4.5,0.0
2024-01-05 13:00:00,2024-01-05 13:00:00,126.80679442176445,0.0,0.0,82.5654996048575,0,0,-0.2588190451025208,-0.9659258262890683,0,0,1,4.5,0.0
2024-01-05 13:05:00,2024-01-05 13:05:00,118.6993767948543,0.0,0.0,83.32373817393177,0,0,-0.2588190451025208,-0.9659258262890683,0,0,1,4.5,0.0
2024-01-05 13:10:00,2024-01-05 13:10:00,125.04088227794382,0.0,0.0,67.5262474027569,0,0,-0.2588190451025208,-0.9659258262890683,0,0,1,4.5,0.0
2024-01-05 13:15:00,2024-01-05 13:15:00,122.39444569686559,0.0,0.0,80.93265936135076,0,0,-0.2588190451025208,-0.9659258262890683,0,0,1,4.5,0.0
2024-01-05 13:20:00,2024-01-05 13:20:00,123.64076081908019,0.0,0.0,77.45008527521416,0,0,-0.2588190451025208,-0.9659258262890683,0,0,1,4.5,0.0
2024-01-05 13:25:00,2024-01-05 13:25:00,124.94519253341363,0.0,0.0,69.85363021956348,0,0,-0.2588190451025208,-0.9659258262890683,0,0,1,4.5,0.0
2024-01-05 13:30:00,2024-01-05 13:30:00,129.18646855706348,0.0,0.0,77.18864452551612,0,0,-0.2588190451025208,-0.9659258262890683,0,0,1,4.5,0.0
2024-01-05 13:35:00,2024-01-05 13:35:00,116.88660883914233,0.0,0.0,82.10585225581052,0,0,-0.2588190451025208,-0.9659258262890683,0,0,1,4.5,0.0
2024-01-05 13:40:00,2024-01-05 13:40:00,124.2915417612345,0.0,0.0,85.28226758465338,0,0,-0.2588190451025208,-0.9659258262890683,0,0,1,4.5,0.0
2024-01-05 13:45:00,2024-01-05 13:45:00,129.4384981553312,0.0,0.0,76.11992381273629,0,0,-0.2588190451025208,-0.9659258262890683,0,0,1,4.5,0.0
2024-01-05 13:50:00,2024-01-05 13:50:00,127.01974408715158,0.0,0.0,79.96864378062125,0,0,-0.2588190451025208,-0.9659258262890683,0,0,1,4.5,0.0
2024-01-05 13:55:00,2024-01-05 13:55:00,125.34833050221424,0.0,0.0,81.12809504833702,0,0,-0.2588190451025208,-0.9659258262890683,0,0,1,4.5,0.0
2024-01-05 14:00:00,2024-01-05 14:00:00,129.3144709280682,7.0,70.0,73.9197260517547,0,0,-0.4999999999999998,-0.8660254037844388,0,0,1,6.3,56.0
2024-01-05 14:05:00,2024-01-05 14:05:00,115.86915395798626,0.0,0.0,79.12708529582017,0,0,-0.4999999999999998,-0.8660254037844388,0,0,1,6.3,56.0
2024-01-05 14:10:00,2024-01-05 14:10:00,132.2140143016482,0.0,0.0,79.28770554019712,0,0,-0.4999999999999998,-0.8660254037844388,0,0,1,6.3,56.0
2024-01-05 14:15:00,2024-01-05 14:15:00,116.9120528358321,0.0,0.0,79.72806245377278,0,0,-0.4999999999999998,-0.8660254037844388,0,0,1,6.3,56.0
2024-01-05 14:20:00,2024-01-05 14:20:00,122.84872958070957,0.0,0.0,78.67337471457552,0,0,-0.4999999999999998,-0.8660254037844388,0,0,1,6.3,56.0
2024-01-05 14:25:00,2024-01-05 14:25:00,127.51566154956383,0.0,0.0,86.0107363588386,0,0,-0.4999999999999998,-0.8660254037844388,0,0,1,6.3,56.0
2024-01-05 14:30:00,2024-01-05 14:30:00,129.69815654304017,0.0,0.0,95.61738029517423,0,0,-0.4999999999999998,-0.8660254037844388,0,0,1,6.3,56.0
2024-01-05 14:35:00,2024-01-05 14:35:00,144.96510129675823,0.0,0.0,87.48069207410119,0,0,-0.4999999999999998,-0.8660254037844388,0,0,1,6.3,56.0
2024-01-05 14:40:00,2024-01-05 14:40:00,141.54281210378076,0.0,0.0,80.56438186232164,0,0,-0.4999999999999998,-0.8660254037844388,0,0,1,6.3,56.0
2024-01-05 14:45:00,2024-01-05 14:45:00,137.98000351148045,0.0,0.0,78.02475133865126,0,0,-0.4999999999999998,-0.8660254037844388,0,0,1,6.3,56.0
2024-01-05 14:50:00,2024-01-05 14:50:00,156.39219498272527,0.0,0.0,85.44355804140451,0,0,-0.4999999999999998,-0.8660254037844388,0,0,1,6.3,56.0
2024-01-05 14:55:00,2024-01-05 14:55:00,155.6094826444323,0.0,0.0,86.53779892913367,0,0,-0.4999999999999998,-0.8660254037844388,0,0,1,6.3,56.0
2024-01-05 15:00:00,2024-01-05 15:00:00,150.219814595562,0.0,0.0,85.61210914143388,0,0,-0.7071067811865471,-0.7071067811865479,0,0,1,6.3,56.0
2024-01-05 15:05:00,2024-01-05 15:05:00,171.0733903693114,0.0,0.0,75.69785208206363,100,0,-0.7071067811865471,-0.7071067811865479,0,0,1,6.3,56.0
2024-01-05 15:10:00,2024-01-05 15:10:00,171.82686082573855,0.0,0.0,85.86745743993815,0,0,-0.7071067811865471,-0.7071067811865479,0,0,1,6.3,56.0
2024-01-05 15:15:00,2024-01-05 15:15:00,174.6437124245867,0.0,0.0,79.59013496610466,0,0,-0.7071067811865471,-0.7071067811865479,0,0,1,6.3,56.0
2024-01-05 15:20:00,2024-01-05 15:20:00,181.28313020547748,0.0,0.0,76.64916263559411,0,0,-0.7071067811865471,-0.7071067811865479,0,0,1,6.3,56.0
2024-01-05 15:25:00,2024-01-05 15:25:00,173.6638660162502,0.0,0.0,83.1513839476265,100,0,-0.7071067811865471,-0.7071067811865479,0,0,1,6.3,56.0
2024-01-05 15:30:00,2024-01-05 15:30:00,179.2871428949816,0.0,0.0,78.96667329281293,0,0,-0.7071067811865471,-0.7071067811865479,0,0,1,6.3,56.0
2024-01-05 15:35:00,2024-01-05 15:35:00,169.10313063805162,0.0,0.0,75.7780946091188,0,0,-0.7071067811865471,-0.7071067811865479,0,0,1,6.3,56.0
2024-01-05 15:40:00,2024-01-05 15:40:00,171.85552615153725,0.0,0.0,83.40937365701694,0,0,-0.7071067811865471,-0.7071067811865479,0,0,1,6.3,56.0
2024-01-05 15:45:00,2024-01-05 15:45:00,174.179325676355,0.0,0.0,77.29348392198264,0,0,-0.7071067811865471,-0.7071067811865479,0,0,1,6.3,56.0
2024-01-05 15:50:00,2024-01-05 15:50:00,152.0233142031713,0.0,0.0,71.37273993801979,0,0,-0.7071067811865471,-0.7071067811865479,0,0,1,6.3,56.0
2024-01-05 15:55:00,2024-01-05 15:55:00,160.02287212721694,0.0,0.0,73.14225510012338,0,0,-0.7071067811865471,-0.7071067811865479,0,0,1,6.3,56.0
2024-01-05 16:00:00,2024-01-05 16:00:00,141.2508714447099,0.0,0.0,83.70299571808665,0,0,-0.8660254037844384,-0.5000000000000004,0,0,1,6.3,56.0
2024-01-05 16:05:00,2024-01-05 16:05:00,151.6607488710866,0.0,0.0,83.03024379664161,0,0,-0.8660254037844384,-0.5000000000000004,0,0,1,6.3,56.0
2024-01-05 16:10:00,2024-01-05 16:10:00,138.5924677329513,0.0,0.0,79.2106174731982,0,0,-0.8660254037844384,-0.5000000000000004,0,0,1,6.3,56.0
2024-01-05 16:15:00,2024-01-05 16:15:00,137.4868270369443,0.0,0.0,83.04378491072049,0,0,-0.8660254037844384,-0.5000000000000004,0,0,1,6.3,56.0
2024-01-05 16:20:00,2024-01-05 16:20:00,127.84417584159526,0.0,0.0,80.16754650776083,100,0,-0.8660254037844384,-0.5000000000000004,0,0,1,6.3,56.0
2024-01-05 16:25:00,2024-01-05 16:25:00,127.60096829340434,0.0,0.0,79.93046295306492,0,0,-0.8660254037844384,-0.5000000000000004,0,0,1,6.3,56.0
2024-01-05 16:30:00,2024-01-05 16:30:00,124.47398125160798,0.0,0.0,83.8126365260764,0,0,-0.8660254037844384,-0.5000000000000004,0,0,1,6.3,56.0
2024-01-05 16:35:00,2024-01-05 16:35:00,111.28966615449055,0.0,0.0,73.23771578289376,0,0,-0.8660254037844384,-0.5000000000000004,0,0,1,6.3,56.0
2024-01-05 16:40:00,2024-01-05 16:40:00,133.65151782226542,0.0,0.0,80.62857478202181,0,0,-0.8660254037844384,-0.5000000000000004,0,0,1,6.3,56.0
2024-01-05 16:45:00,2024-01-05 16:45:00,120.1931837745664,0.0,0.0,73.46090672930453,0,0,-0.8660254037844384,-0.5000000000000004,0,0,1,6.3,56.0
2024-01-05 16:50:00,2024-01-05 16:50:00,116.27435406487619,0.0,0.0,82.05828000492446,0,0,-0.8660254037844384,-0.5000000000000004,0,0,1,6.3,56.0
2024-01-05 16:55:00,2024-01-05 16:55:00,116.22506463710658,0.0,0.0,87.4431544438435,100,0,-0.8660254037844384,-0.5000000000000004,0,0,1,6.3,56.0
2024-01-05 17:00:00,2024-01-05 17:00:00,121.12866846685928,0.0,0.0,81.65026258921097,100,0,-0.9659258262890683,-0.25881904510252063,0,0,1,6.3,0.0
2024-01-05 17:05:00,2024-01-05 17:05:00,110.39482164780615,0.0,0.0,78.1751488564186,0,0,-0.9659258262890683,-0.25881904510252063,0,0,1,6.3,0.0
2024-01-05 17:10:00,2024-01-05 17:10:00,114.69325223747903,0.0,0.0,88.66046654125581,0,0,-0.9659258262890683,-0.25881904510252063,0,0,1,6.3,0.0
2024-01-05 17:15:00,2024-01-05 17:15:00,113.04527470434653,0.0,0.0,85.4565014779035,0,0,-0.9659258262890683,-0.25881904510252063,0,0,1,6.3,0.0
2024-01-05 17:20:00,2024-01-05 17:20:00,120.0852548879683,0.0,0.0,77.0824826957371,0,0,-0.9659258262890683,-0.25881904510252063,0,0,1,6.3,0.0
2024-01-05 17:25:00,2024-01-05 17:25:00,116.4906075771859,0.0,0.0,76.08661197415799,0,0,-0.9659258262890683,-0.25881904510252063,0,0,1,6.3,0.0
2024-01-05 17:30:00,2024-01-05 17:30:00,117.42016739396848,0.0,0.0,79.22321157576046,0,0,-0.9659258262890683,-0.25881904510252063,0,0,1,6.3,0.0
2024-01-05 17:35:00,2024-01-05 17:35:00,118.74697179712237,0.0,0.0,83.69082110129652,0,0,-0.9659258262890683,-0.25881904510252063,0,0,1,6.3,0.0
2024-01-05 17:40:00,2024-01-05 17:40:00,117.3903259278994,0.0,0.0,86.04605433638194,100,0,-0.9659258262890683,-0.25881904510252063,0,0,1,6.3,0.0
2024-01-05 17:45:00,2024-01-05 17:45:00,116.28575756226758,0.0,0.0,67.61251055333621,0,0,-0.9659258262890683,-0.25881904510252063,0,0,1,6.3,0.0
2024-01-05 17:50:00,2024-01-05 17:50:00,113.16969619335137,0.0,0.0,78.11183265959674,0,0,-0.9659258262890683,-0.25881904510252063,0,0,1,6.3,0.0
2024-01-05 17:55:00,2024-01-05 17:55:00,118.62717508265997,0.0,0.0,70.65622715200296,0,0,-0.9659258262890683,-0.25881904510252063,0,0,1,6.3,0.0
2024-01-05 18:00:00,2024-01-05 18:00:00,121.58880418464047,0.0,0.0,80.05145986375037,100,0,-1.0,-1.8369701987210297e-16,0,0,1,6.3,0.0
2024-01-05 18:05:00,2024-01-05 18:05:00,113.72298531702683,0.0,0.0,92.48447408088583,0,0,-1.0,-1.8369701987210297e-16,0,0,1,6.3,0.0
2024-01-05 18:10:00,2024-01-05 18:10:00,116.37626876387263,0.0,0.0,77.48880026465808,0,0,-1.0,-1.8369701987210297e-16,0,0,1,6.3,0.0
2024-01-05 18:15:00,2024-01-05 18:15:00,105.87828858559413,0.0,0.0,86.69790690095962,0,0,-1.0,-1.8369701987210297e-16,0,0,1,6.3,0.0
2024-01-05 18:20:00,2024-01-05 18:20:00,111.83344222372759,0.0,0.0,77.9662308797341,0,0,-1.0,-1.8369701987210297e-16,0,0,1,6.3,0.0
2024-01-05 18:25:00,2024-01-05 18:25:00,114.20185602442574,0.0,0.0,85.97337048062643,0,0,-1.0,-1.8369701987210297e-16,0,0,1,6.3,0.0
2024-01-05 18:30:00,2024-01-05 18:30:00,117.41423757068843,0.0,0.0,80.91970847311757,0,0,-1.0,-1.8369701987210297e-16,0,0,1,6.3,0.0
2024-01-05 18:35:00,2024-01-05 18:35:00,108.96558440049633,0.0,0.0,77.94979256482,0,0,-1.0,-1.8369701987210297e-16,0,0,1,6.3,0.0
2024-01-05 18:40:00,2024-01-05 18:40:00,115.97876694276106,0.0,0.0,88.94471115677283,0,0,-1.0,-1.8369701987210297e-16,0,0,1,6.3,0.0
2024-01-05 18:45:00,2024-01-05 18:45:00,120.47000699120076,0.0,0.0,76.0651601696772,0,0,-1.0,-1.8369701987210297e-16,0,0,1,6.3,0.0
2024-01-05 18:50:00,2024-01-05 18:50:00,120.05665477706295,0.0,0.0,83.70880612377566,0,0,-1.0,-1.8369701987210297e-16,0,0,1,6.3,0.0
2024-01-05 18:55:00,2024-01-05 18:55:00,115.25490486198326,0.0,0.0,70.91868518236592,0,0,-1.0,-1.8369701987210297e-16,0,0,1,6.3,0.0
2024-01-05 19:00:00,2024-01-05 19:00:00,117.44555996060473,3.0,30.0,84.4341150689022,100,0,-0.9659258262890684,0.2588190451025203,0,0,1,2.7,24.0
2024-01-05 19:05:00,2024-01-05 19:05:00,115.6855449854452,0.0,0.0,69.88418243922156,0,0,-0.9659258262890684,0.2588190451025203,0,0,1,2.7,24.0
2024-01-05 19:10:00,2024-01-05 19:10:00,113.69520610806224,0.0,0.0,79.68618774052275,0,0,-0.9659258262890684,0.2588190451025203,0,0,1,2.7,24.0
2024-01-05 19:15:00,2024-01-05 19:15:00,128.46126443190272,0.0,0.0,86.96728974477051,0,0,-0.9659258262890684,0.2588190451025203,0,0,1,2.7,24.0
2024-01-05 19:20:00,2024-01-05 19:20:00,115.74721366008599,0.0,0.0,82.4812863245113,0,0,-0.9659258262890684,0.2588190451025203,0,0,1,2.7,24.0
2024-01-05 19:25:00,2024-01-05 19:25:00,115.27333918835326,0.0,0.0,78.1301029123957,100,0,-0.9659258262890684,0.2588190451025203,0,0,1,2.7,24.0
2024-01-05 19:30:00,2024-01-05 19:30:00,113.65412824235085,0.0,0.0,79.19755366854811,0,0,-0.9659258262890684,0.2588190451025203,0,0,1,2.7,24.0
2024-01-05 19:35:00,2024-01-05 19:35:00,119.99786020402276,0.0,0.0,77.0155655559837,0,0,-0.9659258262890684,0.2588190451025203,0,0,1,2.7,24.0
2024-01-05 19:40:00,2024-01-05 19:40:00,131.7771854316452,0.0,0.0,86.10328739960792,0,0,-0.9659258262890684,0.2588190451025203,0,0,1,2.7,24.0
2024-01-05 19:45:00,2024-01-05 19:45:00,125.59488488246305,0.0,0.0,75.51160402634056,0,0,-0.9659258262890684,0.2588190451025203,0,0,1,2.7,24.0
2024-01-05 19:50:00,2024-01-05 19:50:00,133.19723202114133,0.0,0.0,74.4154122939761,0,0,-0.9659258262890684,0.2588190451025203,0,0,1,2.7,24.0
2024-01-05 19:55:00,2024-01-05 19:55:00,124.03207168787914,0.0,0.0,75.4718271273808,0,0,-0.9659258262890684,0.2588190451025203,0,0,1,2.7,24.0
2024-01-05 20:00:00,2024-01-05 20:00:00,128.28829511554258,0.0,0.0,80.70630878792547,0,0,-0.8660254037844386,0.5000000000000001,0,0,1,2.7,24.0
2024-01-05 20:05:00,2024-01-05 20:05:00,138.35952488450408,0.0,0.0,76.50389536952483,0,0,-0.8660254037844386,0.5000000000000001,0,0,1,2.7,24.0
2024-01-05 20:10:00,2024-01-05 20:10:00,136.57641087505652,0.0,0.0,80.92529331344252,0,0,-0.8660254037844386,0.5000000000000001,0,0,1,2.7,24.0
2024-01-05 20:15:00,2024-01-05 20:15:00,140.6473623739987,0.0,0.0,85.7307660963433,0,0,-0.8660254037844386,0.5000000000000001,0,0,1,2.7,24.0
2024-01-05 20:20:00,2024-01-05 20:20:00,146.22519130996446,0.0,0.0,76.71488042383561,0,0,-0.8660254037844386,0.5000000000000001,0,0,1,2.7,24.0
2024-01-05 20:25:00,2024-01-05 20:25:00,149.45938101515134,0.0,0.0,82.15134315482103,100,0,-0.8660254037844386,0.5000000000000001,0,0,1,2.7,24.0
2024-01-05 20:30:00,2024-01-05 20:30:00,146.3651564947869,0.0,0.0,72.27197653298916,0,0,-0.8660254037844386,0.5000000000000001,0,0,1,2.7,24.0
2024-01-05 20:35:00,2024-01-05 20:35:00,136.1656427813653,0.0,0.0,90.90260350408145,100,0,-0.8660254037844386,0.5000000000000001,0,0,1,2.7,24.0
2024-01-05 20:40:00,2024-01-05 20:40:00,147.5958120104337,0.0,0.0,80.85373317889102,0,0,-0.8660254037844386,0.5000000000000001,0,0,1,2.7,24.0
2024-01-05 20:45:00,2024-01-05 20:45:00,138.00710178450439,0.0,0.0,90.45600066503921,0,0,-0.8660254037844386,0.5000000000000001,0,0,1,2.7,24.0
2024-01-05 20:50:00,2024-01-05 20:50:00,137.00255386151463,0.0,0.0,76.38015255455879,100,0,-0.8660254037844386,0.5000000000000001,0,0,1,2.7,24.0
2024-01-05 20:55:00,2024-01-05 20:55:00,125.64969119109934,0.0,0.0,85.87756658331799,0,0,-0.8660254037844386,0.5000000000000001,0,0,1,2.7,24.0
2024-01-05 21:00:00,2024-01-05 21:00:00,140.12926575882926,0.0,0.0,82.06704132189158,0,0,-0.7071067811865477,0.7071067811865474,0,0,1,2.7,24.0
2024-01-05 21:05:00,2024-01-05 21:05:00,138.12958080632154,0.0,0.0,84.32375378833989,0,0,-0.7071067811865477,0.7071067811865474,0,0,1,2.7,24.0
2024-01-05 21:10:00,2024-01-05 21:10:00,138.5825277850303,0.0,0.0,73.59393618955959,0,0,-0.7071067811865477,0.7071067811865474,0,0,1,2.7,24.0
2024-01-05 21:15:00,2024-01-05 21:15:00,123.57990321537932,0.0,0.0,77.28247847082268,0,0,-0.7071067811865477,0.7071067811865474,0,0,1,2.7,24.0
2024-01-05 21:20:00,2024-01-05 21:20:00,125.88996114322238,0.0,0.0,80.27025047245775,0,0,-0.7071067811865477,0.7071067811865474,0,0,1,2.7,24.0
2024-01-05 21:25:00,2024-01-05 21:25:00,124.77101826252017,0.0,0.0,82.14177652566838,0,0,-0.7071067811865477,0.7071067811865474,0,0,1,2.7,24.0
2024-01-05 21:30:00,2024-01-05 21:30:00,116.75367341559667,0.0,0.0,71.11724953267571,0,0,-0.7071067811865477,0.7071067811865474,0,0,1,2.7,24.0
2024-01-05 21:35:00,2024-01-05 21:35:00,118.13903813787206,0.0,0.0,71.23582721065368,0,0,-0.7071067811865477,0.7071067811865474,0,0,1,2.7,24.0
2024-01-05 21:40:00,2024-01-05 21:40:00,127.25288268487628,0.0,0.0,83.67304583160515,0,0,-0.7071067811865477,0.7071067811865474,0,0,1,2.7,24.0
2024-01-05 21:45:00,2024-01-05 21:45:00,113.60671862915785,0.0,0.0,84.03811868419251,0,0,-0.7071067811865477,0.7071067811865474,0,0,1,2.7,24.0
2024-01-05 21:50:00,2024-01-05 21:50:00,115.47381233295712,0.0,0.0,84.7656364202543,0,0,-0.7071067811865477,0.7071067811865474,0,0,1,2.7,24.0
2024-01-05 21:55:00,2024-01-05 21:55:00,126.14364923040806,0.0,0.0,79.2878397193738,0,0,-0.7071067811865477,0.7071067811865474,0,0,1,2.7,24.0
2024-01-05 22:00:00,2024-01-05 22:00:00,127.19629800168167,0.0,0.0,72.26247911404381,0,0,-0.5000000000000004,0.8660254037844384,0,0,1,2.7,0.0
2024-01-05 22:05:00,2024-01-05 22:05:00,137.55785122429285,0.0,0.0,74.83278859976339,100,0,-0.5000000000000004,0.8660254037844384,0,0,1,2.7,0.0
2024-01-05 22:10:00,2024-01-05 22:10:00,128.421534362991,0.0,0.0,70.05880985627587,0,0,-0.5000000000000004,0.8660254037844384,0,0,1,2.7,0.0
2024-01-05 22:15:00,2024-01-05 22:15:00,132.359943264091,0.0,0.0,74.44979557760647,0,0,-0.5000000000000004,0.8660254037844384,0,0,1,2.7,0.0
2024-01-05 22:20:00,2024-01-05 22:20:00,120.47596926917248,0.0,0.0,85.39317857103823,0,0,-0.5000000000000004,0.8660254037844384,0,0,1,2.7,0.0
2024-01-05 22:25:00,2024-01-05 22:25:00,113.08706455104202,0.0,0.0,77.19705910868616,0,0,-0.5000000000000004,0.8660254037844384,0,0,1,2.7,0.0
2024-01-05 22:30:00,2024-01-05 22:30:00,117.63857082692176,0.0,0.0,85.04284310496729,0,0,-0.5000000000000004,0.8660254037844384,0,0,1,2.7,0.0
2024-01-05 22:35:00,2024-01-05 22:35:00,120.28309012197057,0.0,0.0,73.93535714195264,0,0,-0.5000000000000004,0.8660254037844384,0,0,1,2.7,0.0
2024-01-05 22:40:00,2024-01-05 22:40:00,120.33776429243835,0.0,0.0,85.70693499062845,0,0,-0.5000000000000004,0.8660254037844384,0,0,1,2.7,0.0
2024-01-05 22:45:00,2024-01-05 22:45:00,115.92013760189042,0.0,0.0,84.08062230580536,0,0,-0.5000000000000004,0.8660254037844384,0,0,1,2.7,0.0
2024-01-05 22:50:00,2024-01-05 22:50:00,125.27360015429136,0.0,0.0,86.00756577872072,0,0,-0.5000000000000004,0.8660254037844384,0,0,1,2.7,0.0
2024-01-05 22:55:00,2024-01-05 22:55:00,118.6653687228625,0.0,0.0,82.75372404997663,0,0,-0.5000000000000004,0.8660254037844384,0,0,1,2.7,0.0
2024-01-05 23:00:00,2024-01-05 23:00:00,118.28095406917959,0.0,0.0,79.48338042456928,0,0,-0.25881904510252157,0.9659258262890681,0,0,1,2.7,0.0
2024-01-05 23:05:00,2024-01-05 23:05:00,128.86859774842821,0.0,0.0,80.45634930991714,0,0,-0.25881904510252157,0.9659258262890681,0,0,1,2.7,0.0
2024-01-05 23:10:00,2024-01-05 23:10:00,123.35073043348471,0.0,0.0,82.94018021213681,0,0,-0.25881904510252157,0.9659258262890681,0,0,1,2.7,0.0
2024-01-05 23:15:00,2024-01-05 23:15:00,123.28393130428725,0.0,0.0,80.57032258227774,0,0,-0.25881904510252157,0.9659258262890681,0,0,1,2.7,0.0
2024-01-05 23:20:00,2024-01-05 23:20:00,124.44107410223485,0.0,0.0,80.70520532071467,0,0,-0.25881904510252157,0.9659258262890681,0,0,1,2.7,0.0
2024-01-05 23:25:00,2024-01-05 23:25:00,125.67652592185713,0.0,0.0,75.15271251956828,0,0,-0.25881904510252157,0.9659258262890681,0,0,1,2.7,0.0
2024-01-05 23:30:00,2024-01-05 23:30:00,133.3683500916781,0.0,0.0,78.44015077014058,100,0,-0.25881904510252157,0.9659258262890681,0,0,1,2.7,0.0
2024-01-05 23:35:00,2024-01-05 23:35:00,126.72587080951922,0.0,0.0,81.12744100540422,0,0,-0.25881904510252157,0.9659258262890681,0,0,1,2.7,0.0
2024-01-05 23:40:00,2024-01-05 23:40:00,126.5519782023527,0.0,0.0,80.94806115565547,0,0,-0.25881904510252157,0.9659258262890681,0,0,1,2.7,0.0
2024-01-05 23:45:00,2024-01-05 23:45:00,116.46881324457046,0.0,0.0,72.65522113891288,0,0,-0.25881904510252157,0.9659258262890681,0,0,1,2.7,0.0
2024-01-05 23:50:00,2024-01-05 23:50:00,118.91995410232717,0.0,0.0,80.95040905957629,0,0,-0.25881904510252157,0.9659258262890681,0,0,1,2.7,0.0
2024-01-05 23:55:00,2024-01-05 23:55:00,131.52220549167157,0.0,0.0,88.8426481359481,0,0,-0.25881904510252157,0.9659258262890681,0,0,1,2.7,0.0
2024-01-06 00:00:00,2024-01-06 00:00:00,136.03780790606692,7.0,70.0,87.42003311076861,0,0,0.0,1.0,1,0,1,6.3,56.0
2024-01-06 00:05:00,2024-01-06 00:05:00,133.7375223846066,0.0,0.0,71.79228583559927,0,0,0.0,1.0,1,0,1,6.3,56.0
2024-01-06 00:10:00,2024-01-06 00:10:00,137.51160790161705,0.0,0.0,81.65266977092656,0,0,0.0,1.0,1,0,1,6.3,56.0
2024-01-06 00:15:00,2024-01-06 00:15:00,130.36392621464438,0.0,0.0,74.99951675458942,0,0,0.0,1.0,1,0,1,6.3,56.0
2024-01-06 00:20:00,2024-01-06 00:20:00,142.90293267591747,0.0,0.0,76.36442590800893,0,0,0.0,1.0,1,0,1,6.3,56.0
2024-01-06 00:25:00,2024-01-06 00:25:00,126.51444001542087,0.0,0.0,74.68185972324639,0,0,0.0,1.0,1,0,1,6.3,56.0
2024-01-06 00:30:00,2024-01-06 00:30:00,138.07368617010806,0.0,0.0,81.07795420674033,0,0,0.0,1.0,1,0,1,6.3,56.0
2024-01-06 00:35:00,2024-01-06 00:35:00,139.08498632472296,0.0,0.0,87.76702105169696,0,0,0.0,1.0,1,0,1,6.3,56.0
2024-01-06 00:40:00,2024-01-06 00:40:00,143.00206934343404,0.0,0.0,82.49424112906141,0,0,0.0,1.0,1,0,1,6.3,56.0
2024-01-06 00:45:00,2024-01-06 00:45:00,147.12360706906455,0.0,0.0,73.91794167919782,0,0,0.0,1.0,1,0,1,6.3,56.0
2024-01-06 00:50:00,2024-01-06 00:50:00,157.0077119789282,0.0,0.0,78.35909055978951,0,0,0.0,1.0,1,0,1,6.3,56.0
2024-01-06 00:55:00,2024-01-06 00:55:00,155.27082399860993,0.0,0.0,82.89550749306436,0,0,0.0,1.0,1,0,1,6.3,56.0
2024-01-06 01:00:00,2024-01-06 01:00:00,165.83157716091367,0.0,0.0,87.25384607061778,0,0,0.25881904510252074,0.9659258262890683,1,0,1,6.3,56.0
2024-01-06 01:05:00,2024-01-06 01:05:00,178.4130794651765,0.0,0.0,81.643728992652,0,0,0.25881904510252074,0.9659258262890683,1,0,1,6.3,56.0
2024-01-06 01:10:00,2024-01-06 01:10:00,177.14138504216845,0.0,0.0,75.64195851031212,0,0,0.25881904510252074,0.9659258262890683,1,0,1,6.3,56.0
2024-01-06 01:15:00,2024-01-06 01:15:00,186.33741407504675,0.0,0.0,79.73823221805755,0,0,0.25881904510252074,0.9659258262890683,1,0,1,6.3,56.0
2024-01-06 01:20:00,2024-01-06 01:20:00,183.0634702534606,0.0,0.0,77.79827848945371,0,0,0.25881904510252074,0.9659258262890683,1,0,1,6.3,56.0
2024-01-06 01:25:00,2024-01-06 01:25:00,182.41459987977632,0.0,0.0,80.99857617619435,0,0,0.25881904510252074,0.9659258262890683,1,0,1,6.3,56.0
2024-01-06 01:30:00,2024-01-06 01:30:00,187.06948722166197,0.0,0.0,77.06844992060789,0,0,0.25881904510252074,0.9659258262890683,1,0,1,6.3,56.0
2024-01-06 01:35:00,2024-01-06 01:35:00,185.89273563851376,0.0,0.0,91.11605802241155,0,0,0.25881904510252074,0.9659258262890683,1,0,1,6.3,56.0
2024-01-06 01:40:00,2024-01-06 01:40:00,181.61484872742608,0.0,0.0,76.85069051853321,0,0,0.25881904510252074,0.9659258262890683,1,0,1,6.3,56.0
2024-01-06 01:45:00,2024-01-06 01:45:00,187.16766208405585,0.0,0.0,76.67521646050753,0,0,0.25881904510252074,0.9659258262890683,1,0,1,6.3,56.0
2024-01-06 01:50:00,2024-01-06 01:50:00,177.23175898279095,0.0,0.0,79.1560693510183,0,0,0.25881904510252074,0.9659258262890683,1,0,1,6.3,56.0
2024-01-06 01:55:00,2024-01-06 01:55:00,174.36402970057594,0.0,0.0,83.53960941676002,0,0,0.25881904510252074,0.9659258262890683,1,0,1,6.3,56.0
2024-01-06 02:00:00,2024-01-06 02:00:00,159.10682705785973,0.0,0.0,73.68766706088088,0,0,0.49999999999999994,0.8660254037844387,1,0,1,6.3,56.0
2024-01-06 02:05:00,2024-01-06 02:05:00,169.7360558324138,0.0,0.0,82.18243676713739,0,0,0.49999999999999994,0.8660254037844387,1,0,1,6.3,56.0
2024-01-06 02:10:00,2024-01-06 02:10:00,162.48414044467577,0.0,0.0,71.02402902743175,0,0,0.49999999999999994,0.8660254037844387,1,0,1,6.3,56.0
2024-01-06 02:15:00,2024-01-06 02:15:00,155.38916917582503,0.0,0.0,84.48053457500745,0,0,0.49999999999999994,0.8660254037844387,1,0,1,6.3,56.0
2024-01-06 02:20:00,2024-01-06 02:20:00,145.60578970025082,0.0,0.0,77.0906379611952,0,0,0.49999999999999994,0.8660254037844387,1,0,1,6.3,56.0
2024-01-06 02:25:00,2024-01-06 02:25:00,149.81893442345543,0.0,0.0,83.46929613508135,0,0,0.49999999999999994,0.8660254037844387,1,0,1,6.3,56.0
2024-01-06 02:30:00,2024-01-06 02:30:00,140.18786862154437,0.0,0.0,89.71863715281627,0,0,0.49999999999999994,0.8660254037844387,1,0,1,6.3,56.0
2024-01-06 02:35:00,2024-01-06 02:35:00,131.4371660175593,0.0,0.0,79.05475519777833,0,0,0.49999999999999994,0.8660254037844387,1,0,1,6.3,56.0
2024-01-06 02:40:00,2024-01-06 02:40:00,143.63080147227055,0.0,0.0,82.90823730996703,0,0,0.49999999999999994,0.8660254037844387,1,0,1,6.3,56.0
2024-01-06 02:45:00,2024-01-06 02:45:00,145.3209842319275,0.0,0.0,81.81832759013737,0,0,0.49999999999999994,0.8660254037844387,1,0,1,6.3,56.0
2024-01-06 02:50:00,2024-01-06 02:50:00,138.50180609162467,0.0,0.0,83.45295856708678,100,0,0.49999999999999994,0.8660254037844387,1,0,1,6.3,56.0
2024-01-06 02:55:00,2024-01-06 02:55:00,141.01489043993342,0.0,0.0,79.83673502023223,0,0,0.49999999999999994,0.8660254037844387,1,0,1,6.3,56.0
2024-01-06 03:00:00,2024-01-06 03:00:00,143.1858368187978,0.0,0.0,87.87966700218384,0,0,0.7071067811865475,0.7071067811865476,1,0,1,6.3,0.0
2024-01-06 03:05:00,2024-01-06 03:05:00,135.29614095157112,0.0,0.0,80.74956187571486,0,0,0.7071067811865475,0.7071067811865476,1,0,1,6.3,0.0
2024-01-06 03:10:00,2024-01-06 03:10:00,143.2228231837754,0.0,0.0,78.13256893642225,0,0,0.7071067811865475,0.7071067811865476,1,0,1,6.3,0.0
2024-01-06 03:15:00,2024-01-06 03:15:00,144.11363481799265,0.0,0.0,75.41885740339362,0,0,0.7071067811865475,0.7071067811865476,1,0,1,6.3,0.0
2024-01-06 03:20:00,2024-01-06 03:20:00,139.1800814118389,0.0,0.0,80.11351854097528,0,0,0.7071067811865475,0.7071067811865476,1,0,1,6.3,0.0
2024-01-06 03:25:00,2024-01-06 03:25:00,142.07657984924944,0.0,0.0,83.80483653924857,0,0,0.7071067811865475,0.7071067811865476,1,0,1,6.3,0.0
2024-01-06 03:30:00,2024-01-06 03:30:00,136.49442496639617,0.0,0.0,84.74452659083495,0,0,0.7071067811865475,0.7071067811865476,1,0,1,6.3,0.0
2024-01-06 03:35:00,2024-01-06 03:35:00,135.749865854952,0.0,0.0,82.94979988266199,0,0,0.7071067811865475,0.7071067811865476,1,0,1,6.3,0.0
2024-01-06 03:40:00,2024-01-06 03:40:00,143.20351329089402,0.0,0.0,68.81996805145866,0,0,0.7071067811865475,0.7071067811865476,1,0,1,6.3,0.0
2024-01-06 03:45:00,2024-01-06 03:45:00,148.86602759158984,0.0,0.0,81.28582602288627,0,0,0.7071067811865475,0.7071067811865476,1,0,1,6.3,0.0
2024-01-06 03:50:00,2024-01-06 03:50:00,146.8577300045708,0.0,0.0,87.01969460560657,100,0,0.7071067811865475,0.7071067811865476,1,0,1,6.3,0.0
2024-01-06 03:55:00,2024-01-06 03:55:00,135.3329658842521,0.0,0.0,73.17398011305154,0,0,0.7071067811865475,0.7071067811865476,1,0,1,6.3,0.0
2024-01-06 04:00:00,2024-01-06 04:00:00,136.15607414706594,0.0,0.0,84.94503781839782,0,0,0.8660254037844386,0.5000000000000001,1,0,1,6.3,0.0
2024-01-06 04:05:00,2024-01-06 04:05:00,142.4649016907225,0.0,0.0,72.33874841573758,0,0,0.8660254037844386,0.5000000000000001,1,0,1,6.3,0.0
2024-01-06 04:10:00,2024-01-06 04:10:00,149.2792797611965,0.0,0.0,80.67242864714852,0,0,0.8660254037844386,0.5000000000000001,1,0,1,6.3,0.0
2024-01-06 04:15:00,2024-01-06 04:15:00,138.4033653254127,0.0,0.0,77.15732679452586,0,0,0.8660254037844386,0.5000000000000001,1,0,1,6.3,0.0
2024-01-06 04:20:00,2024-01-06 04:20:00,133.85589651838296,0.0,0.0,79.9192498291002,0,0,0.8660254037844386,0.5000000000000001,1,0,1,6.3,0.0
2024-01-06 04:25:00,2024-01-06 04:25:00,141.81999937777533,0.0,0.0,80.32741481627352,0,0,0.8660254037844386,0.5000000000000001,1,0,1,6.3,0.0
2024-01-06 04:30:00,2024-01-06 04:30:00,148.16637752356675,0.0,0.0,74.13852554963664,0,0,0.8660254037844386,0.5000000000000001,1,0,1,6.3,0.0
2024-01-06 04:35:00,2024-01-06 04:35:00,141.04312600357719,0.0,0.0,77.69995213056383,100,0,0.8660254037844386,0.5000000000000001,1,0,1,6.3,0.0
2024-01-06 04:40:00,2024-01-06 04:40:00,139.50777351175083,0.0,0.0,73.95715607919502,0,0,0.8660254037844386,0.5000000000000001,1,0,1,6.3,0.0
2024-01-06 04:45:00,2024-01-06 04:45:00,148.47262006363587,0.0,0.0,77.46272464441692,0,0,0.8660254037844386,0.5000000000000001,1,0,1,6.3,0.0
2024-01-06 04:50:00,2024-01-06 04:50:00,146.59276679127177,0.0,0.0,79.43829559571454,0,0,0.8660254037844386,0.5000000000000001,1,0,1,6.3,0.0
2024-01-06 04:55:00,2024-01-06 04:55:00,145.19507091757697,0.0,0.0,78.54750293164226,0,0,0.8660254037844386,0.5000000000000001,1,0,1,6.3,0.0
2024-01-06 05:00:00,2024-01-06 05:00:00,152.40439544824213,3.0,30.0,87.79543453785816,0,0,0.9659258262890683,0.25881904510252074,1,0,1,2.7,24.0
2024-01-06 05:05:00,2024-01-06 05:05:00,152.2205709301724,0.0,0.0,89.2980241684879,0,0,0.9659258262890683,0.25881904510252074,1,0,1,2.7,24.0
2024-01-06 05:10:00,2024-01-06 05:10:00,147.50409399364048,0.0,0.0,77.2512498612963,0,0,0.9659258262890683,0.25881904510252074,1,0,1,2.7,24.0
2024-01-06 05:15:00,2024-01-06 05:15:00,149.3972800443718,0.0,0.0,77.57759614794212,0,0,0.9659258262890683,0.25881904510252074,1,0,1,2.7,24.0
2024-01-06 05:20:00,2024-01-06 05:20:00,143.87179555811312,0.0,0.0,80.96477080631881,0,0,0.9659258262890683,0.25881904510252074,1,0,1,2.7,24.0
2024-01-06 05:25:00,2024-01-06 05:25:00,138.66057973346378,0.0,0.0,83.31180126532323,0,0,0.9659258262890683,0.25881904510252074,1,0,1,2.7,24.0
2024-01-06 05:30:00,2024-01-06 05:30:00,148.21207882452194,0.0,0.0,77.63804338831811,0,0,0.9659258262890683,0.25881904510252074,1,0,1,2.7,24.0
2024-01-06 05:35:00,2024-01-06 05:35:00,163.19988980322205,0.0,0.0,79.71287628881166,0,0,0.9659258262890683,0.25881904510252074,1,0,1,2.7,24.0
2024-01-06 05:40:00,2024-01-06 05:40:00,151.9431980084393,0.0,0.0,85.99647138889782,0,0,0.9659258262890683,0.25881904510252074,1,0,1,2.7,24.0
2024-01-06 05:45:00,2024-01-06 05:45:00,150.5356332041419,0.0,0.0,76.40062367322882,100,0,0.9659258262890683,0.25881904510252074,1,0,1,2.7,24.0
2024-01-06 05:50:00,2024-01-06 05:50:00,155.87790523881267,0.0,0.0,70.92788343586605,0,0,0.9659258262890683,0.25881904510252074,1,0,1,2.7,24.0
2024-01-06 05:55:00,2024-01-06 05:55:00,159.35794435250907,0.0,0.0,75.64355656699747,0,0,0.9659258262890683,0.25881904510252074,1,0,1,2.7,24.0
2024-01-06 06:00:00,2024-01-06 06:00:00,148.7765330754008,0.0,0.0,69.0946243990152,0,0,1.0,6.123233995736766e-17,1,0,1,2.7,24.0
2024-01-06 06:05:00,2024-01-06 06:05:00,158.1960624541234,0.0,0.0,79.64813624568797,0,0,1.0,6.123233995736766e-17,1,0,1,2.7,24.0
2024-01-06 06:10:00,2024-01-06 06:10:00,166.273222481204,0.0,0.0,71.94059376352031,0,0,1.0,6.123233995736766e-17,1,0,1,2.7,24.0
2024-01-06 06:15:00,2024-01-06 06:15:00,158.34064184220168,0.0,0.0,80.85689867157426,0,0,1.0,6.123233995736766e-17,1,0,1,2.7,24.0
2024-01-06 06:20:00,2024-01-06 06:20:00,162.71497541065514,0.0,0.0,84.93078600558403,0,0,1.0,6.123233995736766e-17,1,0,1,2.7,24.0
2024-01-06 06:25:00,2024-01-06 06:25:00,169.46935644359675,0.0,0.0,83.3459900412188,0,0,1.0,6.123233995736766e-17,1,0,1,2.7,24.0
2024-01-06 06:30:00,2024-01-06 06:30:00,164.7219745426707,0.0,0.0,76.63999803077103,0,0,1.0,6.123233995736766e-17,1,0,1,2.7,24.0
2024-01-06 06:35:00,2024-01-06 06:35:00,171.67929797857755,0.0,0.0,78.09663265403549,0,0,1.0,6.123233995736766e-17,1,0,1,2.7,24.0
2024-01-06 06:40:00,2024-01-06 06:40:00,172.55064940071313,0.0,0.0,82.50759103008639,0,0,1.0,6.123233995736766e-17,1,0,1,2.7,24.0
2024-01-06 06:45:00,2024-01-06 06:45:00,166.42285871511035,0.0,0.0,89.61239553975855,0,0,1.0,6.123233995736766e-17,1,0,1,2.7,24.0
2024-01-06 06:50:00,2024-01-06 06:50:00,163.63530451849513,0.0,0.0,86.98043955758948,0,0,1.0,6.123233995736766e-17,1,0,1,2.7,24.0
2024-01-06 06:55:00,2024-01-06 06:55:00,158.88315710096603,0.0,0.0,77.40568932302423,0,0,1.0,6.123233995736766e-17,1,0,1,2.7,24.0
2024-01-06 07:00:00,2024-01-06 07:00:00,159.41747438686707,0.0,0.0,80.927905512414,0,0,0.9659258262890683,-0.25881904510252063,1,0,1,2.7,24.0
2024-01-06 07:05:00,2024-01-06 07:05:00,156.40340945488555,0.0,0.0,71.72964403335219,0,0,0.9659258262890683,-0.25881904510252063,1,0,1,2.7,24.0
2024-01-06 07:10:00,2024-01-06 07:10:00,160.13273256465263,0.0,0.0,76.66234487160199,0,0,0.9659258262890683,-0.25881904510252063,1,0,1,2.7,24.0
2024-01-06 07:15:00,2024-01-06 07:15:00,143.87611693929327,0.0,0.0,77.95322269098179,0,0,0.9659258262890683,-0.25881904510252063,1,0,1,2.7,24.0
2024-01-06 07:20:00,2024-01-06 07:20:00,157.2985260892791,0.0,0.0,88.48023045359821,0,0,0.9659258262890683,-0.25881904510252063,1,0,1,2.7,24.0
2024-01-06 07:25:00,2024-01-06 07:25:00,160.63867360851606,0.0,0.0,81.65530217634006,0,0,0.9659258262890683,-0.25881904510252063,1,0,1,2.7,24.0
2024-01-06 07:30:00,2024-01-06 07:30:00,152.65912360133174,0.0,0.0,79.8294328096259,0,0,0.9659258262890683,-0.25881904510252063,1,0,1,2.7,24.0
2024-01-06 07:35:00,2024-01-06 07:35:00,144.4894587914363,0.0,0.0,75.38326267670513,0,0,0.9659258262890683,-0.25881904510252063,1,0,1,2.7,24.0
2024-01-06 07:40:00,2024-01-06 07:40:00,145.4885123590467,0.0,0.0,85.84141786490919,0,0,0.9659258262890683,-0.25881904510252063,1,0,1,2.7,24.0
2024-01-06 07:45:00,2024-01-06 07:45:00,145.48024780775282,0.0,0.0,85.75777567768154,100,0,0.9659258262890683,-0.25881904510252063,1,0,1,2.7,24.0
2024-01-06 07:50:00,2024-01-06 07:50:00,141.92736010140317,0.0,0.0,85.39642809496792,0,0,0.9659258262890683,-0.25881904510252063,1,0,1,2.7,24.0
2024-01-06 07:55:00,2024-01-06 07:55:00,146.85730546462054,0.0,0.0,78.45995060566426,100,0,0.9659258262890683,-0.25881904510252063,1,0,1,2.7,24.0
2024-01-06 08:00:00,2024-01-06 08:00:00,141.7453919857647,0.0,0.0,79.62263544072606,0,0,0.8660254037844387,-0.49999999999999983,1,0,1,2.7,0.0
2024-01-06 08:05:00,2024-01-06 08:05:00,138.1570820780116,0.0,0.0,88.14988198115566,0,0,0.8660254037844387,-0.49999999999999983,1,0,1,2.7,0.0
2024-01-06 08:10:00,2024-01-06 08:10:00,145.14805456681043,0.0,0.0,67.41618657189622,100,0,0.8660254037844387,-0.49999999999999983,1,0,1,2.7,0.0
2024-01-06 08:15:00,2024-01-06 08:15:00,147.95027379588643,0.0,0.0,76.69303201528037,0,0,0.8660254037844387,-0.49999999999999983,1,0,1,2.7,0.0
2024-01-06 08:20:00,2024-01-06 08:20:00,147.82405739532695,0.0,0.0,80.9171067973092,100,0,0.8660254037844387,-0.49999999999999983,1,0,1,2.7,0.0
2024-01-06 08:25:00,2024-01-06 08:25:00,151.88268829194485,0.0,0.0,75.73793462082406,0,0,0.8660254037844387,-0.49999999999999983,1,0,1,2.7,0.0
2024-01-06 08:30:00,2024-01-06 08:30:00,139.21833849920404,0.0,0.0,80.11778033928466,0,0,0.8660254037844387,-0.49999999999999983,1,0,1,2.7,0.0
2024-01-06 08:35:00,2024-01-06 08:35:00,135.27422317823186,0.0,0.0,85.04434267896325,0,0,0.8660254037844387,-0.49999999999999983,1,0,1,2.7,0.0
2024-01-06 08:40:00,2024-01-06 08:40:00,144.11015653220338,0.0,0.0,83.83238227913131,100,0,0.8660254037844387,-0.49999999999999983,1,0,1,2.7,0.0
2024-01-06 08:45:00,2024-01-06 08:45:00,143.36541680417363,0.0,0.0,76.20475242135232,0,0,0.8660254037844387,-0.49999999999999983,1,0,1,2.7,0.0
2024-01-06 08:50:00,2024-01-06 08:50:00,138.51753165749204,0.0,0.0,79.40671074648886,0,0,0.8660254037844387,-0.49999999999999983,1,0,1,2.7,0.0
2024-01-06 08:55:00,2024-01-06 08:55:00,147.4281744709835,0.0,0.0,80.59793434998538,0,0,0.8660254037844387,-0.49999999999999983,1,0,1,2.7,0.0
2024-01-06 09:00:00,2024-01-06 09:00:00,144.7930192562186,0.0,0.0,82.04791071416184,0,0,0.7071067811865476,-0.7071067811865475,1,0,1,2.7,0.0
2024-01-06 09:05:00,2024-01-06 09:05:00,137.50763328455372,0.0,0.0,84.4492057240089,0,0,0.7071067811865476,-0.7071067811865475,1,0,1,2.7,0.0
2024-01-06 09:10:00,2024-01-06 09:10:00,142.4418309668625,0.0,0.0,81.19043341318164,0,0,0.7071067811865476,-0.7071067811865475,1,0,1,2.7,0.0
2024-01-06 09:15:00,2024-01-06 09:15:00,146.49407661766656,0.0,0.0,83.8633406501729,0,0,0.7071067811865476,-0.7071067811865475,1,0,1,2.7,0.0
2024-01-06 09:20:00,2024-01-06 09:20:00,151.57524165060852,0.0,0.0,75.36530839324982,0,0,0.7071067811865476,-0.7071067811865475,1,0,1,2.7,0.0
2024-01-06 09:25:00,2024-01-06 09:25:00,139.5460479277979,0.0,0.0,85.6201786749278,0,0,0.7071067811865476,-0.7071067811865475,1,0,1,2.7,0.0
2024-01-06 09:30:00,2024-01-06 09:30:00,146.70620389398832,0.0,0.0,78.75913642498568,100,0,0.7071067811865476,-0.7071067811865475,1,0,1,2.7,0.0
2024-01-06 09:35:00,2024-01-06 09:35:00,147.90073282523946,0.0,0.0,86.83432351886445,0,0,0.7071067811865476,-0.7071067811865475,1,0,1,2.7,0.0
2024-01-06 09:40:00,2024-01-06 09:40:00,135.56271691307637,0.0,0.0,78.89341097722297,0,0,0.7071067811865476,-0.7071067811865475,1,0,1,2.7,0.0
2024-01-06 09:45:00,2024-01-06 09:45:00,140.10141609124548,0.0,0.0,87.153621678982,0,0,0.7071067811865476,-0.7071067811865475,1,0,1,2.7,0.0
2024-01-06 09:50:00,2024-01-06 09:50:00,142.30387477482998,0.0,0.0,86.36114742118434,100,0,0.7071067811865476,-0.7071067811865475,1,0,1,2.7,0.0
2024-01-06 09:55:00,2024-01-06 09:55:00,144.95573090716422,0.0,0.0,83.73290880769456,0,0,0.7071067811865476,-0.7071067811865475,1,0,1,2.7,0.0
2024-01-06 10:00:00,2024-01-06 10:00:00,134.65259608246825,0.0,0.0,85.6647787045505,0,0,0.49999999999999994,-0.8660254037844387,1,0,1,0.0,0.0
2024-01-06 10:05:00,2024-01-06 10:05:00,137.9838392214789,0.0,0.0,82.24892944743347,0,0,0.49999999999999994,-0.8660254037844387,1,0,1,0.0,0.0
2024-01-06 10:10:00,2024-01-06 10:10:00,144.15983277086488,0.0,0.0,70.80099012097483,0,0,0.49999999999999994,-0.8660254037844387,1,0,1,0.0,0.0
2024-01-06 10:15:00,2024-01-06 10:15:00,137.6628318460933,0.0,0.0,80.42197753401152,0,0,0.49999999999999994,-0.8660254037844387,1,0,1,0.0,0.0
2024-01-06 10:20:00,2024-01-06 10:20:00,137.5157947729265,0.0,0.0,81.55329124559543,0,0,0.49999999999999994,-0.8660254037844387,1,0,1,0.0,0.0
2024-01-06 10:25:00,2024-01-06 10:25:00,135.31213983792412,0.0,0.0,87.53031642933314,0,0,0.49999999999999994,-0.8660254037844387,1,0,1,0.0,0.0
2024-01-06 10:30:00,2024-01-06 10:30:00,140.9320873384654,0.0,0.0,84.09796440729394,100,0,0.49999999999999994,-0.8660254037844387,1,0,1,0.0,0.0
2024-01-06 10:35:00,2024-01-06 10:35:00,141.9871665418916,0.0,0.0,75.17117046016172,0,0,0.49999999999999994,-0.8660254037844387,1,0,1,0.0,0.0
2024-01-06 10:40:00,2024-01-06 10:40:00,136.69403898365857,0.0,0.0,75.51398023645004,0,0,0.49999999999999994,-0.8660254037844387,1,0,1,0.0,0.0
2024-01-06 10:45:00,2024-01-06 10:45:00,132.9018063018649,0.0,0.0,79.3959641367702,100,0,0.49999999999999994,-0.8660254037844387,1,0,1,0.0,0.0
2024-01-06 10:50:00,2024-01-06 10:50:00,137.0321474062935,0.0,0.0,72.7491146453695,0,0,0.49999999999999994,-0.8660254037844387,1,0,1,0.0,0.0
2024-01-06 10:55:00,2024-01-06 10:55:00,143.36219108410526,0.0,0.0,76.63214467869736,0,0,0.49999999999999994,-0.8660254037844387,1,0,1,0.0,0.0
2024-01-06 11:00:00,2024-01-06 11:00:00,139.80931166085023,0.0,0.0,79.17365032587132,0,0,0.258819045102521,-0.9659258262890682,1,0,1,0.0,0.0
2024-01-06 11:05:00,2024-01-06 11:05:00,132.5978105030534,0.0,0.0,86.87561706373276,0,0,0.258819045102521,-0.9659258262890682,1,0,1,0.0,0.0
2024-01-06 11:10:00,2024-01-06 11:10:00,139.1589706633353,0.0,0.0,83.95099427324635,0,0,0.258819045102521,-0.9659258262890682,1,0,1,0.0,0.0
2024-01-06 11:15:00,2024-01-06 11:15:00,135.8951743295085,0.0,0.0,74.1335690159754,0,0,0.258819045102521,-0.9659258262890682,1,0,1,0.0,0.0
2024-01-06 11:20:00,2024-01-06 11:20:00,128.2715939372124,0.0,0.0,81.2412752303779,0,0,0.258819045102521,-0.9659258262890682,1,0,1,0.0,0.0
2024-01-06 11:25:00,2024-01-06 11:25:00,130.8452218961226,0.0,0.0,74.34347784673056,0,0,0.258819045102521,-0.9659258262890682,1,0,1,0.0,0.0
2024-01-06 11:30:00,2024-01-06 11:30:00,125.25244196789014,0.0,0.0,75.25643167264175,0,0,0.258819045102521,-0.9659258262890682,1,0,1,0.0,0.0
2024-01-06 11:35:00,2024-01-06 11:35:00,135.33477462733384,0.0,0.0,81.53225123800894,0,0,0.258819045102521,-0.9659258262890682,1,0,1,0.0,0.0
2024-01-06 11:40:00,2024-01-06 11:40:00,134.93773103388074,0.0,0.0,79.89555483077903,0,0,0.258819045102521,-0.9659258262890682,1,0,1,0.0,0.0
2024-01-06 11:45:00,2024-01-06 11:45:00,129.373776620451,0.0,0.0,74.59391912570369,0,0,0.258819045102521,-0.9659258262890682,1,0,1,0.0,0.0
2024-01-06 11:50:00,2024-01-06 11:50:00,136.75358012288294,0.0,0.0,84.81846906971509,0,0,0.258819045102521,-0.9659258262890682,1,0,1,0.0,0.0
2024-01-06 11:55:00,2024-01-06 11:55:00,131.503923835046,0.0,0.0,79.40333971963568,0,0,0.258819045102521,-0.9659258262890682,1,0,1,0.0,0.0
2024-01-06 12:00:00,2024-01-06 12:00:00,125.98179616638913,0.0,0.0,79.4744362275812,0,0,1.2246467991473532e-16,-1.0,1,0,1,0.0,0.0
2024-01-06 12:05:00,2024-01-06 12:05:00,131.13028424561,0.0,0.0,76.16751611870323,0,0,1.2246467991473532e-16,-1.0,1,0,1,0.0,0.0
2024-01-06 12:10:00,2024-01-06 12:10:00,135.38765388155267,0.0,0.0,75.60090839996106,0,0,1.2246467991473532e-16,-1.0,1,0,1,0.0,0.0
2024-01-06 12:15:00,2024-01-06 12:15:00,140.00774935062037,0.0,0.0,77.25420268030501,0,0,1.2246467991473532e-16,-1.0,1,0,1,0.0,0.0
2024-01-06 12:20:00,2024-01-06 12:20:00,131.5739444778199,0.0,0.0,84.02011604043857,0,0,1.2246467991473532e-16,-1.0,1,0,1,0.0,0.0
2024-01-06 12:25:00,2024-01-06 12:25:00,139.48610312539952,0.0,0.0,84.90007069701471,0,0,1.2246467991473532e-16,-1.0,1,0,1,0.0,0.0
2024-01-06 12:30:00,2024-01-06 12:30:00,126.94941934769528,0.0,0.0,68.49754176862135,0,0,1.2246467991473532e-16,-1.0,1,0,1,0.0,0.0
2024-01-06 12:35:00,2024-01-06 12:35:00,126.40275158764948,0.0,0.0,77.33554546125065,0,0,1.2246467991473532e-16,-1.0,1,0,1,0.0,0.0
2024-01-06 12:40:00,2024-01-06 12:40:00,132.97399501151347,0.0,0.0,75.51582924311074,0,0,1.2246467991473532e-16,-1.0,1,0,1,0.0,0.0
2024-01-06 12:45:00,2024-01-06 12:45:00,137.37842379339946,0.0,0.0,84.2826639586686,0,0,1.2246467991473532e-16,-1.0,1,0,1,0.0,0.0
2024-01-06 12:50:00,2024-01-06 12:50:00,122.67894560597223,0.0,0.0,79.32731754422022,0,0,1.2246467991473532e-16,-1.0,1,0,1,0.0,0.0
2024-01-06 12:55:00,2024-01-06 12:55:00,134.5910170723094,0.0,0.0,86.84319288815837,0,0,1.2246467991473532e-16,-1.0,1,0,1,0.0,0.0
2024-01-06 13:00:00,2024-01-06 13:00:00,129.22903299022647,0.0,0.0,83.6350081409538,0,0,-0.2588190451025208,-0.9659258262890683,1,0,1,0.0,0.0
2024-01-06 13:05:00,2024-01-06 13:05:00,122.40143116583064,0.0,0.0,72.99716312451112,0,0,-0.2588190451025208,-0.9659258262890683,1,0,1,0.0,0.0
2024-01-06 13:10:00,2024-01-06 13:10:00,118.30780964875014,0.0,0.0,77.50973588624957,0,0,-0.2588190451025208,-0.9659258262890683,1,0,1,0.0,0.0
2024-01-06 13:15:00,2024-01-06 13:15:00,132.51946599486206,0.0,0.0,77.02661721681517,0,0,-0.2588190451025208,-0.9659258262890683,1,0,1,0.0,0.0
2024-01-06 13:20:00,2024-01-06 13:20:00,127.36528637891769,0.0,0.0,72.92304499301419,0,0,-0.2588190451025208,-0.9659258262890683,1,0,1,0.0,0.0
2024-01-06 13:25:00,2024-01-06 13:25:00,126.15698691602724,0.0,0.0,74.35904041534953,0,0,-0.2588190451025208,-0.9659258262890683,1,0,1,0.0,0.0
2024-01-06 13:30:00,2024-01-06 13:30:00,128.52858937633843,0.0,0.0,81.0212324904973,0,0,-0.2588190451025208,-0.9659258262890683,1,0,1,0.0,0.0
2024-01-06 13:35:00,2024-01-06 13:35:00,133.38417058864545,0.0,0.0,75.7203907096925,0,0,-0.2588190451025208,-0.9659258262890683,1,0,1,0.0,0.0
2024-01-06 13:40:00,2024-01-06 13:40:00,125.94659512100846,0.0,0.0,82.87383559322441,0,0,-0.2588190451025208,-0.9659258262890683,1,0,1,0.0,0.0
2024-01-06 13:45:00,2024-01-06 13:45:00,118.686172288095,0.0,0.0,77.9583203983352,0,0,-0.2588190451025208,-0.9659258262890683,1,0,1,0.0,0.0
2024-01-06 13:50:00,2024-01-06 13:50:00,131.02672185470908,0.0,0.0,69.37690891465935,0,0,-0.2588190451025208,-0.9659258262890683,1,0,1,0.0,0.0
2024-01-06 13:55:00,2024-01-06 13:55:00,132.45772024912782,0.0,0.0,76.9346108689886,0,0,-0.2588190451025208,-0.9659258262890683,1,0,1,0.0,0.0
2024-01-06 14:00:00,2024-01-06 14:00:00,125.7149461028304,0.0,0.0,75.41007388974047,0,0,-0.4999999999999998,-0.8660254037844388,1,0,1,0.0,0.0
2024-01-06 14:05:00,2024-01-06 14:05:00,129.0482688809364,0.0,0.0,81.18393208189508,0,0,-0.4999999999999998,-0.8660254037844388,1,0,1,0.0,0.0
2024-01-06 14:10:00,2024-01-06 14:10:00,119.31069131633821,0.0,0.0,80.52511162190791,100,0,-0.4999999999999998,-0.8660254037844388,1,0,1,0.0,0.0
2024-01-06 14:15:00,2024-01-06 14:15:00,126.63565745952944,0.0,0.0,85.26811899173998,0,0,-0.4999999999999998,-0.8660254037844388,1,0,1,0.0,0.0
2024-01-06 14:20:00,2024-01-06 14:20:00,127.01310883364205,0.0,0.0,76.4124457457441,0,0,-0.4999999999999998,-0.8660254037844388,1,0,1,0.0,0.0
2024-01-06 14:25:00,2024-01-06 14:25:00,132.18438808296006,0.0,0.0,80.597135632624,0,0,-0.4999999999999998,-0.8660254037844388,1,0,1,0.0,0.0
2024-01-06 14:30:00,2024-01-06 14:30:00,117.0208264538834,0.0,0.0,83.87705416365696,0,0,-0.4999999999999998,-0.8660254037844388,1,0,1,0.0,0.0
2024-01-06 14:35:00,2024-01-06 14:35:00,127.11563198783774,0.0,0.0,81.89435654049453,0,0,-0.4999999999999998,-0.8660254037844388,1,0,1,0.0,0.0
2024-01-06 14:40:00,2024-01-06 14:40:00,114.99861328340928,0.0,0.0,74.50459493334768,0,0,-0.4999999999999998,-0.8660254037844388,1,0,1,0.0,0.0
2024-01-06 14:45:00,2024-01-06 14:45:00,119.25907153602027,0.0,0.0,79.34731515806081,100,0,-0.4999999999999998,-0.8660254037844388,1,0,1,0.0,0.0
2024-01-06 14:50:00,2024-01-06 14:50:00,126.76452245115478,0.0,0.0,78.10787254128451,0,0,-0.4999999999999998,-0.8660254037844388,1,0,1,0.0,0.0
2024-01-06 14:55:00,2024-01-06 14:55:00,127.70464253029995,0.0,0.0,82.08676431754746,0,0,-0.4999999999999998,-0.8660254037844388,1,0,1,0.0,0.0
2024-01-06 15:00:00,2024-01-06 15:00:00,119.87554000972784,5.0,50.0,76.60518774683045,0,0,-0.7071067811865471,-0.7071067811865479,1,0,1,4.5,40.0
2024-01-06 15:05:00,2024-01-06 15:05:00,124.68537164308957,0.0,0.0,82.72638638489596,100,0,-0.7071067811865471,-0.7071067811865479,1,0,1,4.5,40.0
2024-01-06 15:10:00,2024-01-06 15:10:00,123.6459068787178,0.0,0.0,86.4655688261599,0,0,-0.7071067811865471,-0.7071067811865479,1,0,1,4.5,40.0
2024-01-06 15:15:00,2024-01-06 15:15:00,118.5095993649658,0.0,0.0,82.54882282062955,0,0,-0.7071067811865471,-0.7071067811865479,1,0,1,4.5,40.0
2024-01-06 15:20:00,2024-01-06 15:20:00,119.87731588496482,0.0,0.0,80.37825230541225,0,0,-0.7071067811865471,-0.7071067811865479,1,0,1,4.5,40.0
2024-01-06 15:25:00,2024-01-06 15:25:00,121.73455556177868,0.0,0.0,76.57891490795625,0,0,-0.7071067811865471,-0.7071067811865479,1,0,1,4.5,40.0
2024-01-06 15:30:00,2024-01-06 15:30:00,118.83430537249653,0.0,0.0,84.3975765464656,0,0,-0.7071067811865471,-0.7071067811865479,1,0,1,4.5,40.0
2024-01-06 15:35:00,2024-01-06 15:35:00,122.13605901020817,0.0,0.0,80.35341215414671,0,0,-0.7071067811865471,-0.7071067811865479,1,0,1,4.5,40.0
2024-01-06 15:40:00,2024-01-06 15:40:00,128.57723597180996,0.0,0.0,85.1673794878606,0,0,-0.7071067811865471,-0.7071067811865479,1,0,1,4.5,40.0
2024-01-06 15:45:00,2024-01-06 15:45:00,133.16399404812233,0.0,0.0,82.34755515401649,0,0,-0.7071067811865471,-0.7071067811865479,1,0,1,4.5,40.0
2024-01-06 15:50:00,2024-01-06 15:50:00,155.90589537820586,0.0,0.0,71.01712469258578,0,0,-0.7071067811865471,-0.7071067811865479,1,0,1,4.5,40.0
2024-01-06 15:55:00,2024-01-06 15:55:00,146.04509106800697,0.0,0.0,81.37413112774938,0,0,-0.7071067811865471,-0.7071067811865479,1,0,1,4.5,40.0
2024-01-06 16:00:00,2024-01-06 16:00:00,141.61672005319863,0.0,0.0,82.36079126081324,0,0,-0.8660254037844384,-0.5000000000000004,1,0,1,4.5,40.0
2024-01-06 16:05:00,2024-01-06 16:05:00,148.9938704543959,0.0,0.0,86.97325563593033,0,0,-0.8660254037844384,-0.5000000000000004,1,0,1,4.5,40.0
2024-01-06 16:10:00,2024-01-06 16:10:00,154.84325555582416,0.0,0.0,83.69999763074968,0,0,-0.8660254037844384,-0.5000000000000004,1,0,1,4.5,40.0
2024-01-06 16:15:00,2024-01-06 16:15:00,155.6055178980104,0.0,0.0,76.34061262825401,100,0,-0.8660254037844384,-0.5000000000000004,1,0,1,4.5,40.0
2024-01-06 16:20:00,2024-01-06 16:20:00,153.22449375276682,0.0,0.0,83.24681114992381,0,0,-0.8660254037844384,-0.5000000000000004,1,0,1,4.5,40.0
2024-01-06 16:25:00,2024-01-06 16:25:00,156.50258704798043,0.0,0.0,71.73187592364492,100,0,-0.8660254037844384,-0.5000000000000004,1,0,1,4.5,40.0
2024-01-06 16:30:00,2024-01-06 16:30:00,165.5081421789689,0.0,0.0,76.07255393604328,0,0,-0.8660254037844384,-0.5000000000000004,1,0,1,4.5,40.0
2024-01-06 16:35:00,2024-01-06 16:35:00,163.4767606072595,0.0,0.0,79.00577472919784,0,0,-0.8660254037844384,-0.5000000000000004,1,0,1,4.5,40.0
2024-01-06 16:40:00,2024-01-06 16:40:00,157.19835392892173,0.0,0.0,83.13991979062966,0,0,-0.8660254037844384,-0.5000000000000004,1,0,1,4.5,40.0
2024-01-06 16:45:00,2024-01-06 16:45:00,147.44551080014324,0.0,0.0,75.37915934910679,0,0,-0.8660254037844384,-0.5000000000000004,1,0,1,4.5,40.0
2024-01-06 16:50:00,2024-01-06 16:50:00,145.20031006497746,0.0,0.0,72.35062852487738,0,0,-0.8660254037844384,-0.5000000000000004,1,0,1,4.5,40.0
2024-01-06 16:55:00,2024-01-06 16:55:00,147.37642593303588,0.0,0.0,80.69931841021797,0,0,-0.8660254037844384,-0.5000000000000004,1,0,1,4.5,40.0
2024-01-06 17:00:00,2024-01-06 17:00:00,132.23127510578703,0.0,0.0,81.83979419365485,0,0,-0.9659258262890683,-0.25881904510252063,1,0,1,4.5,40.0
2024-01-06 17:05:00,2024-01-06 17:05:00,130.7701656087371,0.0,0.0,74.10650280220388,0,0,-0.9659258262890683,-0.25881904510252063,1,0,1,4.5,40.0
2024-01-06 17:10:00,2024-01-06 17:10:00,136.436581727334,0.0,0.0,73.86801149044803,0,0,-0.9659258262890683,-0.25881904510252063,1,0,1,4.5,40.0
2024-01-06 17:15:00,2024-01-06 17:15:00,122.15057247139008,0.0,0.0,82.39138647327668,0,0,-0.9659258262890683,-0.25881904510252063,1,0,1,4.5,40.0
2024-01-06 17:20:00,2024-01-06 17:20:00,129.6295952210699,0.0,0.0,80.92170852388584,0,0,-0.9659258262890683,-0.25881904510252063,1,0,1,4.5,40.0
2024-01-06 17:25:00,2024-01-06 17:25:00,125.76794535721486,0.0,0.0,90.67494898011375,0,0,-0.9659258262890683,-0.25881904510252063,1,0,1,4.5,40.0
2024-01-06 17:30:00,2024-01-06 17:30:00,121.32099701531472,0.0,0.0,71.83245193703627,0,0,-0.9659258262890683,-0.25881904510252063,1,0,1,4.5,40.0
2024-01-06 17:35:00,2024-01-06 17:35:00,119.91904337161442,0.0,0.0,81.70781004114639,0,0,-0.9659258262890683,-0.25881904510252063,1,0,1,4.5,40.0
2024-01-06 17:40:00,2024-01-06 17:40:00,119.75345371645807,0.0,0.0,77.68863769418103,0,0,-0.9659258262890683,-0.25881904510252063,1,0,1,4.5,40.0
2024-01-06 17:45:00,2024-01-06 17:45:00,116.80953836729297,0.0,0.0,75.78727175643547,0,0,-0.9659258262890683,-0.25881904510252063,1,0,1,4.5,40.0
2024-01-06 17:50:00,2024-01-06 17:50:00,112.24060320086488,0.0,0.0,85.91618750719441,100,0,-0.9659258262890683,-0.25881904510252063,1,0,1,4.5,40.0
2024-01-06 17:55:00,2024-01-06 17:55:00,117.22128844703991,0.0,0.0,77.26681541386478,100,0,-0.9659258262890683,-0.25881904510252063,1,0,1,4.5,40.0
2024-01-06 18:00:00,2024-01-06 18:00:00,118.41047458055135,0.0,0.0,73.59609282117829,0,0,-1.0,-1.8369701987210297e-16,1,0,1,4.5,0.0
2024-01-06 18:05:00,2024-01-06 18:05:00,114.2352329253773,0.0,0.0,83.01126359810515,0,0,-1.0,-1.8369701987210297e-16,1,0,1,4.5,0.0
2024-01-06 18:10:00,2024-01-06 18:10:00,113.79830347283118,0.0,0.0,71.54680418500017,100,0,-1.0,-1.8369701987210297e-16,1,0,1,4.5,0.0
2024-01-06 18:15:00,2024-01-06 18:15:00,114.69579466249247,0.0,0.0,80.64283526552548,0,0,-1.0,-1.8369701987210297e-16,1,0,1,4.5,0.0
2024-01-06 18:20:00,2024-01-06 18:20:00,114.26906717295962,0.0,0.0,75.80068947147142,0,0,-1.0,-1.8369701987210297e-16,1,0,1,4.5,0.0
2024-01-06 18:25:00,2024-01-06 18:25:00,122.225599604402,0.0,0.0,87.53400886311923,0,0,-1.0,-1.8369701987210297e-16,1,0,1,4.5,0.0
2024-01-06 18:30:00,2024-01-06 18:30:00,113.26524434888398,0.0,0.0,88.50463894292336,0,0,-1.0,-1.8369701987210297e-16,1,0,1,4.5,0.0
2024-01-06 18:35:00,2024-01-06 18:35:00,117.29840596623691,0.0,0.0,74.18126816831676,0,0,-1.0,-1.8369701987210297e-16,1,0,1,4.5,0.0
2024-01-06 18:40:00,2024-01-06 18:40:00,111.71316840161762,0.0,0.0,83.33781618314164,0,0,-1.0,-1.8369701987210297e-16,1,0,1,4.5,0.0
2024-01-06 18:45:00,2024-01-06 18:45:00,109.32693360554964,0.0,0.0,81.38064323549317,0,0,-1.0,-1.8369701987210297e-16,1,0,1,4.5,0.0
2024-01-06 18:50:00,2024-01-06 18:50:00,121.26133768954026,0.0,0.0,80.9771979260059,0,0,-1.0,-1.8369701987210297e-16,1,0,1,4.5,0.0
2024-01-06 18:55:00,2024-01-06 18:55:00,118.29922954662212,0.0,0.0,76.38160654381525,100,0,-1.0,-1.8369701987210297e-16,1,0,1,4.5,0.0
2024-01-06 19:00:00,2024-01-06 19:00:00,112.87098672400313,0.0,0.0,74.24996983767453,0,0,-0.9659258262890684,0.2588190451025203,1,0,1,4.5,0.0
2024-01-06 19:05:00,2024-01-06 19:05:00,112.20360610974123,0.0,0.0,89.45465316845878,0,0,-0.9659258262890684,0.2588190451025203,1,0,1,4.5,0.0
2024-01-06 19:10:00,2024-01-06 19:10:00,112.39119302588762,0.0,0.0,90.44664357394238,0,0,-0.9659258262890684,0.2588190451025203,1,0,1,4.5,0.0
2024-01-06 19:15:00,2024-01-06 19:15:00,112.16857038353157,0.0,0.0,75.16430771927389,0,0,-0.9659258262890684,0.2588190451025203,1,0,1,4.5,0.0
2024-01-06 19:20:00,2024-01-06 19:20:00,120.1219137052396,0.0,0.0,81.92895001984594,0,0,-0.9659258262890684,0.2588190451025203,1,0,1,4.5,0.0
2024-01-06 19:25:00,2024-01-06 19:25:00,119.68753754378521,0.0,0.0,80.06358039589124,0,0,-0.9659258262890684,0.2588190451025203,1,0,1,4.5,0.0
2024-01-06 19:30:00,2024-01-06 19:30:00,110.99304074283513,0.0,0.0,84.39351729671114,0,0,-0.9659258262890684,0.2588190451025203,1,0,1,4.5,0.0
2024-01-06 19:35:00,2024-01-06 19:35:00,122.97172331861587,0.0,0.0,77.11010800903875,0,0,-0.9659258262890684,0.2588190451025203,1,0,1,4.5,0.0
2024-01-06 19:40:00,2024-01-06 19:40:00,109.59975794938819,0.0,0.0,85.17911080197972,0,0,-0.9659258262890684,0.2588190451025203,1,0,1,4.5,0.0
2024-01-06 19:45:00,2024-01-06 19:45:00,119.23332039204843,0.0,0.0,83.42637182173992,0,0,-0.9659258262890684,0.2588190451025203,1,0,1,4.5,0.0
2024-01-06 19:50:00,2024-01-06 19:50:00,109.07956473740354,0.0,0.0,67.01195537333749,0,0,-0.9659258262890684,0.2588190451025203,1,0,1,4.5,0.0
2024-01-06 19:55:00,2024-01-06 19:55:00,128.87215133741913,0.0,0.0,84.33912447709704,0,0,-0.9659258262890684,0.2588190451025203,1,0,1,4.5,0.0
2024-01-06 20:00:00,2024-01-06 20:00:00,117.69609625935915,5.0,50.0,76.46148975678672,0,0,-0.8660254037844386,0.5000000000000001,1,0,1,4.5,40.0
2024-01-06 20:05:00,2024-01-06 20:05:00,128.46220547114183,0.0,0.0,81.92438594557751,100,0,-0.8660254037844386,0.5000000000000001,1,0,1,4.5,40.0
2024-01-06 20:10:00,2024-01-06 20:10:00,116.08384980561354,0.0,0.0,78.98440471565134,0,0,-0.8660254037844386,0.5000000000000001,1,0,1,4.5,40.0
2024-01-06 20:15:00,2024-01-06 20:15:00,122.42108296831593,0.0,0.0,80.14272816089526,0,0,-0.8660254037844386,0.5000000000000001,1,0,1,4.5,40.0
2024-01-06 20:20:00,2024-01-06 20:20:00,129.0610529051795,0.0,0.0,85.9534214165468,0,0,-0.8660254037844386,0.5000000000000001,1,0,1,4.5,40.0
2024-01-06 20:25:00,2024-01-06 20:25:00,121.53925248467448,0.0,0.0,78.85210414020524,0,0,-0.8660254037844386,0.5000000000000001,1,0,1,4.5,40.0
2024-01-06 20:30:00,2024-01-06 20:30:00,130.03758289234608,0.0,0.0,79.07798380113354,0,0,-0.8660254037844386,0.5000000000000001,1,0,1,4.5,40.0
2024-01-06 20:35:00,2024-01-06 20:35:00,128.01901471124265,0.0,0.0,80.27949085715781,100,0,-0.8660254037844386,0.5000000000000001,1,0,1,4.5,40.0
2024-01-06 20:40:00,2024-01-06 20:40:00,131.66265545201466,0.0,0.0,78.87351187577995,0,0,-0.8660254037844386,0.5000000000000001,1,0,1,4.5,40.0
2024-01-06 20:45:00,2024-01-06 20:45:00,122.25443412568762,0.0,0.0,66.77523575539985,0,0,-0.8660254037844386,0.5000000000000001,1,0,1,4.5,40.0
2024-01-06 20:50:00,2024-01-06 20:50:00,134.57111956450603,0.0,0.0,82.75274531979271,0,0,-0.8660254037844386,0.5000000000000001,1,0,1,4.5,40.0
2024-01-06 20:55:00,2024-01-06 20:55:00,133.4712913963674,0.0,0.0,77.2501412544103,0,0,-0.8660254037844386,0.5000000000000001,1,0,1,4.5,40.0
2024-01-06 21:00:00,2024-01-06 21:00:00,138.3698648883688,0.0,0.0,77.64736137085362,0,0,-0.7071067811865477,0.7071067811865474,1,0,1,4.5,40.0
2024-01-06 21:05:00,2024-01-06 21:05:00,140.8880811350128,0.0,0.0,77.13192749522277,0,0,-0.7071067811865477,0.7071067811865474,1,0,1,4.5,40.0
2024-01-06 21:10:00,2024-01-06 21:10:00,148.1976615787783,0.0,0.0,74.45427987780036,0,0,-0.7071067811865477,0.7071067811865474,1,0,1,4.5,40.0
2024-01-06 21:15:00,2024-01-06 21:15:00,152.48379424101856,0.0,0.0,80.14450047472275,0,0,-0.7071067811865477,0.7071067811865474,1,0,1,4.5,40.0
2024-01-06 21:20:00,2024-01-06 21:20:00,161.38212258350794,0.0,0.0,81.21918279223502,0,0,-0.7071067811865477,0.7071067811865474,1,0,1,4.5,40.0
2024-01-06 21:25:00,2024-01-06 21:25:00,156.91302526631603,0.0,0.0,75.11137951905027,0,0,-0.7071067811865477,0.7071067811865474,1,0,1,4.5,40.0
2024-01-06 21:30:00,2024-01-06 21:30:00,166.69224698476305,0.0,0.0,85.24577524837332,0,0,-0.7071067811865477,0.7071067811865474,1,0,1,4.5,40.0
2024-01-06 21:35:00,2024-01-06 21:35:00,157.54622000852927,0.0,0.0,70.89488879380275,0,0,-0.7071067811865477,0.7071067811865474,1,0,1,4.5,40.0
2024-01-06 21:40:00,2024-01-06 21:40:00,159.2964128523383,0.0,0.0,84.59609939900488,0,0,-0.7071067811865477,0.7071067811865474,1,0,1,4.5,40.0
2024-01-06 21:45:00,2024-01-06 21:45:00,149.04408329519526,0.0,0.0,73.96273558051982,0,0,-0.7071067811865477,0.7071067811865474,1,0,1,4.5,40.0
2024-01-06 21:50:00,2024-01-06 21:50:00,160.29700750821635,0.0,0.0,75.27678646517305,0,0,-0.7071067811865477,0.7071067811865474,1,0,1,4.5,40.0
2024-01-06 21:55:00,2024-01-06 21:55:00,142.89422096536634,0.0,0.0,80.64885056881515,0,0,-0.7071067811865477,0.7071067811865474,1,0,1,4.5,40.0
2024-01-06 22:00:00,2024-01-06 22:00:00,142.45865998308966,0.0,0.0,77.24022527648965,0,0,-0.5000000000000004,0.8660254037844384,1,0,1,4.5,40.0
2024-01-06 22:05:00,2024-01-06 22:05:00,145.6994935677281,0.0,0.0,81.06416221802326,0,0,-0.5000000000000004,0.8660254037844384,1,0,1,4.5,40.0
2024-01-06 22:10:00,2024-01-06 22:10:00,142.6881474182375,0.0,0.0,83.15504043986971,0,0,-0.5000000000000004,0.8660254037844384,1,0,1,4.5,40.0
2024-01-06 22:15:00,2024-01-06 22:15:00,134.88342831006884,0.0,0.0,76.73730048072632,0,0,-0.5000000000000004,0.8660254037844384,1,0,1,4.5,40.0
2024-01-06 22:20:00,2024-01-06 22:20:00,130.41039336199253,0.0,0.0,71.60774217858474,100,0,-0.5000000000000004,0.8660254037844384,1,0,1,4.5,40.0
2024-01-06 22:25:00,2024-01-06 22:25:00,124.51695633009645,0.0,0.0,83.47918045201075,0,0,-0.5000000000000004,0.8660254037844384,1,0,1,4.5,40.0
2024-01-06 22:30:00,2024-01-06 22:30:00,129.6098085311976,0.0,0.0,76.6286769045619,0,0,-0.5000000000000004,0.8660254037844384,1,0,1,4.5,40.0
2024-01-06 22:35:00,2024-01-06 22:35:00,122.94024760726711,0.0,0.0,78.85719351963151,0,0,-0.5000000000000004,0.8660254037844384,1,0,1,4.5,40.0
2024-01-06 22:40:00,2024-01-06 22:40:00,124.40587952345281,0.0,0.0,70.61598068108003,0,0,-0.5000000000000004,0.8660254037844384,1,0,1,4.5,40.0
2024-01-06 22:45:00,2024-01-06 22:45:00,122.68803513700789,0.0,0.0,78.7546483068957,0,0,-0.5000000000000004,0.8660254037844384,1,0,1,4.5,40.0
2024-01-06 22:50:00,2024-01-06 22:50:00,128.4774767118358,0.0,0.0,79.19106349598218,0,0,-0.5000000000000004,0.8660254037844384,1,0,1,4.5,40.0
2024-01-06 22:55:00,2024-01-06 22:55:00,131.22093920441657,0.0,0.0,81.34849086709616,0,0,-0.5000000000000004,0.8660254037844384,1,0,1,4.5,40.0
2024-01-06 23:00:00,2024-01-06 23:00:00,128.17567424904135,0.0,0.0,72.46897560354813,0,0,-0.25881904510252157,0.9659258262890681,1,0,1,4.5,0.0
2024-01-06 23:05:00,2024-01-06 23:05:00,124.69160526974697,0.0,0.0,77.5102528577751,0,0,-0.25881904510252157,0.9659258262890681,1,0,1,4.5,0.0
2024-01-06 23:10:00,2024-01-06 23:10:00,120.94753429753113,0.0,0.0,73.88988116249396,0,0,-0.25881904510252157,0.9659258262890681,1,0,1,4.5,0.0
2024-01-06 23:15:00,2024-01-06 23:15:00,132.40296701808438,0.0,0.0,74.70563451578494,0,0,-0.25881904510252157,0.9659258262890681,1,0,1,4.5,0.0
2024-01-06 23:20:00,2024-01-06 23:20:00,123.43717711934657,0.0,0.0,73.8349260507072,0,0,-0.25881904510252157,0.9659258262890681,1,0,1,4.5,0.0
2024-01-06 23:25:00,2024-01-06 23:25:00,130.76573224389134,0.0,0.0,74.3867982734817,100,0,-0.25881904510252157,0.9659258262890681,1,0,1,4.5,0.0
2024-01-06 23:30:00,2024-01-06 23:30:00,128.5673582929671,0.0,0.0,79.78698613499085,0,0,-0.25881904510252157,0.9659258262890681,1,0,1,4.5,0.0
2024-01-06 23:35:00,2024-01-06 23:35:00,124.77408167705465,0.0,0.0,82.24398064959293,0,0,-0.25881904510252157,0.9659258262890681,1,0,1,4.5,0.0
2024-01-06 23:40:00,2024-01-06 23:40:00,130.40424999402458,0.0,0.0,83.46060903728446,0,0,-0.25881904510252157,0.9659258262890681,1,0,1,4.5,0.0
2024-01-06 23:45:00,2024-01-06 23:45:00,126.69772274257382,0.0,0.0,77.24214147257408,0,0,-0.25881904510252157,0.9659258262890681,1,0,1,4.5,0.0
2024-01-06 23:50:00,2024-01-06 23:50:00,118.26634478442226,0.0,0.0,72.70495880199486,0,0,-0.25881904510252157,0.9659258262890681,1,0,1,4.5,0.0
2024-01-06 23:55:00,2024-01-06 23:55:00,124.78408733415426,0.0,0.0,81.18635374689104,100,0,-0.25881904510252157,0.9659258262890681,1,0,1,4.5,0.0
2024-01-07 00:00:00,2024-01-07 00:00:00,124.76915146981284,0.0,0.0,79.72578262460655,0,0,0.0,1.0,1,0,1,4.5,0.0
2024-01-07 00:05:00,2024-01-07 00:05:00,125.75652385599805,0.0,0.0,78.73664510578186,0,0,0.0,1.0,1,0,1,4.5,0.0
2024-01-07 00:10:00,2024-01-07 00:10:00,127.37409018299326,0.0,0.0,79.99112814994211,0,0,0.0,1.0,1,0,1,4.5,0.0
2024-01-07 00:15:00,2024-01-07 00:15:00,135.74452949878855,0.0,0.0,82.86017608030039,0,0,0.0,1.0,1,0,1,4.5,0.0
2024-01-07 00:20:00,2024-01-07 00:20:00,125.97657512470303,0.0,0.0,81.08822019837524,100,0,0.0,1.0,1,0,1,4.5,0.0
2024-01-07 00:25:00,2024-01-07 00:25:00,134.80487274609462,0.0,0.0,80.63156449570899,0,0,0.0,1.0,1,0,1,4.5,0.0
2024-01-07 00:30:00,2024-01-07 00:30:00,137.19480176177765,0.0,0.0,79.83636280406164,0,0,0.0,1.0,1,0,1,4.5,0.0
2024-01-07 00:35:00,2024-01-07 00:35:00,132.8690343613669,0.0,0.0,78.49355236165754,0,0,0.0,1.0,1,0,1,4.5,0.0
2024-01-07 00:40:00,2024-01-07 00:40:00,120.87374488082969,0.0,0.0,86.59607324493705,0,0,0.0,1.0,1,0,1,4.5,0.0
2024-01-07 00:45:00,2024-01-07 00:45:00,131.39472344604664,0.0,0.0,74.34080854016085,0,0,0.0,1.0,1,0,1,4.5,0.0
2024-01-07 00:50:00,2024-01-07 00:50:00,135.57189511818967,0.0,0.0,83.19512525214283,100,0,0.0,1.0,1,0,1,4.5,0.0
2024-01-07 00:55:00,2024-01-07 00:55:00,124.48413443812572,0.0,0.0,82.59240178605378,0,0,0.0,1.0,1,0,1,4.5,0.0
2024-01-07 01:00:00,2024-01-07 01:00:00,137.05706558382946,7.0,70.0,83.83269058188941,0,0,0.25881904510252074,0.9659258262890683,1,0,1,6.3,56.0
2024-01-07 01:05:00,2024-01-07 01:05:00,118.23235125543943,0.0,0.0,77.11287375013296,0,0,0.25881904510252074,0.9659258262890683,1,0,1,6.3,56.0
2024-01-07 01:10:00,2024-01-07 01:10:00,143.2796467833441,0.0,0.0,76.25656372250016,0,0,0.25881904510252074,0.9659258262890683,1,0,1,6.3,56.0
2024-01-07 01:15:00,2024-01-07 01:15:00,144.02723634049917,0.0,0.0,79.05785089157699,0,0,0.25881904510252074,0.9659258262890683,1,0,1,6.3,56.0
2024-01-07 01:20:00,2024-01-07 01:20:00,141.93661294847058,0.0,0.0,69.64136041312821,0,0,0.25881904510252074,0.9659258262890683,1,0,1,6.3,56.0
2024-01-07 01:25:00,2024-01-07 01:25:00,140.06372727434066,0.0,0.0,72.08342461274327,0,0,0.25881904510252074,0.9659258262890683,1,0,1,6.3,56.0
2024-01-07 01:30:00,2024-01-07 01:30:00,153.76027850646773,0.0,0.0,77.19280337278896,100,0,0.25881904510252074,0.9659258262890683,1,0,1,6.3,56.0
2024-01-07 01:35:00,2024-01-07 01:35:00,143.63067894307417,0.0,0.0,77.50509482172272,0,0,0.25881904510252074,0.9659258262890683,1,0,1,6.3,56.0
2024-01-07 01:40:00,2024-01-07 01:40:00,155.61892911163312,0.0,0.0,78.35964552460327,100,0,0.25881904510252074,0.9659258262890683,1,0,1,6.3,56.0
2024-01-07 01:45:00,2024-01-07 01:45:00,157.5516284290089,0.0,0.0,79.57707240222271,0,0,0.25881904510252074,0.9659258262890683,1,0,1,6.3,56.0
2024-01-07 01:50:00,2024-01-07 01:50:00,159.77605662741595,0.0,0.0,74.09568594805505,0,0,0.25881904510252074,0.9659258262890683,1,0,1,6.3,56.0
2024-01-07 01:55:00,2024-01-07 01:55:00,162.51014518066893,0.0,0.0,74.29814295562846,0,0,0.25881904510252074,0.9659258262890683,1,0,1,6.3,56.0
2024-01-07 02:00:00,2024-01-07 02:00:00,182.09618717095785,0.0,0.0,77.1252686120952,0,0,0.49999999999999994,0.8660254037844387,1,0,1,6.3,56.0
2024-01-07 02:05:00,2024-01-07 02:05:00,175.1485445421351,0.0,0.0,75.30285406275188,0,0,0.49999999999999994,0.8660254037844387,1,0,1,6.3,56.0
2024-01-07 02:10:00,2024-01-07 02:10:00,191.99887273637069,0.0,0.0,80.6738199839472,0,0,0.49999999999999994,0.8660254037844387,1,0,1,6.3,56.0
2024-01-07 02:15:00,2024-01-07 02:15:00,185.90148029578816,0.0,0.0,83.24602489455481,0,0,0.49999999999999994,0.8660254037844387,1,0,1,6.3,56.0
2024-01-07 02:20:00,2024-01-07 02:20:00,188.98673831629338,0.0,0.0,76.27398635567229,0,0,0.49999999999999994,0.8660254037844387,1,0,1,6.3,56.0
2024-01-07 02:25:00,2024-01-07 02:25:00,194.55858604198397,0.0,0.0,82.57878003450054,0,0,0.49999999999999994,0.8660254037844387,1,0,1,6.3,56.0
2024-01-07 02:30:00,2024-01-07 02:30:00,197.38184385488788,0.0,0.0,87.29652806186803,0,0,0.49999999999999994,0.8660254037844387,1,0,1,6.3,56.0
2024-01-07 02:35:00,2024-01-07 02:35:00,198.6243232902199,0.0,0.0,80.59526165607964,0,0,0.49999999999999994,0.8660254037844387,1,0,1,6.3,56.0
2024-01-07 02:40:00,2024-01-07 02:40:00,182.8313358247477,0.0,0.0,73.85001433879782,0,0,0.49999999999999994,0.8660254037844387,1,0,1,6.3,56.0
2024-01-07 02:45:00,2024-01-07 02:45:00,183.181829013598,0.0,0.0,84.57704000921314,0,0,0.49999999999999994,0.8660254037844387,1,0,1,6.3,56.0
2024-01-07 02:50:00,2024-01-07 02:50:00,178.26084575416058,0.0,0.0,83.59165211878393,100,0,0.49999999999999994,0.8660254037844387,1,0,1,6.3,56.0
2024-01-07 02:55:00,2024-01-07 02:55:00,182.92596206561882,0.0,0.0,80.96568781686601,0,0,0.49999999999999994,0.8660254037844387,1,0,1,6.3,56.0
2024-01-07 03:00:00,2024-01-07 03:00:00,174.35771514956423,0.0,0.0,84.66001358682931,0,0,0.7071067811865475,0.7071067811865476,1,0,1,6.3,56.0
2024-01-07 03:05:00,2024-01-07 03:05:00,172.71640804468356,0.0,0.0,84.78856957616522,0,0,0.7071067811865475,0.7071067811865476,1,0,1,6.3,56.0
2024-01-07 03:10:00,2024-01-07 03:10:00,162.16139027671903,0.0,0.0,82.53687716845356,100,0,0.7071067811865475,0.7071067811865476,1,0,1,6.3,56.0
2024-01-07 03:15:00,2024-01-07 03:15:00,160.33702754243834,0.0,0.0,78.38067123467411,0,0,0.7071067811865475,0.7071067811865476,1,0,1,6.3,56.0
2024-01-07 03:20:00,2024-01-07 03:20:00,154.35181844311055,0.0,0.0,76.24803394744379,0,0,0.7071067811865475,0.7071067811865476,1,0,1,6.3,56.0
2024-01-07 03:25:00,2024-01-07 03:25:00,156.25647462825384,0.0,0.0,72.78132933106914,0,0,0.7071067811865475,0.7071067811865476,1,0,1,6.3,56.0
2024-01-07 03:30:00,2024-01-07 03:30:00,144.7417611679613,0.0,0.0,76.2967308182968,0,0,0.7071067811865475,0.7071067811865476,1,0,1,6.3,56.0
2024-01-07 03:35:00,2024-01-07 03:35:00,150.1664807548209,0.0,0.0,72.00281691069185,0,0,0.7071067811865475,0.7071067811865476,1,0,1,6.3,56.0
2024-01-07 03:40:00,2024-01-07 03:40:00,149.96907421371168,0.0,0.0,87.9491170125255,0,0,0.7071067811865475,0.7071067811865476,1,0,1,6.3,56.0
2024-01-07 03:45:00,2024-01-07 03:45:00,140.95957044636774,0.0,0.0,83.67547465497105,0,0,0.7071067811865475,0.7071067811865476,1,0,1,6.3,56.0
2024-01-07 03:50:00,2024-01-07 03:50:00,126.43141849610356,0.0,0.0,79.53254309508071,0,0,0.7071067811865475,0.7071067811865476,1,0,1,6.3,56.0
2024-01-07 03:55:00,2024-01-07 03:55:00,157.4732979786531,0.0,0.0,79.11956508157866,0,0,0.7071067811865475,0.7071067811865476,1,0,1,6.3,56.0
2024-01-07 04:00:00,2024-01-07 04:00:00,144.07094220672278,0.0,0.0,90.45647204340894,0,0,0.8660254037844386,0.5000000000000001,1,0,1,6.3,0.0
2024-01-07 04:05:00,2024-01-07 04:05:00,139.57303052337076,0.0,0.0,76.55638226550904,0,0,0.8660254037844386,0.5000000000000001,1,0,1,6.3,0.0
2024-01-07 04:10:00,2024-01-07 04:10:00,135.80039091429236,0.0,0.0,78.50527643223549,0,0,0.8660254037844386,0.5000000000000001,1,0,1,6.3,0.0
2024-01-07 04:15:00,2024-01-07 04:15:00,140.01341971505394,0.0,0.0,79.19037032889277,0,0,0.8660254037844386,0.5000000000000001,1,0,1,6.3,0.0
2024-01-07 04:20:00,2024-01-07 04:20:00,145.18310018819574,0.0,0.0,75.94619059915317,0,0,0.8660254037844386,0.5000000000000001,1,0,1,6.3,0.0
2024-01-07 04:25:00,2024-01-07 04:25:00,140.58489431276567,0.0,0.0,76.47435687556023,0,0,0.8660254037844386,0.5000000000000001,1,0,1,6.3,0.0
2024-01-07 04:30:00,2024-01-07 04:30:00,143.57249503763268,0.0,0.0,75.80826535878757,0,0,0.8660254037844386,0.5000000000000001,1,0,1,6.3,0.0
2024-01-07 04:35:00,2024-01-07 04:35:00,137.43930361438146,0.0,0.0,78.95559596949033,0,0,0.8660254037844386,0.5000000000000001,1,0,1,6.3,0.0
2024-01-07 04:40:00,2024-01-07 04:40:00,145.338170476933,0.0,0.0,77.1508123565429,0,0,0.8660254037844386,0.5000000000000001,1,0,1,6.3,0.0
2024-01-07 04:45:00,2024-01-07 04:45:00,145.8360630674454,0.0,0.0,75.82895479646578,0,0,0.8660254037844386,0.5000000000000001,1,0,1,6.3,0.0
2024-01-07 04:50:00,2024-01-07 04:50:00,145.25741947047158,0.0,0.0,76.97458338920462,0,0,0.8660254037844386,0.5000000000000001,1,0,1,6.3,0.0
2024-01-07 04:55:00,2024-01-07 04:55:00,145.15891257085426,0.0,0.0,78.79794379326148,0,0,0.8660254037844386,0.5000000000000001,1,0,1,6.3,0.0
2024-01-07 05:00:00,2024-01-07 05:00:00,145.53233090359788,0.0,0.0,81.57663662359933,0,0,0.9659258262890683,0.25881904510252074,1,0,1,6.3,0.0
2024-01-07 05:05:00,2024-01-07 05:05:00,152.7827936514252,0.0,0.0,74.11096515384317,0,0,0.9659258262890683,0.25881904510252074,1,0,1,6.3,0.0
2024-01-07 05:10:00,2024-01-07 05:10:00,143.12386219999155,0.0,0.0,83.9596158859018,0,0,0.9659258262890683,0.25881904510252074,1,0,1,6.3,0.0
2024-01-07 05:15:00,2024-01-07 05:15:00,143.85070692494327,0.0,0.0,82.71025794242236,0,0,0.9659258262890683,0.25881904510252074,1,0,1,6.3,0.0
2024-01-07 05:20:00,2024-01-07 05:20:00,145.4874689733069,0.0,0.0,83.77894447117828,0,0,0.9659258262890683,0.25881904510252074,1,0,1,6.3,0.0
2024-01-07 05:25:00,2024-01-07 05:25:00,130.971079631208,0.0,0.0,80.72887902292025,0,0,0.9659258262890683,0.25881904510252074,1,0,1,6.3,0.0
2024-01-07 05:30:00,2024-01-07 05:30:00,138.79580033641818,0.0,0.0,78.81593112395274,0,0,0.9659258262890683,0.25881904510252074,1,0,1,6.3,0.0
2024-01-07 05:35:00,2024-01-07 05:35:00,134.96538152479883,0.0,0.0,86.41004550993112,0,0,0.9659258262890683,0.25881904510252074,1,0,1,6.3,0.0
2024-01-07 05:40:00,2024-01-07 05:40:00,142.27304494685828,0.0,0.0,85.13129090116743,0,0,0.9659258262890683,0.25881904510252074,1,0,1,6.3,0.0
2024-01-07 05:45:00,2024-01-07 05:45:00,145.97166876325446,0.0,0.0,81.25246233872403,0,0,0.9659258262890683,0.25881904510252074,1,0,1,6.3,0.0
2024-01-07 05:50:00,2024-01-07 05:50:00,147.61178481021014,0.0,0.0,75.31332361000278,0,0,0.9659258262890683,0.25881904510252074,1,0,1,6.3,0.0
2024-01-07 05:55:00,2024-01-07 05:55:00,143.0716381829532,0.0,0.0,80.25892433909756,0,0,0.9659258262890683,0.25881904510252074,1,0,1,6.3,0.0
2024-01-07 06:00:00,2024-01-07 06:00:00,149.00578808097183,7.0,70.0,85.06982463280764,0,0,1.0,6.123233995736766e-17,1,0,1,6.3,56.0
2024-01-07 06:05:00,2024-01-07 06:05:00,137.3517900012271,0.0,0.0,79.71759212689415,100,0,1.0,6.123233995736766e-17,1,0,1,6.3,56.0
2024-01-07 06:10:00,2024-01-07 06:10:00,146.67038326957916,0.0,0.0,80.2313580671704,0,0,1.0,6.123233995736766e-17,1,0,1,6.3,56.0
2024-01-07 06:15:00,2024-01-07 06:15:00,145.50139739673307,0.0,0.0,83.24845875928388,0,0,1.0,6.123233995736766e-17,1,0,1,6.3,56.0
2024-01-07 06:20:00,2024-01-07 06:20:00,146.87697745960853,0.0,0.0,77.6192350189049,0,0,1.0,6.123233995736766e-17,1,0,1,6.3,56.0
2024-01-07 06:25:00,2024-01-07 06:25:00,150.3209058690999,0.0,0.0,79.49566320603518,0,0,1.0,6.123233995736766e-17,1,0,1,6.3,56.0
2024-01-07 06:30:00,2024-01-07 06:30:00,154.32500000793382,0.0,0.0,76.96122217454538,0,0,1.0,6.123233995736766e-17,1,0,1,6.3,56.0
2024-01-07 06:35:00,2024-01-07 06:35:00,160.11190553606633,0.0,0.0,83.95097071813785,0,0,1.0,6.123233995736766e-17,1,0,1,6.3,56.0
2024-01-07 06:40:00,2024-01-07 06:40:00,158.60120525729513,0.0,0.0,79.94371670262636,0,0,1.0,6.123233995736766e-17,1,0,1,6.3,56.0
2024-01-07 06:45:00,2024-01-07 06:45:00,155.80731305180836,0.0,0.0,74.79244437957391,0,0,1.0,6.123233995736766e-17,1,0,1,6.3,56.0
2024-01-07 06:50:00,2024-01-07 06:50:00,168.16936421346244,0.0,0.0,77.05811788572346,0,0,1.0,6.123233995736766e-17,1,0,1,6.3,56.0
2024-01-07 06:55:00,2024-01-07 06:55:00,190.34754828529208,0.0,0.0,72.8558947021213,0,0,1.0,6.123233995736766e-17,1,0,1,6.3,56.0
2024-01-07 07:00:00,2024-01-07 07:00:00,182.22657712064967,0.0,0.0,78.89681504163977,0,0,0.9659258262890683,-0.25881904510252063,1,0,1,6.3,56.0
2024-01-07 07:05:00,2024-01-07 07:05:00,193.27279460093473,0.0,0.0,80.64561466933908,0,0,0.9659258262890683,-0.25881904510252063,1,0,1,6.3,56.0
2024-01-07 07:10:00,2024-01-07 07:10:00,187.49272071853582,0.0,0.0,77.92882222528546,100,0,0.9659258262890683,-0.25881904510252063,1,0,1,6.3,56.0
2024-01-07 07:15:00,2024-01-07 07:15:00,194.5093551990214,0.0,0.0,72.88852113307969,0,0,0.9659258262890683,-0.25881904510252063,1,0,1,6.3,56.0
2024-01-07 07:20:00,2024-01-07 07:20:00,191.14713317859827,0.0,0.0,86.83405196061284,0,0,0.9659258262890683,-0.25881904510252063,1,0,1,6.3,56.0
2024-01-07 07:25:00,2024-01-07 07:25:00,207.4946796657544,0.0,0.0,74.79993200077247,0,0,0.9659258262890683,-0.25881904510252063,1,0,1,6.3,56.0
2024-01-07 07:30:00,2024-01-07 07:30:00,196.02595497431216,0.0,0.0,83.49348133222033,0,0,0.9659258262890683,-0.25881904510252063,1,0,1,6.3,56.0
2024-01-07 07:35:00,2024-01-07 07:35:00,203.04763462596998,0.0,0.0,78.56170530787504,100,0,0.9659258262890683,-0.25881904510252063,1,0,1,6.3,56.0
2024-01-07 07:40:00,2024-01-07 07:40:00,195.59779724301507,0.0,0.0,86.37606446030122,0,0,0.9659258262890683,-0.25881904510252063,1,0,1,6.3,56.0
2024-01-07 07:45:00,2024-01-07 07:45:00,190.0185457525947,0.0,0.0,84.36786498449555,0,0,0.9659258262890683,-0.25881904510252063,1,0,1,6.3,56.0
2024-01-07 07:50:00,2024-01-07 07:50:00,190.9440704220468,0.0,0.0,82.0820298053959,0,0,0.9659258262890683,-0.25881904510252063,1,0,1,6.3,56.0
2024-01-07 07:55:00,2024-01-07 07:55:00,180.29189781190172,0.0,0.0,74.01599998809836,0,0,0.9659258262890683,-0.25881904510252063,1,0,1,6.3,56.0
2024-01-07 08:00:00,2024-01-07 08:00:00,172.6257949687547,0.0,0.0,81.53158119826323,100,0,0.8660254037844387,-0.49999999999999983,1,0,1,6.3,56.0
2024-01-07 08:05:00,2024-01-07 08:05:00,164.51278013345976,0.0,0.0,82.74212057732498,0,0,0.8660254037844387,-0.49999999999999983,1,0,1,6.3,56.0
2024-01-07 08:10:00,2024-01-07 08:10:00,162.31452286961593,0.0,0.0,83.60773257180642,0,0,0.8660254037844387,-0.49999999999999983,1,0,1,6.3,56.0
2024-01-07 08:15:00,2024-01-07 08:15:00,163.2001147255679,0.0,0.0,81.87516201152852,0,0,0.8660254037844387,-0.49999999999999983,1,0,1,6.3,56.0
2024-01-07 08:20:00,2024-01-07 08:20:00,150.18378614502717,0.0,0.0,78.79808498680404,0,0,0.8660254037844387,-0.49999999999999983,1,0,1,6.3,56.0
2024-01-07 08:25:00,2024-01-07 08:25:00,155.88353667573128,0.0,0.0,80.5924492142418,0,0,0.8660254037844387,-0.49999999999999983,1,0,1,6.3,56.0
2024-01-07 08:30:00,2024-01-07 08:30:00,144.2862756840018,0.0,0.0,83.67398518954637,0,0,0.8660254037844387,-0.49999999999999983,1,0,1,6.3,56.0
2024-01-07 08:35:00,2024-01-07 08:35:00,148.36689940471413,0.0,0.0,81.45570624738923,0,0,0.8660254037844387,-0.49999999999999983,1,0,1,6.3,56.0
2024-01-07 08:40:00,2024-01-07 08:40:00,149.3149374058805,0.0,0.0,80.557105263829,0,0,0.8660254037844387,-0.49999999999999983,1,0,1,6.3,56.0
2024-01-07 08:45:00,2024-01-07 08:45:00,142.34035757387204,0.0,0.0,75.76860070166458,0,0,0.8660254037844387,-0.49999999999999983,1,0,1,6.3,56.0
2024-01-07 08:50:00,2024-01-07 08:50:00,148.3978626506557,0.0,0.0,73.3071407931191,0,0,0.8660254037844387,-0.49999999999999983,1,0,1,6.3,56.0
2024-01-07 08:55:00,2024-01-07 08:55:00,139.94283650651414,0.0,0.0,84.40580436258708,0,0,0.8660254037844387,-0.49999999999999983,1,0,1,6.3,56.0
2024-01-07 09:00:00,2024-01-07 09:00:00,142.3298897015817,0.0,0.0,78.05259606338352,100,0,0.7071067811865476,-0.7071067811865475,1,0,1,6.3,0.0
2024-01-07 09:05:00,2024-01-07 09:05:00,142.3512606026225,0.0,0.0,72.9010628065754,0,0,0.7071067811865476,-0.7071067811865475,1,0,1,6.3,0.0
2024-01-07 09:10:00,2024-01-07 09:10:00,138.972299260032,0.0,0.0,80.63262535394608,0,0,0.7071067811865476,-0.7071067811865475,1,0,1,6.3,0.0
2024-01-07 09:15:00,2024-01-07 09:15:00,134.31900927538612,0.0,0.0,82.97813117654171,100,0,0.7071067811865476,-0.7071067811865475,1,0,1,6.3,0.0
2024-01-07 09:20:00,2024-01-07 09:20:00,142.632068791605,0.0,0.0,75.56092589502524,0,0,0.7071067811865476,-0.7071067811865475,1,0,1,6.3,0.0
2024-01-07 09:25:00,2024-01-07 09:25:00,142.6238910309322,0.0,0.0,74.78637010122344,0,0,0.7071067811865476,-0.7071067811865475,1,0,1,6.3,0.0
2024-01-07 09:30:00,2024-01-07 09:30:00,135.51488892422,0.0,0.0,87.47420914188851,0,0,0.7071067811865476,-0.7071067811865475,1,0,1,6.3,0.0
2024-01-07 09:35:00,2024-01-07 09:35:00,143.47728603973476,0.0,0.0,85.87972332224305,0,0,0.7071067811865476,-0.7071067811865475,1,0,1,6.3,0.0
2024-01-07 09:40:00,2024-01-07 09:40:00,139.95584454733861,0.0,0.0,79.37428786625303,0,0,0.7071067811865476,-0.7071067811865475,1,0,1,6.3,0.0
2024-01-07 09:45:00,2024-01-07 09:45:00,127.65528468776301,0.0,0.0,75.55025166827438,0,0,0.7071067811865476,-0.7071067811865475,1,0,1,6.3,0.0
2024-01-07 09:50:00,2024-01-07 09:50:00,131.894308205418,0.0,0.0,78.7355545898724,0,0,0.7071067811865476,-0.7071067811865475,1,0,1,6.3,0.0
2024-01-07 09:55:00,2024-01-07 09:55:00,144.5451679304612,0.0,0.0,75.18436219287067,0,0,0.7071067811865476,-0.7071067811865475,1,0,1,6.3,0.0
2024-01-07 10:00:00,2024-01-07 10:00:00,134.1293612151681,0.0,0.0,86.37309997669273,0,0,0.49999999999999994,-0.8660254037844387,1,0,1,6.3,0.0
2024-01-07 10:05:00,2024-01-07 10:05:00,137.6116047829612,0.0,0.0,87.01971506758159,0,0,0.49999999999999994,-0.8660254037844387,1,0,1,6.3,0.0
2024-01-07 10:10:00,2024-01-07 10:10:00,133.24663904735974,0.0,0.0,76.74755657001411,0,0,0.49999999999999994,-0.8660254037844387,1,0,1,6.3,0.0
2024-01-07 10:15:00,2024-01-07 10:15:00,139.03244368527098,0.0,0.0,77.48039073245566,0,0,0.49999999999999994,-0.8660254037844387,1,0,1,6.3,0.0
2024-01-07 10:20:00,2024-01-07 10:20:00,144.3805429605535,0.0,0.0,80.50159139236655,0,0,0.49999999999999994,-0.8660254037844387,1,0,1,6.3,0.0
2024-01-07 10:25:00,2024-01-07 10:25:00,140.28762735289095,0.0,0.0,81.17872610533293,0,0,0.49999999999999994,-0.8660254037844387,1,0,1,6.3,0.0
2024-01-07 10:30:00,2024-01-07 10:30:00,137.07985065733612,0.0,0.0,78.96828873973173,0,0,0.49999999999999994,-0.8660254037844387,1,0,1,6.3,0.0
2024-01-07 10:35:00,2024-01-07 10:35:00,143.5878507422975,0.0,0.0,76.50945299079805,0,0,0.49999999999999994,-0.8660254037844387,1,0,1,6.3,0.0
2024-01-07 10:40:00,2024-01-07 10:40:00,135.61013043974236,0.0,0.0,78.91977831118736,100,0,0.49999999999999994,-0.8660254037844387,1,0,1,6.3,0.0
2024-01-07 10:45:00,2024-01-07 10:45:00,150.2398835481665,0.0,0.0,80.82644269142902,100,0,0.49999999999999994,-0.8660254037844387,1,0,1,6.3,0.0
2024-01-07 10:50:00,2024-01-07 10:50:00,144.24020171246616,0.0,0.0,77.45179771435608,0,0,0.49999999999999994,-0.8660254037844387,1,0,1,6.3,0.0
2024-01-07 10:55:00,2024-01-07 10:55:00,133.69605790355718,0.0,0.0,82.87953128972609,100,0,0.49999999999999994,-0.8660254037844387,1,0,1,6.3,0.0
2024-01-07 11:00:00,2024-01-07 11:00:00,133.6019316029254,0.0,0.0,81.28259196134611,0,0,0.258819045102521,-0.9659258262890682,1,0,1,0.0,0.0
2024-01-07 11:05:00,2024-01-07 11:05:00,135.9057252685851,0.0,0.0,82.60562871168976,0,0,0.258819045102521,-0.9659258262890682,1,0,1,0.0,0.0
2024-01-07 11:10:00,2024-01-07 11:10:00,137.86786168128512,0.0,0.0,86.78399139180938,0,0,0.258819045102521,-0.9659258262890682,1,0,1,0.0,0.0
2024-01-07 11:15:00,2024-01-07 11:15:00,128.03887090196653,0.0,0.0,88.70558407001451,0,0,0.258819045102521,-0.9659258262890682,1,0,1,0.0,0.0
2024-01-07 11:20:00,2024-01-07 11:20:00,140.4399913288513,0.0,0.0,73.66638218251904,0,0,0.258819045102521,-0.9659258262890682,1,0,1,0.0,0.0
2024-01-07 11:25:00,2024-01-07 11:25:00,130.48366665194467,0.0,0.0,75.24808137995531,0,0,0.258819045102521,-0.9659258262890682,1,0,1,0.0,0.0
2024-01-07 11:30:00,2024-01-07 11:30:00,143.1343379879243,0.0,0.0,84.06210017408023,0,0,0.258819045102521,-0.9659258262890682,1,0,1,0.0,0.0
2024-01-07 11:35:00,2024-01-07 11:35:00,130.36963114360682,0.0,0.0,75.64419685145961,100,0,0.258819045102521,-0.9659258262890682,1,0,1,0.0,0.0
2024-01-07 11:40:00,2024-01-07 11:40:00,136.37740964427152,0.0,0.0,70.09744693378623,0,0,0.258819045102521,-0.9659258262890682,1,0,1,0.0,0.0
2024-01-07 11:45:00,2024-01-07 11:45:00,136.89522615832865,0.0,0.0,68.03996794927345,0,0,0.258819045102521,-0.9659258262890682,1,0,1,0.0,0.0
2024-01-07 11:50:00,2024-01-07 11:50:00,141.5347567356831,0.0,0.0,80.71975689775704,0,0,0.258819045102521,-0.9659258262890682,1,0,1,0.0,0.0
2024-01-07 11:55:00,2024-01-07 11:55:00,132.10706675625906,0.0,0.0,83.32869318062605,100,0,0.258819045102521,-0.9659258262890682,1,0,1,0.0,0.0
2024-01-07 12:00:00,2024-01-07 12:00:00,129.30060162325526,0.0,0.0,87.10624670425591,0,0,1.2246467991473532e-16,-1.0,1,0,1,0.0,0.0
2024-01-07 12:05:00,2024-01-07 12:05:00,133.07851111513912,0.0,0.0,82.58890601368343,0,0,1.2246467991473532e-16,-1.0,1,0,1,0.0,0.0
2024-01-07 12:10:00,2024-01-07 12:10:00,129.4772438842874,0.0,0.0,89.85484937734074,0,0,1.2246467991473532e-16,-1.0,1,0,1,0.0,0.0
2024-01-07 12:15:00,2024-01-07 12:15:00,130.25890178143456,0.0,0.0,80.12105485024432,0,0,1.2246467991473532e-16,-1.0,1,0,1,0.0,0.0
2024-01-07 12:20:00,2024-01-07 12:20:00,132.35154305666796,0.0,0.0,76.5258861604323,0,0,1.2246467991473532e-16,-1.0,1,0,1,0.0,0.0
2024-01-07 12:25:00,2024-01-07 12:25:00,130.9272513193696,0.0,0.0,90.88983402216365,0,0,1.2246467991473532e-16,-1.0,1,0,1,0.0,0.0
2024-01-07 12:30:00,2024-01-07 12:30:00,118.08913291991468,0.0,0.0,77.08696286407647,0,0,1.2246467991473532e-16,-1.0,1,0,1,0.0,0.0
2024-01-07 12:35:00,2024-01-07 12:35:00,133.7593938984402,0.0,0.0,83.5740559655806,0,0,1.2246467991473532e-16,-1.0,1,0,1,0.0,0.0
2024-01-07 12:40:00,2024-01-07 12:40:00,127.30025562473318,0.0,0.0,84.60894894060186,0,0,1.2246467991473532e-16,-1.0,1,0,1,0.0,0.0
2024-01-07 12:45:00,2024-01-07 12:45:00,130.76264069800186,0.0,0.0,83.20729092017301,0,0,1.2246467991473532e-16,-1.0,1,0,1,0.0,0.0
2024-01-07 12:50:00,2024-01-07 12:50:00,133.07853885463024,0.0,0.0,83.89826781876546,0,0,1.2246467991473532e-16,-1.0,1,0,1,0.0,0.0
2024-01-07 12:55:00,2024-01-07 12:55:00,127.00424486809368,0.0,0.0,75.20146843470805,0,0,1.2246467991473532e-16,-1.0,1,0,1,0.0,0.0
2024-01-07 13:00:00,2024-01-07 13:00:00,136.4010432310098,0.0,0.0,82.73228259255703,0,0,-0.2588190451025208,-0.9659258262890683,1,0,1,0.0,0.0
2024-01-07 13:05:00,2024-01-07 13:05:00,126.36437849502545,0.0,0.0,73.52263890608526,0,0,-0.2588190451025208,-0.9659258262890683,1,0,1,0.0,0.0
2024-01-07 13:10:00,2024-01-07 13:10:00,122.64662565958255,0.0,0.0,83.90087433527692,0,0,-0.2588190451025208,-0.9659258262890683,1,0,1,0.0,0.0
2024-01-07 13:15:00,2024-01-07 13:15:00,138.1044392703745,0.0,0.0,78.47843469450041,0,0,-0.2588190451025208,-0.9659258262890683,1,0,1,0.0,0.0
2024-01-07 13:20:00,2024-01-07 13:20:00,128.24455872016657,0.0,0.0,68.14064792270082,0,0,-0.2588190451025208,-0.9659258262890683,1,0,1,0.0,0.0
2024-01-07 13:25:00,2024-01-07 13:25:00,121.77267019450032,0.0,0.0,89.26150614630112,100,0,-0.2588190451025208,-0.9659258262890683,1,0,1,0.0,0.0
2024-01-07 13:30:00,2024-01-07 13:30:00,129.31610872918657,0.0,0.0,75.4239235114808,0,0,-0.2588190451025208,-0.9659258262890683,1,0,1,0.0,0.0
2024-01-07 13:35:00,2024-01-07 13:35:00,124.13612324083746,0.0,0.0,83.78259865399339,0,0,-0.2588190451025208,-0.9659258262890683,1,0,1,0.0,0.0
2024-01-07 13:40:00,2024-01-07 13:40:00,118.17530108130141,0.0,0.0,85.21265070824552,0,0,-0.2588190451025208,-0.9659258262890683,1,0,1,0.0,0.0
2024-01-07 13:45:00,2024-01-07 13:45:00,126.16928986751103,0.0,0.0,75.16514945771408,0,0,-0.2588190451025208,-0.9659258262890683,1,0,1,0.0,0.0
2024-01-07 13:50:00,2024-01-07 13:50:00,127.22559744627644,0.0,0.0,89.24962312828418,0,0,-0.2588190451025208,-0.9659258262890683,1,0,1,0.0,0.0
2024-01-07 13:55:00,2024-01-07 13:55:00,121.83075001067203,0.0,0.0,77.98858131208439,0,0,-0.2588190451025208,-0.9659258262890683,1,0,1,0.0,0.0
2024-01-07 14:00:00,2024-01-07 14:00:00,116.82420015299522,0.0,0.0,84.31620510541114,0,0,-0.4999999999999998,-0.8660254037844388,1,0,1,0.0,0.0
2024-01-07 14:05:00,2024-01-07 14:05:00,122.4708230238387,0.0,0.0,74.93682912937719,0,0,-0.4999999999999998,-0.8660254037844388,1,0,1,0.0,0.0
2024-01-07 14:10:00,2024-01-07 14:10:00,113.46832766812881,0.0,0.0,76.18276766157865,0,0,-0.4999999999999998,-0.8660254037844388,1,0,1,0.0,0.0
2024-01-07 14:15:00,2024-01-07 14:15:00,121.56760623592311,0.0,0.0,81.25556496761378,0,0,-0.4999999999999998,-0.8660254037844388,1,0,1,0.0,0.0
2024-01-07 14:20:00,2024-01-07 14:20:00,133.03412650249604,0.0,0.0,69.90379530299109,0,0,-0.4999999999999998,-0.8660254037844388,1,0,1,0.0,0.0
2024-01-07 14:25:00,2024-01-07 14:25:00,114.8091689171271,0.0,0.0,85.0598520296507,0,0,-0.4999999999999998,-0.8660254037844388,1,0,1,0.0,0.0
2024-01-07 14:30:00,2024-01-07 14:30:00,125.94311359428788,0.0,0.0,72.93354163797032,0,0,-0.4999999999999998,-0.8660254037844388,1,0,1,0.0,0.0
2024-01-07 14:35:00,2024-01-07 14:35:00,123.99065125659322,0.0,0.0,72.87120069639002,0,0,-0.4999999999999998,-0.8660254037844388,1,0,1,0.0,0.0
2024-01-07 14:40:00,2024-01-07 14:40:00,115.52369738023296,0.0,0.0,86.98736344744984,0,0,-0.4999999999999998,-0.8660254037844388,1,0,1,0.0,0.0
2024-01-07 14:45:00,2024-01-07 14:45:00,116.40080376251075,0.0,0.0,75.65267991434501,0,0,-0.4999999999999998,-0.8660254037844388,1,0,1,0.0,0.0
2024-01-07 14:50:00,2024-01-07 14:50:00,119.86953575818407,0.0,0.0,73.66569795613132,0,0,-0.4999999999999998,-0.8660254037844388,1,0,1,0.0,0.0
2024-01-07 14:55:00,2024-01-07 14:55:00,126.49005918484566,0.0,0.0,86.52471030324764,0,0,-0.4999999999999998,-0.8660254037844388,1,0,1,0.0,0.0
2024-01-07 15:00:00,2024-01-07 15:00:00,124.89702205475756,0.0,0.0,80.5350999989346,0,0,-0.7071067811865471,-0.7071067811865479,1,0,1,0.0,0.0
2024-01-07 15:05:00,2024-01-07 15:05:00,114.75626154689925,0.0,0.0,84.64542330045866,0,0,-0.7071067811865471,-0.7071067811865479,1,0,1,0.0,0.0
2024-01-07 15:10:00,2024-01-07 15:10:00,118.23204131262484,0.0,0.0,82.15059494920936,0,0,-0.7071067811865471,-0.7071067811865479,1,0,1,0.0,0.0
2024-01-07 15:15:00,2024-01-07 15:15:00,120.98326648163243,0.0,0.0,80.71005882175399,0,0,-0.7071067811865471,-0.7071067811865479,1,0,1,0.0,0.0
2024-01-07 15:20:00,2024-01-07 15:20:00,118.25269084046417,0.0,0.0,81.98269667851535,0,0,-0.7071067811865471,-0.7071067811865479,1,0,1,0.0,0.0
2024-01-07 15:25:00,2024-01-07 15:25:00,124.95231824681589,0.0,0.0,80.92557523277293,0,0,-0.7071067811865471,-0.7071067811865479,1,0,1,0.0,0.0
2024-01-07 15:30:00,2024-01-07 15:30:00,117.51617466086763,0.0,0.0,89.44491610311394,0,0,-0.7071067811865471,-0.7071067811865479,1,0,1,0.0,0.0
2024-01-07 15:35:00,2024-01-07 15:35:00,111.11315132044601,0.0,0.0,86.8668047875007,0,0,-0.7071067811865471,-0.7071067811865479,1,0,1,0.0,0.0
2024-01-07 15:40:00,2024-01-07 15:40:00,106.67703205814082,0.0,0.0,75.71188187302299,0,0,-0.7071067811865471,-0.7071067811865479,1,0,1,0.0,0.0
2024-01-07 15:45:00,2024-01-07 15:45:00,112.14630525493149,0.0,0.0,89.33831366042801,0,0,-0.7071067811865471,-0.7071067811865479,1,0,1,0.0,0.0
2024-01-07 15:50:00,2024-01-07 15:50:00,123.30494080618185,0.0,0.0,76.01672160355922,0,0,-0.7071067811865471,-0.7071067811865479,1,0,1,0.0,0.0
2024-01-07 15:55:00,2024-01-07 15:55:00,114.99495192830527,0.0,0.0,95.86571219932767,0,0,-0.7071067811865471,-0.7071067811865479,1,0,1,0.0,0.0
2024-01-07 16:00:00,2024-01-07 16:00:00,117.47194527335995,5.0,50.0,83.24268023443975,0,0,-0.8660254037844384,-0.5000000000000004,1,0,1,4.5,40.0
2024-01-07 16:05:00,2024-01-07 16:05:00,123.1908883804473,0.0,0.0,76.02076505280489,0,0,-0.8660254037844384,-0.5000000000000004,1,0,1,4.5,40.0
2024-01-07 16:10:00,2024-01-07 16:10:00,121.51435692461952,0.0,0.0,84.2726032429323,0,0,-0.8660254037844384,-0.5000000000000004,1,0,1,4.5,40.0
2024-01-07 16:15:00,2024-01-07 16:15:00,125.05653214568109,0.0,0.0,80.84399341635823,0,0,-0.8660254037844384,-0.5000000000000004,1,0,1,4.5,40.0
2024-01-07 16:20:00,2024-01-07 16:20:00,120.41426488826428,0.0,0.0,79.65731226832577,0,0,-0.8660254037844384,-0.5000000000000004,1,0,1,4.5,40.0
2024-01-07 16:25:00,2024-01-07 16:25:00,113.73003061230764,0.0,0.0,83.59640146544132,0,0,-0.8660254037844384,-0.5000000000000004,1,0,1,4.5,40.0
2024-01-07 16:30:00,2024-01-07 16:30:00,121.23001514927009,0.0,0.0,75.8878187939564,0,0,-0.8660254037844384,-0.5000000000000004,1,0,1,4.5,40.0
2024-01-07 16:35:00,2024-01-07 16:35:00,127.034796205948,0.0,0.0,85.78718034857718,0,0,-0.8660254037844384,-0.5000000000000004,1,0,1,4.5,40.0
2024-01-07 16:40:00,2024-01-07 16:40:00,126.11991911478215,0.0,0.0,75.27661169641104,0,0,-0.8660254037844384,-0.5000000000000004,1,0,1,4.5,40.0
2024-01-07 16:45:00,2024-01-07 16:45:00,129.88560967430394,0.0,0.0,81.76211295833151,0,0,-0.8660254037844384,-0.5000000000000004,1,0,1,4.5,40.0
2024-01-07 16:50:00,2024-01-07 16:50:00,133.8269357367235,0.0,0.0,79.69669599456621,0,0,-0.8660254037844384,-0.5000000000000004,1,0,1,4.5,40.0
2024-01-07 16:55:00,2024-01-07 16:55:00,151.45627003157816,0.0,0.0,80.82904045759243,0,0,-0.8660254037844384,-0.5000000000000004,1,0,1,4.5,40.0
2024-01-07 17:00:00,2024-01-07 17:00:00,151.66660232216563,0.0,0.0,87.70665371995695,0,0,-0.9659258262890683,-0.25881904510252063,1,0,1,4.5,40.0
2024-01-07 17:05:00,2024-01-07 17:05:00,149.30855584805613,0.0,0.0,90.57452593731554,0,0,-0.9659258262890683,-0.25881904510252063,1,0,1,4.5,40.0
2024-01-07 17:10:00,2024-01-07 17:10:00,152.78860458485025,0.0,0.0,89.19800280709848,0,0,-0.9659258262890683,-0.25881904510252063,1,0,1,4.5,40.0
2024-01-07 17:15:00,2024-01-07 17:15:00,155.74254236507886,0.0,0.0,76.42062335693684,0,0,-0.9659258262890683,-0.25881904510252063,1,0,1,4.5,40.0
2024-01-07 17:20:00,2024-01-07 17:20:00,162.9931101706715,0.0,0.0,84.94035720649643,0,0,-0.9659258262890683,-0.25881904510252063,1,0,1,4.5,40.0
2024-01-07 17:25:00,2024-01-07 17:25:00,162.623289879732,0.0,0.0,85.80989270107303,0,0,-0.9659258262890683,-0.25881904510252063,1,0,1,4.5,40.0
2024-01-07 17:30:00,2024-01-07 17:30:00,151.41614767972138,0.0,0.0,77.87988285754273,100,0,-0.9659258262890683,-0.25881904510252063,1,0,1,4.5,40.0
2024-01-07 17:35:00,2024-01-07 17:35:00,162.03887301696042,0.0,0.0,87.29747923684498,0,0,-0.9659258262890683,-0.25881904510252063,1,0,1,4.5,40.0
2024-01-07 17:40:00,2024-01-07 17:40:00,166.36744844117536,0.0,0.0,91.09903094111095,0,0,-0.9659258262890683,-0.25881904510252063,1,0,1,4.5,40.0
2024-01-07 17:45:00,2024-01-07 17:45:00,153.168106249347,0.0,0.0,74.62079473408826,0,0,-0.9659258262890683,-0.25881904510252063,1,0,1,4.5,40.0
2024-01-07 17:50:00,2024-01-07 17:50:00,149.90514710201376,0.0,0.0,75.67095103099172,0,0,-0.9659258262890683,-0.25881904510252063,1,0,1,4.5,40.0
2024-01-07 17:55:00,2024-01-07 17:55:00,137.0201836756299,0.0,0.0,81.04340303576303,0,0,-0.9659258262890683,-0.25881904510252063,1,0,1,4.5,40.0
2024-01-07 18:00:00,2024-01-07 18:00:00,144.1727263442502,0.0,0.0,79.24660924077723,0,0,-1.0,-1.8369701987210297e-16,1,0,1,4.5,40.0
2024-01-07 18:05:00,2024-01-07 18:05:00,140.9358309343821,0.0,0.0,74.5588436261088,0,0,-1.0,-1.8369701987210297e-16,1,0,1,4.5,40.0
2024-01-07 18:10:00,2024-01-07 18:10:00,131.91155175924374,0.0,0.0,87.53734372261177,0,0,-1.0,-1.8369701987210297e-16,1,0,1,4.5,40.0
2024-01-07 18:15:00,2024-01-07 18:15:00,130.42548218657384,0.0,0.0,81.85971224392368,0,0,-1.0,-1.8369701987210297e-16,1,0,1,4.5,40.0
2024-01-07 18:20:00,2024-01-07 18:20:00,114.73802203400723,0.0,0.0,78.02682968814916,0,0,-1.0,-1.8369701987210297e-16,1,0,1,4.5,40.0
2024-01-07 18:25:00,2024-01-07 18:25:00,126.09952011675124,0.0,0.0,91.92354356802412,0,0,-1.0,-1.8369701987210297e-16,1,0,1,4.5,40.0
2024-01-07 18:30:00,2024-01-07 18:30:00,122.43202931634612,0.0,0.0,75.20285077278542,0,0,-1.0,-1.8369701987210297e-16,1,0,1,4.5,40.0
2024-01-07 18:35:00,2024-01-07 18:35:00,121.28607910023554,0.0,0.0,74.89886760716382,0,0,-1.0,-1.8369701987210297e-16,1,0,1,4.5,40.0
2024-01-07 18:40:00,2024-01-07 18:40:00,117.33191929744686,0.0,0.0,74.96783120658324,0,0,-1.0,-1.8369701987210297e-16,1,0,1,4.5,40.0
2024-01-07 18:45:00,2024-01-07 18:45:00,124.7434109458235,0.0,0.0,81.60088822371455,0,0,-1.0,-1.8369701987210297e-16,1,0,1,4.5,40.0
2024-01-07 18:50:00,2024-01-07 18:50:00,112.94353830315622,0.0,0.0,70.48691562102843,0,0,-1.0,-1.8369701987210297e-16,1,0,1,4.5,40.0
2024-01-07 18:55:00,2024-01-07 18:55:00,112.78471710258407,0.0,0.0,79.17290477206419,0,0,-1.0,-1.8369701987210297e-16,1,0,1,4.5,40.0
2024-01-07 19:00:00,2024-01-07 19:00:00,109.30347371933448,0.0,0.0,77.2025115644647,0,0,-0.9659258262890684,0.2588190451025203,1,0,1,4.5,0.0
2024-01-07 19:05:00,2024-01-07 19:05:00,107.86314616683717,0.0,0.0,83.44584970597874,0,0,-0.9659258262890684,0.2588190451025203,1,0,1,4.5,0.0
2024-01-07 19:10:00,2024-01-07 19:10:00,116.2180748264343,0.0,0.0,76.01214595905184,0,0,-0.9659258262890684,0.2588190451025203,1,0,1,4.5,0.0
2024-01-07 19:15:00,2024-01-07 19:15:00,109.90430809605817,0.0,0.0,85.39281957966378,0,0,-0.9659258262890684,0.2588190451025203,1,0,1,4.5,0.0
2024-01-07 19:20:00,2024-01-07 19:20:00,112.66016121918324,0.0,0.0,80.77795891113438,0,0,-0.9659258262890684,0.2588190451025203,1,0,1,4.5,0.0
2024-01-07 19:25:00,2024-01-07 19:25:00,124.44168855054464,0.0,0.0,82.33357950366324,0,0,-0.9659258262890684,0.2588190451025203,1,0,1,4.5,0.0
2024-01-07 19:30:00,2024-01-07 19:30:00,110.81166662800499,0.0,0.0,72.96652956621996,100,0,-0.9659258262890684,0.2588190451025203,1,0,1,4.5,0.0
2024-01-07 19:35:00,2024-01-07 19:35:00,118.6094172851356,0.0,0.0,67.98899891446449,0,0,-0.9659258262890684,0.2588190451025203,1,0,1,4.5,0.0
2024-01-07 19:40:00,2024-01-07 19:40:00,110.75011281793023,0.0,0.0,77.2876538592638,0,0,-0.9659258262890684,0.2588190451025203,1,0,1,4.5,0.0
2024-01-07 19:45:00,2024-01-07 19:45:00,111.85185715724714,0.0,0.0,75.42366126768817,0,0,-0.9659258262890684,0.2588190451025203,1,0,1,4.5,0.0
2024-01-07 19:50:00,2024-01-07 19:50:00,110.10199651316752,0.0,0.0,77.11037047354915,100,0,-0.9659258262890684,0.2588190451025203,1,0,1,4.5,0.0
2024-01-07 19:55:00,2024-01-07 19:55:00,117.24374266978668,0.0,0.0,75.09239658853802,0,0,-0.9659258262890684,0.2588190451025203,1,0,1,4.5,0.0
2024-01-07 20:00:00,2024-01-07 20:00:00,129.10417615059646,0.0,0.0,78.40101572149304,0,0,-0.8660254037844386,0.5000000000000001,1,0,1,4.5,0.0
2024-01-07 20:05:00,2024-01-07 20:05:00,116.62021935528934,0.0,0.0,73.92186240361399,0,0,-0.8660254037844386,0.5000000000000001,1,0,1,4.5,0.0
2024-01-07 20:10:00,2024-01-07 20:10:00,115.33278506490676,0.0,0.0,85.36061760881202,0,0,-0.8660254037844386,0.5000000000000001,1,0,1,4.5,0.0
2024-01-07 20:15:00,2024-01-07 20:15:00,124.8770055777884,0.0,0.0,76.89572843619683,0,0,-0.8660254037844386,0.5000000000000001,1,0,1,4.5,0.0
2024-01-07 20:20:00,2024-01-07 20:20:00,116.68332801409154,0.0,0.0,73.4737403215435,0,0,-0.8660254037844386,0.5000000000000001,1,0,1,4.5,0.0
2024-01-07 20:25:00,2024-01-07 20:25:00,114.52002241359043,0.0,0.0,73.52857285182904,0,0,-0.8660254037844386,0.5000000000000001,1,0,1,4.5,0.0
2024-01-07 20:30:00,2024-01-07 20:30:00,114.00453040457168,0.0,0.0,77.7190338895467,0,0,-0.8660254037844386,0.5000000000000001,1,0,1,4.5,0.0
2024-01-07 20:35:00,2024-01-07 20:35:00,121.61487355492577,0.0,0.0,83.39825807612543,0,0,-0.8660254037844386,0.5000000000000001,1,0,1,4.5,0.0
2024-01-07 20:40:00,2024-01-07 20:40:00,120.13736228091955,0.0,0.0,85.71740803190643,0,0,-0.8660254037844386,0.5000000000000001,1,0,1,4.5,0.0
2024-01-07 20:45:00,2024-01-07 20:45:00,108.25058179124923,0.0,0.0,79.46407666644457,0,0,-0.8660254037844386,0.5000000000000001,1,0,1,4.5,0.0
2024-01-07 20:50:00,2024-01-07 20:50:00,120.24335588621105,0.0,0.0,88.00664928662427,0,0,-0.8660254037844386,0.5000000000000001,1,0,1,4.5,0.0
2024-01-07 20:55:00,2024-01-07 20:55:00,118.95104119009156,0.0,0.0,74.87591475320602,0,0,-0.8660254037844386,0.5000000000000001,1,0,1,4.5,0.0
2024-01-07 21:00:00,2024-01-07 21:00:00,112.5604183930547,5.0,50.0,75.76990348452283,0,0,-0.7071067811865477,0.7071067811865474,1,0,1,4.5,40.0
2024-01-07 21:05:00,2024-01-07 21:05:00,115.699651148385,0.0,0.0,86.70035211369813,100,0,-0.7071067811865477,0.7071067811865474,1,0,1,4.5,40.0
2024-01-07 21:10:00,2024-01-07 21:10:00,112.51568402488049,0.0,0.0,79.5098509851545,0,0,-0.7071067811865477,0.7071067811865474,1,0,1,4.5,40.0
2024-01-07 21:15:00,2024-01-07 21:15:00,114.2757758784443,0.0,0.0,73.47927047239473,0,0,-0.7071067811865477,0.7071067811865474,1,0,1,4.5,40.0
2024-01-07 21:20:00,2024-01-07 21:20:00,127.76516336384816,0.0,0.0,79.70580171102499,0,0,-0.7071067811865477,0.7071067811865474,1,0,1,4.5,40.0
2024-01-07 21:25:00,2024-01-07 21:25:00,118.07376357392067,0.0,0.0,75.84247705821821,0,0,-0.7071067811865477,0.7071067811865474,1,0,1,4.5,40.0
2024-01-07 21:30:00,2024-01-07 21:30:00,121.78566440184662,0.0,0.0,75.44590132313114,0,0,-0.7071067811865477,0.7071067811865474,1,0,1,4.5,40.0
2024-01-07 21:35:00,2024-01-07 21:35:00,136.93549917415717,0.0,0.0,85.68860985065541,0,0,-0.7071067811865477,0.7071067811865474,1,0,1,4.5,40.0
2024-01-07 21:40:00,2024-01-07 21:40:00,132.16848666205462,0.0,0.0,75.42945294013738,0,0,-0.7071067811865477,0.7071067811865474,1,0,1,4.5,40.0
2024-01-07 21:45:00,2024-01-07 21:45:00,135.7158907594065,0.0,0.0,80.19352191265659,0,0,-0.7071067811865477,0.7071067811865474,1,0,1,4.5,40.0
2024-01-07 21:50:00,2024-01-07 21:50:00,132.96813559219663,0.0,0.0,81.17799725907636,100,0,-0.7071067811865477,0.7071067811865474,1,0,1,4.5,40.0
2024-01-07 21:55:00,2024-01-07 21:55:00,140.35494231648545,0.0,0.0,83.53720145761235,0,0,-0.7071067811865477,0.7071067811865474,1,0,1,4.5,40.0
2024-01-07 22:00:00,2024-01-07 22:00:00,154.55247744991146,0.0,0.0,71.81219835015808,0,0,-0.5000000000000004,0.8660254037844384,1,0,1,4.5,40.0
2024-01-07 22:05:00,2024-01-07 22:05:00,151.96678223636607,0.0,0.0,83.09856261818727,0,0,-0.5000000000000004,0.8660254037844384,1,0,1,4.5,40.0
2024-01-07 22:10:00,2024-01-07 22:10:00,153.7662734668096,0.0,0.0,80.44840457582583,0,0,-0.5000000000000004,0.8660254037844384,1,0,1,4.5,40.0
2024-01-07 22:15:00,2024-01-07 22:15:00,165.0217567328385,0.0,0.0,70.45936453473618,0,0,-0.5000000000000004,0.8660254037844384,1,0,1,4.5,40.0
2024-01-07 22:20:00,2024-01-07 22:20:00,173.79884499293755,0.0,0.0,88.53390915152453,0,0,-0.5000000000000004,0.8660254037844384,1,0,1,4.5,40.0
2024-01-07 22:25:00,2024-01-07 22:25:00,151.4626193706236,0.0,0.0,87.78944985202841,100,0,-0.5000000000000004,0.8660254037844384,1,0,1,4.5,40.0
2024-01-07 22:30:00,2024-01-07 22:30:00,158.6664684925039,0.0,0.0,77.41311608168148,0,0,-0.5000000000000004,0.8660254037844384,1,0,1,4.5,40.0
2024-01-07 22:35:00,2024-01-07 22:35:00,163.53675605378547,0.0,0.0,80.11640871346175,0,0,-0.5000000000000004,0.8660254037844384,1,0,1,4.5,40.0
2024-01-07 22:40:00,2024-01-07 22:40:00,151.4856715841364,0.0,0.0,82.2370991386705,0,0,-0.5000000000000004,0.8660254037844384,1,0,1,4.5,40.0
2024-01-07 22:45:00,2024-01-07 22:45:00,152.85088564300113,0.0,0.0,82.10281593199166,0,0,-0.5000000000000004,0.8660254037844384,1,0,1,4.5,40.0
2024-01-07 22:50:00,2024-01-07 22:50:00,148.36271902152183,0.0,0.0,77.8684947563739,0,0,-0.5000000000000004,0.8660254037844384,1,0,1,4.5,40.0
2024-01-07 22:55:00,2024-01-07 22:55:00,154.50932993659248,0.0,0.0,80.11423013815603,0,0,-0.5000000000000004,0.8660254037844384,1,0,1,4.5,40.0
2024-01-07 23:00:00,2024-01-07 23:00:00,139.85116854075608,0.0,0.0,82.17149223394306,0,0,-0.25881904510252157,0.9659258262890681,1,0,1,4.5,40.0
2024-01-07 23:05:00,2024-01-07 23:05:00,147.32468799173785,0.0,0.0,85.6118884747942,0,0,-0.25881904510252157,0.9659258262890681,1,0,1,4.5,40.0
2024-01-07 23:10:00,2024-01-07 23:10:00,147.79097648115902,0.0,0.0,83.54293153755319,0,0,-0.25881904510252157,0.9659258262890681,1,0,1,4.5,40.0
2024-01-07 23:15:00,2024-01-07 23:15:00,138.36326520846706,0.0,0.0,81.04518409947745,100,0,-0.25881904510252157,0.9659258262890681,1,0,1,4.5,40.0
2024-01-07 23:20:00,2024-01-07 23:20:00,134.4668263450749,0.0,0.0,77.76963045071861,0,0,-0.25881904510252157,0.9659258262890681,1,0,1,4.5,40.0
2024-01-07 23:25:00,2024-01-07 23:25:00,145.67187496467406,0.0,0.0,74.69927349438595,0,0,-0.25881904510252157,0.9659258262890681,1,0,1,4.5,40.0
2024-01-07 23:30:00,2024-01-07 23:30:00,131.27874889183266,0.0,0.0,78.47444017065523,0,0,-0.25881904510252157,0.9659258262890681,1,0,1,4.5,40.0
2024-01-07 23:35:00,2024-01-07 23:35:00,139.1351027044131,0.0,0.0,78.15370698406797,0,0,-0.25881904510252157,0.9659258262890681,1,0,1,4.5,40.0
2024-01-07 23:40:00,2024-01-07 23:40:00,124.56283184245977,0.0,0.0,84.23389055137761,0,0,-0.25881904510252157,0.9659258262890681,1,0,1,4.5,40.0
2024-01-07 23:45:00,2024-01-07 23:45:00,123.7967685552333,0.0,0.0,80.56981741788361,0,0,-0.25881904510252157,0.9659258262890681,1,0,1,4.5,40.0
2024-01-07 23:50:00,2024-01-07 23:50:00,119.50350231925847,0.0,0.0,84.22613178042108,100,0,-0.25881904510252157,0.9659258262890681,1,0,1,4.5,40.0
2024-01-07 23:55:00,2024-01-07 23:55:00,131.3007564104981,0.0,0.0,82.6117582477117,0,0,-0.25881904510252157,0.9659258262890681,1,0,1,4.5,40.0
2024-01-08 00:00:00,2024-01-08 00:00:00,133.22172778327598,0.0,0.0,74.68804417759023,0,0,0.0,1.0,0,0,1,4.5,0.0
2024-01-08 00:05:00,2024-01-08 00:05:00,128.4794376070878,0.0,0.0,83.48434949059703,0,0,0.0,1.0,0,0,1,4.5,0.0
2024-01-08 00:10:00,2024-01-08 00:10:00,129.0821877406261,0.0,0.0,78.35594176456596,0,0,0.0,1.0,0,0,1,4.5,0.0
2024-01-08 00:15:00,2024-01-08 00:15:00,132.43485410164845,0.0,0.0,77.62688550514751,0,0,0.0,1.0,0,0,1,4.5,0.0
2024-01-08 00:20:00,2024-01-08 00:20:00,133.0935845970999,0.0,0.0,78.71387018823894,0,0,0.0,1.0,0,0,1,4.5,0.0
2024-01-08 00:25:00,2024-01-08 00:25:00,130.6077359362518,0.0,0.0,89.57708785144634,0,0,0.0,1.0,0,0,1,4.5,0.0
2024-01-08 00:30:00,2024-01-08 00:30:00,133.64371890702336,0.0,0.0,75.15422539819517,0,0,0.0,1.0,0,0,1,4.5,0.0
2024-01-08 00:35:00,2024-01-08 00:35:00,130.39575469051627,0.0,0.0,91.25849573920777,0,0,0.0,1.0,0,0,1,4.5,0.0
2024-01-08 00:40:00,2024-01-08 00:40:00,136.6415556803851,0.0,0.0,81.65026076818678,0,0,0.0,1.0,0,0,1,4.5,0.0
2024-01-08 00:45:00,2024-01-08 00:45:00,124.26155129754267,0.0,0.0,80.3982575068663,0,0,0.0,1.0,0,0,1,4.5,0.0
2024-01-08 00:50:00,2024-01-08 00:50:00,133.5493214818157,0.0,0.0,71.09901179213944,0,0,0.0,1.0,0,0,1,4.5,0.0
2024-01-08 00:55:00,2024-01-08 00:55:00,135.78016007109557,0.0,0.0,87.88658523204184,0,0,0.0,1.0,0,0,1,4.5,0.0
2024-01-08 01:00:00,2024-01-08 01:00:00,129.26264356658638,0.0,0.0,86.6160511031365,0,0,0.25881904510252074,0.9659258262890683,0,0,1,4.5,0.0
2024-01-08 01:05:00,2024-01-08 01:05:00,134.4202066399536,0.0,0.0,93.55790911588396,0,0,0.25881904510252074,0.9659258262890683,0,0,1,4.5,0.0
2024-01-08 01:10:00,2024-01-08 01:10:00,128.5289624666866,0.0,0.0,83.68387606327435,0,0,0.25881904510252074,0.9659258262890683,0,0,1,4.5,0.0
2024-01-08 01:15:00,2024-01-08 01:15:00,134.17656356103168,0.0,0.0,88.68578646630232,0,0,0.25881904510252074,0.9659258262890683,0,0,1,4.5,0.0
2024-01-08 01:20:00,2024-01-08 01:20:00,135.08026894829564,0.0,0.0,78.909128286534,0,0,0.25881904510252074,0.9659258262890683,0,0,1,4.5,0.0
2024-01-08 01:25:00,2024-01-08 01:25:00,133.35847129013953,0.0,0.0,79.15409024132492,0,0,0.25881904510252074,0.9659258262890683,0,0,1,4.5,0.0
2024-01-08 01:30:00,2024-01-08 01:30:00,142.2200884657503,0.0,0.0,86.56489697902961,100,0,0.25881904510252074,0.9659258262890683,0,0,1,4.5,0.0
2024-01-08 01:35:00,2024-01-08 01:35:00,133.4162922349542,0.0,0.0,71.82219853050293,0,0,0.25881904510252074,0.9659258262890683,0,0,1,4.5,0.0
2024-01-08 01:40:00,2024-01-08 01:40:00,142.68581716086152,0.0,0.0,70.5096160380497,0,0,0.25881904510252074,0.9659258262890683,0,0,1,4.5,0.0
2024-01-08 01:45:00,2024-01-08 01:45:00,134.88312697589254,0.0,0.0,70.91009798836079,0,0,0.25881904510252074,0.9659258262890683,0,0,1,4.5,0.0
2024-01-08 01:50:00,2024-01-08 01:50:00,138.39308832982113,0.0,0.0,76.64041397766358,0,0,0.25881904510252074,0.9659258262890683,0,0,1,4.5,0.0
2024-01-08 01:55:00,2024-01-08 01:55:00,134.99962457041414,0.0,0.0,82.08686637160748,0,0,0.25881904510252074,0.9659258262890683,0,0,1,4.5,0.0
2024-01-08 02:00:00,2024-01-08 02:00:00,141.93345996845102,0.0,0.0,86.89033785941852,0,0,0.49999999999999994,0.8660254037844387,0,0,1,0.0,0.0
2024-01-08 02:05:00,2024-01-08 02:05:00,129.23532459455276,0.0,0.0,82.22524379264338,0,0,0.49999999999999994,0.8660254037844387,0,0,1,0.0,0.0
2024-01-08 02:10:00,2024-01-08 02:10:00,147.21684887699428,0.0,0.0,80.78484478383967,0,0,0.49999999999999994,0.8660254037844387,0,0,1,0.0,0.0
2024-01-08 02:15:00,2024-01-08 02:15:00,143.47114578958858,0.0,0.0,88.66606501968556,100,0,0.49999999999999994,0.8660254037844387,0,0,1,0.0,0.0
2024-01-08 02:20:00,2024-01-08 02:20:00,142.272535733054,0.0,0.0,74.14853646284251,0,0,0.49999999999999994,0.8660254037844387,0,0,1,0.0,0.0
2024-01-08 02:25:00,2024-01-08 02:25:00,123.7832524547724,0.0,0.0,89.75292106062733,0,0,0.49999999999999994,0.8660254037844387,0,0,1,0.0,0.0
2024-01-08 02:30:00,2024-01-08 02:30:00,139.9616114956445,0.0,0.0,76.2953913209255,0,0,0.49999999999999994,0.8660254037844387,0,0,1,0.0,0.0
2024-01-08 02:35:00,2024-01-08 02:35:00,138.30809770572,0.0,0.0,75.28656372312885,0,0,0.49999999999999994,0.8660254037844387,0,0,1,0.0,0.0
2024-01-08 02:40:00,2024-01-08 02:40:00,141.70251226344246,0.0,0.0,82.39724810861847,0,0,0.49999999999999994,0.8660254037844387,0,0,1,0.0,0.0
2024-01-08 02:45:00,2024-01-08 02:45:00,139.7775916765762,0.0,0.0,76.40956486224964,100,0,0.49999999999999994,0.8660254037844387,0,0,1,0.0,0.0
2024-01-08 02:50:00,2024-01-08 02:50:00,138.33833603962896,0.0,0.0,80.59497774147911,0,0,0.49999999999999994,0.8660254037844387,0,0,1,0.0,0.0
2024-01-08 02:55:00,2024-01-08 02:55:00,141.32068081679034,0.0,0.0,76.59954789085131,0,0,0.49999999999999994,0.8660254037844387,0,0,1,0.0,0.0
2024-01-08 03:00:00,2024-01-08 03:00:00,138.16368896791116,0.0,0.0,70.24691704643396,0,0,0.7071067811865475,0.7071067811865476,0,0,1,0.0,0.0
2024-01-08 03:05:00,2024-01-08 03:05:00,146.6677740050318,0.0,0.0,78.65434261830379,0,0,0.7071067811865475,0.7071067811865476,0,0,1,0.0,0.0
2024-01-08 03:10:00,2024-01-08 03:10:00,137.473024026365,0.0,0.0,80.73916696332248,0,0,0.7071067811865475,0.7071067811865476,0,0,1,0.0,0.0
2024-01-08 03:15:00,2024-01-08 03:15:00,140.9000964991018,0.0,0.0,84.33310884480538,0,0,0.7071067811865475,0.7071067811865476,0,0,1,0.0,0.0
2024-01-08 03:20:00,2024-01-08 03:20:00,142.16515978955385,0.0,0.0,90.02525834514486,0,0,0.7071067811865475,0.7071067811865476,0,0,1,0.0,0.0
2024-01-08 03:25:00,2024-01-08 03:25:00,140.7694437498287,0.0,0.0,80.23019689075474,100,0,0.7071067811865475,0.7071067811865476,0,0,1,0.0,0.0
2024-01-08 03:30:00,2024-01-08 03:30:00,140.29146088013485,0.0,0.0,82.55608036168884,0,0,0.7071067811865475,0.7071067811865476,0,0,1,0.0,0.0
2024-01-08 03:35:00,2024-01-08 03:35:00,141.22976058817918,0.0,0.0,90.13185538988625,0,0,0.7071067811865475,0.7071067811865476,0,0,1,0.0,0.0
2024-01-08 03:40:00,2024-01-08 03:40:00,140.16946764813912,0.0,0.0,78.24728413413936,0,0,0.7071067811865475,0.7071067811865476,0,0,1,0.0,0.0
2024-01-08 03:45:00,2024-01-08 03:45:00,144.2852235915244,0.0,0.0,75.1767158343634,0,0,0.7071067811865475,0.7071067811865476,0,0,1,0.0,0.0
2024-01-08 03:50:00,2024-01-08 03:50:00,139.0330828035387,0.0,0.0,81.49719624820868,0,0,0.7071067811865475,0.7071067811865476,0,0,1,0.0,0.0
2024-01-08 03:55:00,2024-01-08 03:55:00,143.18469807860646,0.0,0.0,78.01716787738211,0,0,0.7071067811865475,0.7071067811865476,0,0,1,0.0,0.0
2024-01-08 04:00:00,2024-01-08 04:00:00,141.68679128477942,0.0,0.0,78.89712396529644,0,0,0.8660254037844386,0.5000000000000001,0,0,1,0.0,0.0
2024-01-08 04:05:00,2024-01-08 04:05:00,150.33811608996106,0.0,0.0,85.3290242383396,0,0,0.8660254037844386,0.5000000000000001,0,0,1,0.0,0.0
2024-01-08 04:10:00,2024-01-08 04:10:00,140.65299557925673,0.0,0.0,80.10949358422307,0,0,0.8660254037844386,0.5000000000000001,0,0,1,0.0,0.0
2024-01-08 04:15:00,2024-01-08 04:15:00,145.8595508483837,0.0,0.0,80.05589966576696,0,0,0.8660254037844386,0.5000000000000001,0,0,1,0.0,0.0
2024-01-08 04:20:00,2024-01-08 04:20:00,147.2968418694601,0.0,0.0,77.8785698544647,0,0,0.8660254037844386,0.5000000000000001,0,0,1,0.0,0.0
2024-01-08 04:25:00,2024-01-08 04:25:00,146.85048804080884,0.0,0.0,75.09143784368314,0,0,0.8660254037844386,0.5000000000000001,0,0,1,0.0,0.0
2024-01-08 04:30:00,2024-01-08 04:30:00,141.35030717734708,0.0,0.0,83.98580141782459,0,0,0.8660254037844386,0.5000000000000001,0,0,1,0.0,0.0
2024-01-08 04:35:00,2024-01-08 04:35:00,149.02030560166276,0.0,0.0,84.69980032311628,0,0,0.8660254037844386,0.5000000000000001,0,0,1,0.0,0.0
2024-01-08 04:40:00,2024-01-08 04:40:00,136.35498753649804,0.0,0.0,85.51801342942012,0,0,0.8660254037844386,0.5000000000000001,0,0,1,0.0,0.0
2024-01-08 04:45:00,2024-01-08 04:45:00,149.60135353705456,0.0,0.0,82.63882115476635,0,0,0.8660254037844386,0.5000000000000001,0,0,1,0.0,0.0
2024-01-08 04:50:00,2024-01-08 04:50:00,140.85990118036617,0.0,0.0,73.2086989182719,0,0,0.8660254037844386,0.5000000000000001,0,0,1,0.0,0.0
2024-01-08 04:55:00,2024-01-08 04:55:00,140.15056490899528,0.0,0.0,82.54206174505617,0,0,0.8660254037844386,0.5000000000000001,0,0,1,0.0,0.0
2024-01-08 05:00:00,2024-01-08 05:00:00,140.09610697575937,0.0,0.0,77.56489023714008,0,0,0.9659258262890683,0.25881904510252074,0,0,1,0.0,0.0
2024-01-08 05:05:00,2024-01-08 05:05:00,134.66558958819996,0.0,0.0,74.31654540689061,0,0,0.9659258262890683,0.25881904510252074,0,0,1,0.0,0.0
2024-01-08 05:10:00,2024-01-08 05:10:00,143.26594046493065,0.0,0.0,77.39492808665929,0,0,0.9659258262890683,0.25881904510252074,0,0,1,0.0,0.0
2024-01-08 05:15:00,2024-01-08 05:15:00,146.09664733750208,0.0,0.0,70.1808030740799,0,0,0.9659258262890683,0.25881904510252074,0,0,1,0.0,0.0
2024-01-08 05:20:00,2024-01-08 05:20:00,140.49491764429968,0.0,0.0,81.10801472653282,0,0,0.9659258262890683,0.25881904510252074,0,0,1,0.0,0.0
2024-01-08 05:25:00,2024-01-08 05:25:00,147.10660071561517,0.0,0.0,81.32647702478927,0,0,0.9659258262890683,0.25881904510252074,0,0,1,0.0,0.0
2024-01-08 05:30:00,2024-01-08 05:30:00,142.98990600755678,0.0,0.0,76.19850302801721,0,0,0.9659258262890683,0.25881904510252074,0,0,1,0.0,0.0
2024-01-08 05:35:00,2024-01-08 05:35:00,148.85601091010125,0.0,0.0,75.80077531674083,0,0,0.9659258262890683,0.25881904510252074,0,0,1,0.0,0.0
2024-01-08 05:40:00,2024-01-08 05:40:00,139.49936648609446,0.0,0.0,82.8942792703444,0,0,0.9659258262890683,0.25881904510252074,0,0,1,0.0,0.0
2024-01-08 05:45:00,2024-01-08 05:45:00,143.63932034881796,0.0,0.0,85.47961393711256,0,0,0.9659258262890683,0.25881904510252074,0,0,1,0.0,0.0
2024-01-08 05:50:00,2024-01-08 05:50:00,146.12542248166108,0.0,0.0,74.42218591101602,0,0,0.9659258262890683,0.25881904510252074,0,0,1,0.0,0.0
2024-01-08 05:55:00,2024-01-08 05:55:00,148.4759687395622,0.0,0.0,81.52791537467729,0,0,0.9659258262890683,0.25881904510252074,0,0,1,0.0,0.0
2024-01-08 06:00:00,2024-01-08 06:00:00,142.24346171616565,0.0,0.0,78.25816303172428,0,0,1.0,6.123233995736766e-17,0,0,1,0.0,0.0
2024-01-08 06:05:00,2024-01-08 06:05:00,155.558474234169,0.0,0.0,74.1054539546856,0,0,1.0,6.123233995736766e-17,0,0,1,0.0,0.0
2024-01-08 06:10:00,2024-01-08 06:10:00,145.10133883760773,0.0,0.0,84.46386444194167,100,0,1.0,6.123233995736766e-17,0,0,1,0.0,0.0
2024-01-08 06:15:00,2024-01-08 06:15:00,141.6403263380747,0.0,0.0,73.22411448409989,0,0,1.0,6.123233995736766e-17,0,0,1,0.0,0.0
2024-01-08 06:20:00,2024-01-08 06:20:00,141.04265870828326,0.0,0.0,84.47384533523187,0,0,1.0,6.123233995736766e-17,0,0,1,0.0,0.0
2024-01-08 06:25:00,2024-01-08 06:25:00,135.0217703616515,0.0,0.0,75.8014907572234,100,0,1.0,6.123233995736766e-17,0,0,1,0.0,0.0
2024-01-08 06:30:00,2024-01-08 06:30:00,144.37884048432812,0.0,0.0,77.49054352595887,0,0,1.0,6.123233995736766e-17,0,0,1,0.0,0.0
2024-01-08 06:35:00,2024-01-08 06:35:00,143.4881213543459,0.0,0.0,82.87241773170018,0,0,1.0,6.123233995736766e-17,0,0,1,0.0,0.0
2024-01-08 06:40:00,2024-01-08 06:40:00,136.1953473767854,0.0,0.0,75.89038138619111,0,0,1.0,6.123233995736766e-17,0,0,1,0.0,0.0
2024-01-08 06:45:00,2024-01-08 06:45:00,143.6808028945476,0.0,0.0,75.3776686433171,0,0,1.0,6.123233995736766e-17,0,0,1,0.0,0.0
2024-01-08 06:50:00,2024-01-08 06:50:00,148.4578575525331,0.0,0.0,83.14634459963445,0,0,1.0,6.123233995736766e-17,0,0,1,0.0,0.0
2024-01-08 06:55:00,2024-01-08 06:55:00,140.13299403222092,0.0,0.0,74.8262266755424,100,0,1.0,6.123233995736766e-17,0,0,1,0.0,0.0
2024-01-08 07:00:00,2024-01-08 07:00:00,144.17980800123533,3.0,30.0,76.56953271026504,0,0,0.9659258262890683,-0.25881904510252063,0,0,1,2.7,24.0
2024-01-08 07:05:00,2024-01-08 07:05:00,137.3473944634153,0.0,0.0,75.42532716793676,0,0,0.9659258262890683,-0.25881904510252063,0,0,1,2.7,24.0
2024-01-08 07:10:00,2024-01-08 07:10:00,145.08645935826442,0.0,0.0,78.2280797300533,0,0,0.9659258262890683,-0.25881904510252063,0,0,1,2.7,24.0
2024-01-08 07:15:00,2024-01-08 07:15:00,149.8569544724299,0.0,0.0,76.89730138853412,0,0,0.9659258262890683,-0.25881904510252063,0,0,1,2.7,24.0
2024-01-08 07:20:00,2024-01-08 07:20:00,148.91363223872744,0.0,0.0,87.53309807827706,0,0,0.9659258262890683,-0.25881904510252063,0,0,1,2.7,24.0
2024-01-08 07:25:00,2024-01-08 07:25:00,149.93450356816695,0.0,0.0,79.37216479371168,0,0,0.9659258262890683,-0.25881904510252063,0,0,1,2.7,24.0
2024-01-08 07:30:00,2024-01-08 07:30:00,146.3771403058905,0.0,0.0,70.53599825217752,0,0,0.9659258262890683,-0.25881904510252063,0,0,1,2.7,24.0
2024-01-08 07:35:00,2024-01-08 07:35:00,147.64446406616696,0.0,0.0,73.37883936684382,100,0,0.9659258262890683,-0.25881904510252063,0,0,1,2.7,24.0
2024-01-08 07:40:00,2024-01-08 07:40:00,157.39936834761707,0.0,0.0,80.49249710488222,0,0,0.9659258262890683,-0.25881904510252063,0,0,1,2.7,24.0
2024-01-08 07:45:00,2024-01-08 07:45:00,155.67831815516504,0.0,0.0,81.89301102463187,0,0,0.9659258262890683,-0.25881904510252063,0,0,1,2.7,24.0
2024-01-08 07:50:00,2024-01-08 07:50:00,159.75182964436576,0.0,0.0,69.07261419261454,0,0,0.9659258262890683,-0.25881904510252063,0,0,1,2.7,24.0
2024-01-08 07:55:00,2024-01-08 07:55:00,154.17466015985417,0.0,0.0,79.28714839451544,100,0,0.9659258262890683,-0.25881904510252063,0,0,1,2.7,24.0
2024-01-08 08:00:00,2024-01-08 08:00:00,146.67397381922592,0.0,0.0,83.87088268605356,0,0,0.8660254037844387,-0.49999999999999983,0,0,1,2.7,24.0
2024-01-08 08:05:00,2024-01-08 08:05:00,161.5947732673582,0.0,0.0,73.52006019169781,0,0,0.8660254037844387,-0.49999999999999983,0,0,1,2.7,24.0
2024-01-08 08:10:00,2024-01-08 08:10:00,159.6285333368443,0.0,0.0,70.44345067223637,0,0,0.8660254037844387,-0.49999999999999983,0,0,1,2.7,24.0
2024-01-08 08:15:00,2024-01-08 08:15:00,161.64270830511458,0.0,0.0,77.86180739553782,0,0,0.8660254037844387,-0.49999999999999983,0,0,1,2.7,24.0
2024-01-08 08:20:00,2024-01-08 08:20:00,166.4066693687746,0.0,0.0,75.87790637123422,0,0,0.8660254037844387,-0.49999999999999983,0,0,1,2.7,24.0
2024-01-08 08:25:00,2024-01-08 08:25:00,157.02177904343006,0.0,0.0,77.89723246737601,0,0,0.8660254037844387,-0.49999999999999983,0,0,1,2.7,24.0
2024-01-08 08:30:00,2024-01-08 08:30:00,163.22590222038468,0.0,0.0,80.609282179426,0,0,0.8660254037844387,-0.49999999999999983,0,0,1,2.7,24.0
2024-01-08 08:35:00,2024-01-08 08:35:00,165.63852689518643,0.0,0.0,87.24107616198687,0,0,0.8660254037844387,-0.49999999999999983,0,0,1,2.7,24.0
2024-01-08 08:40:00,2024-01-08 08:40:00,174.52675452061982,0.0,0.0,83.25412297962859,100,0,0.8660254037844387,-0.49999999999999983,0,0,1,2.7,24.0
2024-01-08 08:45:00,2024-01-08 08:45:00,169.78944026326167,0.0,0.0,75.57127415733106,0,0,0.8660254037844387,-0.49999999999999983,0,0,1,2.7,24.0
2024-01-08 08:50:00,2024-01-08 08:50:00,153.88817665206776,0.0,0.0,87.71625316658773,0,0,0.8660254037844387,-0.49999999999999983,0,0,1,2.7,24.0
2024-01-08 08:55:00,2024-01-08 08:55:00,155.66341136980725,0.0,0.0,77.00876503050605,0,0,0.8660254037844387,-0.49999999999999983,0,0,1,2.7,24.0
2024-01-08 09:00:00,2024-01-08 09:00:00,158.73423673582897,0.0,0.0,88.9283217191252,0,0,0.7071067811865476,-0.7071067811865475,0,0,1,2.7,24.0
2024-01-08 09:05:00,2024-01-08 09:05:00,158.08131851690138,0.0,0.0,91.14631285636554,0,0,0.7071067811865476,-0.7071067811865475,0,0,1,2.7,24.0
2024-01-08 09:10:00,2024-01-08 09:10:00,148.26682355525296,0.0,0.0,72.17825549795823,100,0,0.7071067811865476,-0.7071067811865475,0,0,1,2.7,24.0
2024-01-08 09:15:00,2024-01-08 09:15:00,151.73673000320883,0.0,0.0,76.26393877530694,0,0,0.7071067811865476,-0.7071067811865475,0,0,1,2.7,24.0
2024-01-08 09:20:00,2024-01-08 09:20:00,145.84769683806553,0.0,0.0,75.92037539178057,0,0,0.7071067811865476,-0.7071067811865475,0,0,1,2.7,24.0
2024-01-08 09:25:00,2024-01-08 09:25:00,147.66167070026776,0.0,0.0,69.81023246549903,100,0,0.7071067811865476,-0.7071067811865475,0,0,1,2.7,24.0
2024-01-08 09:30:00,2024-01-08 09:30:00,148.27506056984788,0.0,0.0,90.02251529392242,0,0,0.7071067811865476,-0.7071067811865475,0,0,1,2.7,24.0
2024-01-08 09:35:00,2024-01-08 09:35:00,139.97903140738688,0.0,0.0,78.12782250133444,0,0,0.7071067811865476,-0.7071067811865475,0,0,1,2.7,24.0
2024-01-08 09:40:00,2024-01-08 09:40:00,146.2169639407256,0.0,0.0,72.8806029018038,0,0,0.7071067811865476,-0.7071067811865475,0,0,1,2.7,24.0
2024-01-08 09:45:00,2024-01-08 09:45:00,149.439460222958,0.0,0.0,65.65703540908459,100,0,0.7071067811865476,-0.7071067811865475,0,0,1,2.7,24.0
2024-01-08 09:50:00,2024-01-08 09:50:00,137.70228771745363,0.0,0.0,80.72351712905147,0,0,0.7071067811865476,-0.7071067811865475,0,0,1,2.7,24.0
2024-01-08 09:55:00,2024-01-08 09:55:00,149.4771385842838,0.0,0.0,80.74853574933427,0,0,0.7071067811865476,-0.7071067811865475,0,0,1,2.7,24.0
2024-01-08 10:00:00,2024-01-08 10:00:00,130.0966707227053,0.0,0.0,79.81162319139814,0,0,0.49999999999999994,-0.8660254037844387,0,0,1,2.7,0.0
2024-01-08 10:05:00,2024-01-08 10:05:00,139.63182109187235,0.0,0.0,80.9497262824462,0,0,0.49999999999999994,-0.8660254037844387,0,0,1,2.7,0.0
2024-01-08 10:10:00,2024-01-08 10:10:00,135.30107116946172,0.0,0.0,70.75025857784539,0,0,0.49999999999999994,-0.8660254037844387,0,0,1,2.7,0.0
2024-01-08 10:15:00,2024-01-08 10:15:00,135.132584456937,0.0,0.0,82.8141689727916,0,0,0.49999999999999994,-0.8660254037844387,0,0,1,2.7,0.0
2024-01-08 10:20:00,2024-01-08 10:20:00,136.70926483341083,0.0,0.0,81.11171605877861,0,0,0.49999999999999994,-0.8660254037844387,0,0,1,2.7,0.0
2024-01-08 10:25:00,2024-01-08 10:25:00,144.35488323260265,0.0,0.0,70.31110163340941,0,0,0.49999999999999994,-0.8660254037844387,0,0,1,2.7,0.0
2024-01-08 10:30:00,2024-01-08 10:30:00,136.62533618915947,0.0,0.0,83.0301875499289,0,0,0.49999999999999994,-0.8660254037844387,0,0,1,2.7,0.0
2024-01-08 10:35:00,2024-01-08 10:35:00,130.9514307547987,0.0,0.0,86.24640030594394,0,0,0.49999999999999994,-0.8660254037844387,0,0,1,2.7,0.0
2024-01-08 10:40:00,2024-01-08 10:40:00,132.8890642967462,0.0,0.0,76.90493827353922,0,0,0.49999999999999994,-0.8660254037844387,0,0,1,2.7,0.0
2024-01-08 10:45:00,2024-01-08 10:45:00,136.88216140466744,0.0,0.0,78.35361972028191,0,0,0.49999999999999994,-0.8660254037844387,0,0,1,2.7,0.0
2024-01-08 10:50:00,2024-01-08 10:50:00,139.0638793700136,0.0,0.0,67.73328478530783,0,0,0.49999999999999994,-0.8660254037844387,0,0,1,2.7,0.0
2024-01-08 10:55:00,2024-01-08 10:55:00,140.93233528592552,0.0,0.0,82.20369563758493,0,0,0.49999999999999994,-0.8660254037844387,0,0,1,2.7,0.0
2024-01-08 11:00:00,2024-01-08 11:00:00,130.51159257614427,0.0,0.0,83.11743381856373,0,0,0.258819045102521,-0.9659258262890682,0,0,1,2.7,0.0
2024-01-08 11:05:00,2024-01-08 11:05:00,123.05991592213209,0.0,0.0,76.70329547805214,0,0,0.258819045102521,-0.9659258262890682,0,0,1,2.7,0.0
2024-01-08 11:10:00,2024-01-08 11:10:00,138.95347652808357,0.0,0.0,76.41056626765527,0,0,0.258819045102521,-0.9659258262890682,0,0,1,2.7,0.0
2024-01-08 11:15:00,2024-01-08 11:15:00,130.63107036989945,0.0,0.0,88.05793048306302,0,0,0.258819045102521,-0.9659258262890682,0,0,1,2.7,0.0
2024-01-08 11:20:00,2024-01-08 11:20:00,136.14082600109307,0.0,0.0,76.57224039953238,0,0,0.258819045102521,-0.9659258262890682,0,0,1,2.7,0.0
2024-01-08 11:25:00,2024-01-08 11:25:00,123.44906432480806,0.0,0.0,78.59961980008144,0,0,0.258819045102521,-0.9659258262890682,0,0,1,2.7,0.0
2024-01-08 11:30:00,2024-01-08 11:30:00,139.0112840920642,0.0,0.0,84.19635388870901,0,0,0.258819045102521,-0.9659258262890682,0,0,1,2.7,0.0
2024-01-08 11:35:00,2024-01-08 11:35:00,128.52815491564448,0.0,0.0,85.68728109818109,0,0,0.258819045102521,-0.9659258262890682,0,0,1,2.7,0.0
2024-01-08 11:40:00,2024-01-08 11:40:00,123.37954248140241,0.0,0.0,89.5326618077172,0,0,0.258819045102521,-0.9659258262890682,0,0,1,2.7,0.0
2024-01-08 11:45:00,2024-01-08 11:45:00,129.06950736425526,0.0,0.0,77.9284509873367,0,0,0.258819045102521,-0.9659258262890682,0,0,1,2.7,0.0
2024-01-08 11:50:00,2024-01-08 11:50:00,138.36110226319727,0.0,0.0,78.51446684295064,0,0,0.258819045102521,-0.9659258262890682,0,0,1,2.7,0.0
2024-01-08 11:55:00,2024-01-08 11:55:00,137.5500237036602,0.0,0.0,77.62111479361708,0,0,0.258819045102521,-0.9659258262890682,0,0,1,2.7,0.0
2024-01-08 12:00:00,2024-01-08 12:00:00,133.4327280538398,7.0,70.0,84.73876846950259,0,0,1.2246467991473532e-16,-1.0,0,0,1,6.3,56.0
2024-01-08 12:05:00,2024-01-08 12:05:00,140.06973085594473,0.0,0.0,79.71719499828018,0,0,1.2246467991473532e-16,-1.0,0,0,1,6.3,56.0
2024-01-08 12:10:00,2024-01-08 12:10:00,121.7773143043527,0.0,0.0,75.1074074016109,0,0,1.2246467991473532e-16,-1.0,0,0,1,6.3,56.0
2024-01-08 12:15:00,2024-01-08 12:15:00,132.05105585756985,0.0,0.0,87.13045296970402,0,0,1.2246467991473532e-16,-1.0,0,0,1,6.3,56.0
2024-01-08 12:20:00,2024-01-08 12:20:00,124.78796415391645,0.0,0.0,83.36802216553824,0,0,1.2246467991473532e-16,-1.0,0,0,1,6.3,56.0
2024-01-08 12:25:00,2024-01-08 12:25:00,136.43004059362835,0.0,0.0,81.38042292573962,0,0,1.2246467991473532e-16,-1.0,0,0,1,6.3,56.0
2024-01-08 12:30:00,2024-01-08 12:30:00,138.182791836297,0.0,0.0,78.05103213385318,0,0,1.2246467991473532e-16,-1.0,0,0,1,6.3,56.0
2024-01-08 12:35:00,2024-01-08 12:35:00,146.88747942419724,0.0,0.0,81.22630594303591,0,0,1.2246467991473532e-16,-1.0,0,0,1,6.3,56.0
2024-01-08 12:40:00,2024-01-08 12:40:00,142.52247293853344,0.0,0.0,89.01856494830623,0,0,1.2246467991473532e-16,-1.0,0,0,1,6.3,56.0
2024-01-08 12:45:00,2024-01-08 12:45:00,152.37876892282287,0.0,0.0,77.56852208800052,0,0,1.2246467991473532e-16,-1.0,0,0,1,6.3,56.0
2024-01-08 12:50:00,2024-01-08 12:50:00,166.18110357521067,0.0,0.0,75.92848052876218,0,0,1.2246467991473532e-16,-1.0,0,0,1,6.3,56.0
2024-01-08 12:55:00,2024-01-08 12:55:00,156.76554071879696,0.0,0.0,80.69765937606854,0,0,1.2246467991473532e-16,-1.0,0,0,1,6.3,56.0
2024-01-08 13:00:00,2024-01-08 13:00:00,157.12333524326243,0.0,0.0,84.79796046849712,0,0,-0.2588190451025208,-0.9659258262890683,0,0,1,6.3,56.0
2024-01-08 13:05:00,2024-01-08 13:05:00,172.76519652491163,0.0,0.0,66.52498451959097,0,0,-0.2588190451025208,-0.9659258262890683,0,0,1,6.3,56.0
2024-01-08 13:10:00,2024-01-08 13:10:00,175.1994689024013,0.0,0.0,80.94102869180556,0,0,-0.2588190451025208,-0.9659258262890683,0,0,1,6.3,56.0
2024-01-08 13:15:00,2024-01-08 13:15:00,188.45810975388397,0.0,0.0,75.09112046961997,0,0,-0.2588190451025208,-0.9659258262890683,0,0,1,6.3,56.0
2024-01-08 13:20:00,2024-01-08 13:20:00,176.35958988717752,0.0,0.0,83.03154303458085,100,0,-0.2588190451025208,-0.9659258262890683,0,0,1,6.3,56.0
2024-01-08 13:25:00,2024-01-08 13:25:00,183.62440309153936,0.0,0.0,81.65461982124857,0,0,-0.2588190451025208,-0.9659258262890683,0,0,1,6.3,56.0
2024-01-08 13:30:00,2024-01-08 13:30:00,182.4312784246931,0.0,0.0,86.45120384867907,0,0,-0.2588190451025208,-0.9659258262890683,0,0,1,6.3,56.0
2024-01-08 13:35:00,2024-01-08 13:35:00,183.51825003378974,0.0,0.0,80.40859255161034,0,0,-0.2588190451025208,-0.9659258262890683,0,0,1,6.3,56.0
2024-01-08 13:40:00,2024-01-08 13:40:00,173.78163923118103,0.0,0.0,78.41220159020781,0,0,-0.2588190451025208,-0.9659258262890683,0,0,1,6.3,56.0
2024-01-08 13:45:00,2024-01-08 13:45:00,174.18795621597658,0.0,0.0,84.39414361015193,0,0,-0.2588190451025208,-0.9659258262890683,0,0,1,6.3,56.0
2024-01-08 13:50:00,2024-01-08 13:50:00,168.4298914746971,0.0,0.0,73.56334030468541,0,0,-0.2588190451025208,-0.9659258262890683,0,0,1,6.3,56.0
2024-01-08 13:55:00,2024-01-08 13:55:00,166.61660546442656,0.0,0.0,82.50205861105947,0,0,-0.2588190451025208,-0.9659258262890683,0,0,1,6.3,56.0
2024-01-08 14:00:00,2024-01-08 14:00:00,157.85060416446692,0.0,0.0,74.9471322085604,0,0,-0.4999999999999998,-0.8660254037844388,0,0,1,6.3,56.0
2024-01-08 14:05:00,2024-01-08 14:05:00,145.35873454091546,0.0,0.0,81.26019499770256,0,0,-0.4999999999999998,-0.8660254037844388,0,0,1,6.3,56.0
2024-01-08 14:10:00,2024-01-08 14:10:00,148.19292870475203,0.0,0.0,80.87985237968812,0,0,-0.4999999999999998,-0.8660254037844388,0,0,1,6.3,56.0
2024-01-08 14:15:00,2024-01-08 14:15:00,142.96433299791667,0.0,0.0,88.79756326083742,0,0,-0.4999999999999998,-0.8660254037844388,0,0,1,6.3,56.0
2024-01-08 14:20:00,2024-01-08 14:20:00,131.79238776597268,0.0,0.0,84.06450440086465,0,0,-0.4999999999999998,-0.8660254037844388,0,0,1,6.3,56.0
2024-01-08 14:25:00,2024-01-08 14:25:00,131.19726602512677,0.0,0.0,86.43730231135669,0,0,-0.4999999999999998,-0.8660254037844388,0,0,1,6.3,56.0
2024-01-08 14:30:00,2024-01-08 14:30:00,124.34332439275379,0.0,0.0,80.59674385352913,0,0,-0.4999999999999998,-0.8660254037844388,0,0,1,6.3,56.0
2024-01-08 14:35:00,2024-01-08 14:35:00,126.51361757222583,0.0,0.0,77.51477117952693,0,0,-0.4999999999999998,-0.8660254037844388,0,0,1,6.3,56.0
2024-01-08 14:40:00,2024-01-08 14:40:00,120.74113028767829,0.0,0.0,73.03974495184514,0,0,-0.4999999999999998,-0.8660254037844388,0,0,1,6.3,56.0
2024-01-08 14:45:00,2024-01-08 14:45:00,126.21612137309945,0.0,0.0,86.56394161530802,0,0,-0.4999999999999998,-0.8660254037844388,0,0,1,6.3,56.0
2024-01-08 14:50:00,2024-01-08 14:50:00,132.3412782157224,0.0,0.0,87.62404267651561,0,0,-0.4999999999999998,-0.8660254037844388,0,0,1,6.3,56.0
2024-01-08 14:55:00,2024-01-08 14:55:00,117.01471111231807,0.0,0.0,86.28788777619158,0,0,-0.4999999999999998,-0.8660254037844388,0,0,1,6.3,56.0
2024-01-08 15:00:00,2024-01-08 15:00:00,117.76617624963829,0.0,0.0,78.62918407760732,0,0,-0.7071067811865471,-0.7071067811865479,0,0,1,6.3,0.0
2024-01-08 15:05:00,2024-01-08 15:05:00,116.29506493115291,0.0,0.0,85.97569361547716,0,0,-0.7071067811865471,-0.7071067811865479,0,0,1,6.3,0.0
2024-01-08 15:10:00,2024-01-08 15:10:00,120.20362173473028,0.0,0.0,85.11935018541988,0,0,-0.7071067811865471,-0.7071067811865479,0,0,1,6.3,0.0
2024-01-08 15:15:00,2024-01-08 15:15:00,113.24097838946933,0.0,0.0,69.5313725454585,0,0,-0.7071067811865471,-0.7071067811865479,0,0,1,6.3,0.0
2024-01-08 15:20:00,2024-01-08 15:20:00,116.07198608426438,0.0,0.0,83.22352233141326,0,0,-0.7071067811865471,-0.7071067811865479,0,0,1,6.3,0.0
2024-01-08 15:25:00,2024-01-08 15:25:00,118.63978883716905,0.0,0.0,80.04195457614722,0,0,-0.7071067811865471,-0.7071067811865479,0,0,1,6.3,0.0
2024-01-08 15:30:00,2024-01-08 15:30:00,118.33146350467356,0.0,0.0,77.29258923512633,0,0,-0.7071067811865471,-0.7071067811865479,0,0,1,6.3,0.0
2024-01-08 15:35:00,2024-01-08 15:35:00,123.84966143017924,0.0,0.0,80.99946877920692,0,0,-0.7071067811865471,-0.7071067811865479,0,0,1,6.3,0.0
2024-01-08 15:40:00,2024-01-08 15:40:00,128.54963365310553,0.0,0.0,86.44927970324105,0,0,-0.7071067811865471,-0.7071067811865479,0,0,1,6.3,0.0
2024-01-08 15:45:00,2024-01-08 15:45:00,115.00707899680144,0.0,0.0,91.01061490368055,0,0,-0.7071067811865471,-0.7071067811865479,0,0,1,6.3,0.0
2024-01-08 15:50:00,2024-01-08 15:50:00,118.25399864739235,0.0,0.0,81.00730393890947,0,0,-0.7071067811865471,-0.7071067811865479,0,0,1,6.3,0.0
2024-01-08 15:55:00,2024-01-08 15:55:00,117.37373087300897,0.0,0.0,88.33515249264772,0,0,-0.7071067811865471,-0.7071067811865479,0,0,1,6.3,0.0
2024-01-08 16:00:00,2024-01-08 16:00:00,122.12938195614274,0.0,0.0,72.06123894968641,0,0,-0.8660254037844384,-0.5000000000000004,0,0,1,6.3,0.0
2024-01-08 16:05:00,2024-01-08 16:05:00,122.40471763353474,0.0,0.0,81.6994196613057,0,0,-0.8660254037844384,-0.5000000000000004,0,0,1,6.3,0.0
2024-01-08 16:10:00,2024-01-08 16:10:00,120.40377606454885,0.0,0.0,89.82787182347643,0,0,-0.8660254037844384,-0.5000000000000004,0,0,1,6.3,0.0
2024-01-08 16:15:00,2024-01-08 16:15:00,124.3913133289284,0.0,0.0,85.54281843298183,0,0,-0.8660254037844384,-0.5000000000000004,0,0,1,6.3,0.0
2024-01-08 16:20:00,2024-01-08 16:20:00,112.50503904826935,0.0,0.0,78.56852534719692,100,0,-0.8660254037844384,-0.5000000000000004,0,0,1,6.3,0.0
2024-01-08 16:25:00,2024-01-08 16:25:00,114.9888133472689,0.0,0.0,75.72675956797248,0,0,-0.8660254037844384,-0.5000000000000004,0,0,1,6.3,0.0
2024-01-08 16:30:00,2024-01-08 16:30:00,117.50378260577376,0.0,0.0,77.83258514309622,0,0,-0.8660254037844384,-0.5000000000000004,0,0,1,6.3,0.0
2024-01-08 16:35:00,2024-01-08 16:35:00,127.59228736698252,0.0,0.0,82.47287152864105,0,0,-0.8660254037844384,-0.5000000000000004,0,0,1,6.3,0.0
2024-01-08 16:40:00,2024-01-08 16:40:00,108.51443579788962,0.0,0.0,78.64125620961396,0,0,-0.8660254037844384,-0.5000000000000004,0,0,1,6.3,0.0
2024-01-08 16:45:00,2024-01-08 16:45:00,110.19082496479515,0.0,0.0,82.10369763056856,0,0,-0.8660254037844384,-0.5000000000000004,0,0,1,6.3,0.0
2024-01-08 16:50:00,2024-01-08 16:50:00,118.75973347698812,0.0,0.0,85.27155356048956,0,0,-0.8660254037844384,-0.5000000000000004,0,0,1,6.3,0.0
2024-01-08 16:55:00,2024-01-08 16:55:00,115.74443461920744,0.0,0.0,83.34163106304702,0,0,-0.8660254037844384,-0.5000000000000004,0,0,1,6.3,0.0
2024-01-08 17:00:00,2024-01-08 17:00:00,118.08033380195188,5.0,50.0,75.1068126324533,0,0,-0.9659258262890683,-0.25881904510252063,0,0,1,4.5,40.0
2024-01-08 17:05:00,2024-01-08 17:05:00,123.77268103660361,0.0,0.0,80.05342943673004,0,0,-0.9659258262890683,-0.25881904510252063,0,0,1,4.5,40.0
2024-01-08 17:10:00,2024-01-08 17:10:00,115.41070270732699,0.0,0.0,76.12312752675999,0,0,-0.9659258262890683,-0.25881904510252063,0,0,1,4.5,40.0
2024-01-08 17:15:00,2024-01-08 17:15:00,122.9180066375682,0.0,0.0,81.9272744224737,0,0,-0.9659258262890683,-0.25881904510252063,0,0,1,4.5,40.0
2024-01-08 17:20:00,2024-01-08 17:20:00,123.04118227779259,0.0,0.0,78.79666078024367,0,0,-0.9659258262890683,-0.25881904510252063,0,0,1,4.5,40.0
2024-01-08 17:25:00,2024-01-08 17:25:00,126.20615662743518,0.0,0.0,82.07093535069582,0,0,-0.9659258262890683,-0.25881904510252063,0,0,1,4.5,40.0
2024-01-08 17:30:00,2024-01-08 17:30:00,113.06985805824029,0.0,0.0,73.24741386763921,0,0,-0.9659258262890683,-0.25881904510252063,0,0,1,4.5,40.0
2024-01-08 17:35:00,2024-01-08 17:35:00,122.8099042607556,0.0,0.0,86.24729221181836,0,0,-0.9659258262890683,-0.25881904510252063,0,0,1,4.5,40.0
2024-01-08 17:40:00,2024-01-08 17:40:00,135.2065404949182,0.0,0.0,80.20902916200636,0,0,-0.9659258262890683,-0.25881904510252063,0,0,1,4.5,40.0
2024-01-08 17:45:00,2024-01-08 17:45:00,133.33775497320522,0.0,0.0,74.98571586891534,0,0,-0.9659258262890683,-0.25881904510252063,0,0,1,4.5,40.0
2024-01-08 17:50:00,2024-01-08 17:50:00,130.05136925215692,0.0,0.0,78.10541040832312,0,0,-0.9659258262890683,-0.25881904510252063,0,0,1,4.5,40.0
2024-01-08 17:55:00,2024-01-08 17:55:00,130.59514542816964,0.0,0.0,74.07200542960202,0,0,-0.9659258262890683,-0.25881904510252063,0,0,1,4.5,40.0
2024-01-08 18:00:00,2024-01-08 18:00:00,139.93938032798985,0.0,0.0,78.86888279988003,0,0,-1.0,-1.8369701987210297e-16,0,0,1,4.5,40.0
2024-01-08 18:05:00,2024-01-08 18:05:00,148.1981821235688,0.0,0.0,91.33403162104761,0,0,-1.0,-1.8369701987210297e-16,0,0,1,4.5,40.0
2024-01-08 18:10:00,2024-01-08 18:10:00,143.6347624908741,0.0,0.0,79.68456383330798,0,0,-1.0,-1.8369701987210297e-16,0,0,1,4.5,40.0
2024-01-08 18:15:00,2024-01-08 18:15:00,152.4718075231202,0.0,0.0,82.67351414325651,0,0,-1.0,-1.8369701987210297e-16,0,0,1,4.5,40.0
2024-01-08 18:20:00,2024-01-08 18:20:00,161.98925307509464,0.0,0.0,87.48455787936285,0,0,-1.0,-1.8369701987210297e-16,0,0,1,4.5,40.0
2024-01-08 18:25:00,2024-01-08 18:25:00,150.5572809629216,0.0,0.0,75.63871726607428,0,0,-1.0,-1.8369701987210297e-16,0,0,1,4.5,40.0
2024-01-08 18:30:00,2024-01-08 18:30:00,152.18849715424275,0.0,0.0,86.69101057890661,0,0,-1.0,-1.8369701987210297e-16,0,0,1,4.5,40.0
2024-01-08 18:35:00,2024-01-08 18:35:00,162.9650398876773,0.0,0.0,79.90626259838439,0,0,-1.0,-1.8369701987210297e-16,0,0,1,4.5,40.0
2024-01-08 18:40:00,2024-01-08 18:40:00,152.97680755624816,0.0,0.0,85.68452313466707,0,0,-1.0,-1.8369701987210297e-16,0,0,1,4.5,40.0
2024-01-08 18:45:00,2024-01-08 18:45:00,145.14620321790855,0.0,0.0,80.96953501200107,0,0,-1.0,-1.8369701987210297e-16,0,0,1,4.5,40.0
2024-01-08 18:50:00,2024-01-08 18:50:00,134.20866958301704,0.0,0.0,75.56808546841776,0,0,-1.0,-1.8369701987210297e-16,0,0,1,4.5,40.0
2024-01-08 18:55:00,2024-01-08 18:55:00,143.57581703448867,0.0,0.0,75.1639270427345,0,0,-1.0,-1.8369701987210297e-16,0,0,1,4.5,40.0
2024-01-08 19:00:00,2024-01-08 19:00:00,142.4447535481261,0.0,0.0,73.21262323940435,0,0,-0.9659258262890684,0.2588190451025203,0,0,1,4.5,40.0
2024-01-08 19:05:00,2024-01-08 19:05:00,137.61561373258826,0.0,0.0,80.70511714237475,0,0,-0.9659258262890684,0.2588190451025203,0,0,1,4.5,40.0
2024-01-08 19:10:00,2024-01-08 19:10:00,137.4299843084354,0.0,0.0,77.03049555673884,0,0,-0.9659258262890684,0.2588190451025203,0,0,1,4.5,40.0
2024-01-08 19:15:00,2024-01-08 19:15:00,120.25485195579846,0.0,0.0,73.36533923393858,0,0,-0.9659258262890684,0.2588190451025203,0,0,1,4.5,40.0
2024-01-08 19:20:00,2024-01-08 19:20:00,127.34251864907927,0.0,0.0,89.03227402397115,0,0,-0.9659258262890684,0.2588190451025203,0,0,1,4.5,40.0
2024-01-08 19:25:00,2024-01-08 19:25:00,121.12786559897074,0.0,0.0,75.7528025641165,0,0,-0.9659258262890684,0.2588190451025203,0,0,1,4.5,40.0
2024-01-08 19:30:00,2024-01-08 19:30:00,118.74546178151206,0.0,0.0,85.76316574022006,0,0,-0.9659258262890684,0.2588190451025203,0,0,1,4.5,40.0
2024-01-08 19:35:00,2024-01-08 19:35:00,124.14931786133604,0.0,0.0,78.63274914053159,0,0,-0.9659258262890684,0.2588190451025203,0,0,1,4.5,40.0
2024-01-08 19:40:00,2024-01-08 19:40:00,119.57170553195593,0.0,0.0,81.52443423610029,0,0,-0.9659258262890684,0.2588190451025203,0,0,1,4.5,40.0
2024-01-08 19:45:00,2024-01-08 19:45:00,117.77166931090392,0.0,0.0,81.21020112469823,0,0,-0.9659258262890684,0.2588190451025203,0,0,1,4.5,40.0
2024-01-08 19:50:00,2024-01-08 19:50:00,110.86472681481017,0.0,0.0,70.56652608692198,0,0,-0.9659258262890684,0.2588190451025203,0,0,1,4.5,40.0
2024-01-08 19:55:00,2024-01-08 19:55:00,114.58143872296772,0.0,0.0,81.75393473581771,0,0,-0.9659258262890684,0.2588190451025203,0,0,1,4.5,40.0
2024-01-08 20:00:00,2024-01-08 20:00:00,117.93021261911603,0.0,0.0,84.3039820501301,0,0,-0.8660254037844386,0.5000000000000001,0,0,1,4.5,0.0
2024-01-08 20:05:00,2024-01-08 20:05:00,117.98442584349897,0.0,0.0,86.90375865520414,0,0,-0.8660254037844386,0.5000000000000001,0,0,1,4.5,0.0
2024-01-08 20:10:00,2024-01-08 20:10:00,115.54623515312947,0.0,0.0,82.81281494079718,0,0,-0.8660254037844386,0.5000000000000001,0,0,1,4.5,0.0
2024-01-08 20:15:00,2024-01-08 20:15:00,117.25981788104812,0.0,0.0,79.06490124333719,0,0,-0.8660254037844386,0.5000000000000001,0,0,1,4.5,0.0
2024-01-08 20:20:00,2024-01-08 20:20:00,117.54979650195764,0.0,0.0,81.28544738512564,0,0,-0.8660254037844386,0.5000000000000001,0,0,1,4.5,0.0
2024-01-08 20:25:00,2024-01-08 20:25:00,120.13902490666437,0.0,0.0,77.75997861685003,0,0,-0.8660254037844386,0.5000000000000001,0,0,1,4.5,0.0
2024-01-08 20:30:00,2024-01-08 20:30:00,112.81951671542747,0.0,0.0,80.22854048646579,0,0,-0.8660254037844386,0.5000000000000001,0,0,1,4.5,0.0
2024-01-08 20:35:00,2024-01-08 20:35:00,117.58483785557436,0.0,0.0,72.92809303764274,0,0,-0.8660254037844386,0.5000000000000001,0,0,1,4.5,0.0
2024-01-08 20:40:00,2024-01-08 20:40:00,115.48557861572128,0.0,0.0,81.8315094610669,0,0,-0.8660254037844386,0.5000000000000001,0,0,1,4.5,0.0
2024-01-08 20:45:00,2024-01-08 20:45:00,115.57173687433492,0.0,0.0,78.24334659525891,0,0,-0.8660254037844386,0.5000000000000001,0,0,1,4.5,0.0
2024-01-08 20:50:00,2024-01-08 20:50:00,122.01008944584738,0.0,0.0,91.49370214053918,0,0,-0.8660254037844386,0.5000000000000001,0,0,1,4.5,0.0
2024-01-08 20:55:00,2024-01-08 20:55:00,117.27129816624019,0.0,0.0,75.66200857414137,0,0,-0.8660254037844386,0.5000000000000001,0,0,1,4.5,0.0
2024-01-08 21:00:00,2024-01-08 21:00:00,128.51539408069772,0.0,0.0,81.70344522059087,0,0,-0.7071067811865477,0.7071067811865474,0,0,1,4.5,0.0
2024-01-08 21:05:00,2024-01-08 21:05:00,116.68735518536283,0.0,0.0,76.48789271411344,0,0,-0.7071067811865477,0.7071067811865474,0,0,1,4.5,0.0
2024-01-08 21:10:00,2024-01-08 21:10:00,113.88542693583815,0.0,0.0,77.14880145850601,0,0,-0.7071067811865477,0.7071067811865474,0,0,1,4.5,0.0
2024-01-08 21:15:00,2024-01-08 21:15:00,132.58257388318387,0.0,0.0,83.44462538137148,0,0,-0.7071067811865477,0.7071067811865474,0,0,1,4.5,0.0
2024-01-08 21:20:00,2024-01-08 21:20:00,116.69356913911655,0.0,0.0,75.79126958284134,0,0,-0.7071067811865477,0.7071067811865474,0,0,1,4.5,0.0
2024-01-08 21:25:00,2024-01-08 21:25:00,123.57910967242454,0.0,0.0,85.59101067811747,0,0,-0.7071067811865477,0.7071067811865474,0,0,1,4.5,0.0
2024-01-08 21:30:00,2024-01-08 21:30:00,125.52024305565305,0.0,0.0,81.14629321618663,0,0,-0.7071067811865477,0.7071067811865474,0,0,1,4.5,0.0
2024-01-08 21:35:00,2024-01-08 21:35:00,120.29791132974242,0.0,0.0,81.66460405128095,0,0,-0.7071067811865477,0.7071067811865474,0,0,1,4.5,0.0
2024-01-08 21:40:00,2024-01-08 21:40:00,119.18614470954687,0.0,0.0,84.25581767536542,0,0,-0.7071067811865477,0.7071067811865474,0,0,1,4.5,0.0
2024-01-08 21:45:00,2024-01-08 21:45:00,116.28729659058115,0.0,0.0,84.39216020882436,0,0,-0.7071067811865477,0.7071067811865474,0,0,1,4.5,0.0
2024-01-08 21:50:00,2024-01-08 21:50:00,119.11927927681475,0.0,0.0,88.04937602523252,0,0,-0.7071067811865477,0.7071067811865474,0,0,1,4.5,0.0
2024-01-08 21:55:00,2024-01-08 21:55:00,121.29574851641091,0.0,0.0,84.14882334458461,0,0,-0.7071067811865477,0.7071067811865474,0,0,1,4.5,0.0
2024-01-08 22:00:00,2024-01-08 22:00:00,118.87844531468623,0.0,0.0,82.2892253270806,0,0,-0.5000000000000004,0.8660254037844384,0,0,1,0.0,0.0
2024-01-08 22:05:00,2024-01-08 22:05:00,115.46607738564543,0.0,0.0,82.21704776013547,0,0,-0.5000000000000004,0.8660254037844384,0,0,1,0.0,0.0
2024-01-08 22:10:00,2024-01-08 22:10:00,123.14893821565101,0.0,0.0,76.61663028125128,0,0,-0.5000000000000004,0.8660254037844384,0,0,1,0.0,0.0
2024-01-08 22:15:00,2024-01-08 22:15:00,124.5587035597081,0.0,0.0,79.69398573102941,0,0,-0.5000000000000004,0.8660254037844384,0,0,1,0.0,0.0
2024-01-08 22:20:00,2024-01-08 22:20:00,119.29659620228284,0.0,0.0,90.2680135153212,0,0,-0.5000000000000004,0.8660254037844384,0,0,1,0.0,0.0
2024-01-08 22:25:00,2024-01-08 22:25:00,124.16762299108147,0.0,0.0,72.48396443778265,0,0,-0.5000000000000004,0.8660254037844384,0,0,1,0.0,0.0
2024-01-08 22:30:00,2024-01-08 22:30:00,128.8438755155134,0.0,0.0,81.29539840977799,0,0,-0.5000000000000004,0.8660254037844384,0,0,1,0.0,0.0
2024-01-08 22:35:00,2024-01-08 22:35:00,122.05378840664147,0.0,0.0,79.03853099723972,0,0,-0.5000000000000004,0.8660254037844384,0,0,1,0.0,0.0
2024-01-08 22:40:00,2024-01-08 22:40:00,126.35187120944515,0.0,0.0,76.40696522963107,0,0,-0.5000000000000004,0.8660254037844384,0,0,1,0.0,0.0
2024-01-08 22:45:00,2024-01-08 22:45:00,125.22912891037666,0.0,0.0,75.15893002310041,0,0,-0.5000000000000004,0.8660254037844384,0,0,1,0.0,0.0
2024-01-08 22:50:00,2024-01-08 22:50:00,115.7196373188661,0.0,0.0,81.8076814372057,0,0,-0.5000000000000004,0.8660254037844384,0,0,1,0.0,0.0
2024-01-08 22:55:00,2024-01-08 22:55:00,116.48974545610506,0.0,0.0,83.27871936632657,0,0,-0.5000000000000004,0.8660254037844384,0,0,1,0.0,0.0
2024-01-08 23:00:00,2024-01-08 23:00:00,123.0593237486756,0.0,0.0,80.70273778378105,0,0,-0.25881904510252157,0.9659258262890681,0,0,1,0.0,0.0
2024-01-08 23:05:00,2024-01-08 23:05:00,127.67135093294718,0.0,0.0,85.38532277953074,0,0,-0.25881904510252157,0.9659258262890681,0,0,1,0.0,0.0
2024-01-08 23:10:00,2024-01-08 23:10:00,127.84928462078543,0.0,0.0,78.4578351475179,0,0,-0.25881904510252157,0.9659258262890681,0,0,1,0.0,0.0
2024-01-08 23:15:00,2024-01-08 23:15:00,120.4338861833534,0.0,0.0,84.58277145885543,100,0,-0.25881904510252157,0.9659258262890681,0,0,1,0.0,0.0
2024-01-08 23:20:00,2024-01-08 23:20:00,122.90517022201283,0.0,0.0,80.96671295268322,0,0,-0.25881904510252157,0.9659258262890681,0,0,1,0.0,0.0
2024-01-08 23:25:00,2024-01-08 23:25:00,129.76406488640072,0.0,0.0,74.56304593558966,0,0,-0.25881904510252157,0.9659258262890681,0,0,1,0.0,0.0
2024-01-08 23:30:00,2024-01-08 23:30:00,124.2901700011138,0.0,0.0,80.14055404929246,100,0,-0.25881904510252157,0.9659258262890681,0,0,1,0.0,0.0
2024-01-08 23:35:00,2024-01-08 23:35:00,120.12633281111087,0.0,0.0,85.5389501276175,0,0,-0.25881904510252157,0.9659258262890681,0,0,1,0.0,0.0
2024-01-08 23:40:00,2024-01-08 23:40:00,129.48115419276732,0.0,0.0,84.84310606657033,0,0,-0.25881904510252157,0.9659258262890681,0,0,1,0.0,0.0
2024-01-08 23:45:00,2024-01-08 23:45:00,119.55248825834605,0.0,0.0,80.25415673122535,0,0,-0.25881904510252157,0.9659258262890681,0,0,1,0.0,0.0
2024-01-08 23:50:00,2024-01-08 23:50:00,123.97114117323954,0.0,0.0,82.14466985081695,0,0,-0.25881904510252157,0.9659258262890681,0,0,1,0.0,0.0
2024-01-08 23:55:00,2024-01-08 23:55:00,128.64324582736128,0.0,0.0,69.74838256547645,0,0,-0.25881904510252157,0.9659258262890681,0,0,1,0.0,0.0
2024-01-09 00:00:00,2024-01-09 00:00:00,123.74927322450083,0.0,0.0,78.39331080881945,0,0,0.0,1.0,0,0,1,0.0,0.0
2024-01-09 00:05:00,2024-01-09 00:05:00,124.04964702511475,0.0,0.0,79.56897214134143,0,0,0.0,1.0,0,0,1,0.0,0.0
2024-01-09 00:10:00,2024-01-09 00:10:00,135.23825729801501,0.0,0.0,82.19977312550434,0,0,0.0,1.0,0,0,1,0.0,0.0
2024-01-09 00:15:00,2024-01-09 00:15:00,124.66806160545639,0.0,0.0,78.69631158515466,0,0,0.0,1.0,0,0,1,0.0,0.0
2024-01-09 00:20:00,2024-01-09 00:20:00,129.18724484080673,0.0,0.0,84.9085099303996,0,0,0.0,1.0,0,0,1,0.0,0.0
2024-01-09 00:25:00,2024-01-09 00:25:00,129.2971156570545,0.0,0.0,80.448268446476,0,0,0.0,1.0,0,0,1,0.0,0.0
2024-01-09 00:30:00,2024-01-09 00:30:00,121.80249834471115,0.0,0.0,92.52205757108472,0,0,0.0,1.0,0,0,1,0.0,0.0
2024-01-09 00:35:00,2024-01-09 00:35:00,128.70024065450912,0.0,0.0,83.54351633704643,0,0,0.0,1.0,0,0,1,0.0,0.0
2024-01-09 00:40:00,2024-01-09 00:40:00,131.99480347790967,0.0,0.0,75.88121546536931,100,0,0.0,1.0,0,0,1,0.0,0.0
2024-01-09 00:45:00,2024-01-09 00:45:00,135.26846186795788,0.0,0.0,92.16728591230972,0,0,0.0,1.0,0,0,1,0.0,0.0
2024-01-09 00:50:00,2024-01-09 00:50:00,127.07009443542006,0.0,0.0,80.27509605991992,0,0,0.0,1.0,0,0,1,0.0,0.0
2024-01-09 00:55:00,2024-01-09 00:55:00,127.00008575186565,0.0,0.0,83.01115885514442,0,0,0.0,1.0,0,0,1,0.0,0.0
2024-01-09 01:00:00,2024-01-09 01:00:00,135.20441350531823,0.0,0.0,78.81434365766891,0,0,0.25881904510252074,0.9659258262890683,0,0,1,0.0,0.0
2024-01-09 01:05:00,2024-01-09 01:05:00,148.6247323410957,0.0,0.0,76.44173486596459,0,0,0.25881904510252074,0.9659258262890683,0,0,1,0.0,0.0
2024-01-09 01:10:00,2024-01-09 01:10:00,134.09441691882927,0.0,0.0,77.59406507327928,0,0,0.25881904510252074,0.9659258262890683,0,0,1,0.0,0.0
2024-01-09 01:15:00,2024-01-09 01:15:00,128.87964829069512,0.0,0.0,74.98800596299989,0,0,0.25881904510252074,0.9659258262890683,0,0,1,0.0,0.0
2024-01-09 01:20:00,2024-01-09 01:20:00,122.3362805105256,0.0,0.0,73.91680420837726,0,0,0.25881904510252074,0.9659258262890683,0,0,1,0.0,0.0
2024-01-09 01:25:00,2024-01-09 01:25:00,135.03471491639286,0.0,0.0,89.53126703696917,0,0,0.25881904510252074,0.9659258262890683,0,0,1,0.0,0.0
2024-01-09 01:30:00,2024-01-09 01:30:00,134.70323983038594,0.0,0.0,81.27907414382246,0,0,0.25881904510252074,0.9659258262890683,0,0,1,0.0,0.0
2024-01-09 01:35:00,2024-01-09 01:35:00,131.19880544494112,0.0,0.0,82.26726597407227,0,0,0.25881904510252074,0.9659258262890683,0,0,1,0.0,0.0
2024-01-09 01:40:00,2024-01-09 01:40:00,131.93428653796207,0.0,0.0,90.37219986525534,0,0,0.25881904510252074,0.9659258262890683,0,0,1,0.0,0.0
2024-01-09 01:45:00,2024-01-09 01:45:00,134.7637419961687,0.0,0.0,79.9692310410716,0,0,0.25881904510252074,0.9659258262890683,0,0,1,0.0,0.0
2024-01-09 01:50:00,2024-01-09 01:50:00,133.54313757303956,0.0,0.0,78.44586857504596,0,0,0.25881904510252074,0.9659258262890683,0,0,1,0.0,0.0
2024-01-09 01:55:00,2024-01-09 01:55:00,142.53873344385255,0.0,0.0,83.24581251569423,0,0,0.25881904510252074,0.9659258262890683,0,0,1,0.0,0.0
2024-01-09 02:00:00,2024-01-09 02:00:00,136.3946582574481,0.0,0.0,76.05917382554513,100,0,0.49999999999999994,0.8660254037844387,0,0,1,0.0,0.0
2024-01-09 02:05:00,2024-01-09 02:05:00,134.48412604686035,0.0,0.0,84.78209948178691,0,0,0.49999999999999994,0.8660254037844387,0,0,1,0.0,0.0
2024-01-09 02:10:00,2024-01-09 02:10:00,138.23179823835972,0.0,0.0,92.0879444343127,0,0,0.49999999999999994,0.8660254037844387,0,0,1,0.0,0.0
2024-01-09 02:15:00,2024-01-09 02:15:00,140.00213305208922,0.0,0.0,79.17165911998762,0,0,0.49999999999999994,0.8660254037844387,0,0,1,0.0,0.0
2024-01-09 02:20:00,2024-01-09 02:20:00,123.847722449224,0.0,0.0,85.29645682600805,100,0,0.49999999999999994,0.8660254037844387,0,0,1,0.0,0.0
2024-01-09 02:25:00,2024-01-09 02:25:00,138.7107165499822,0.0,0.0,77.21480823635693,100,0,0.49999999999999994,0.8660254037844387,0,0,1,0.0,0.0
2024-01-09 02:30:00,2024-01-09 02:30:00,140.2482816812532,0.0,0.0,68.71854076443852,100,0,0.49999999999999994,0.8660254037844387,0,0,1,0.0,0.0
2024-01-09 02:35:00,2024-01-09 02:35:00,125.46511457441731,0.0,0.0,84.30346861018691,100,0,0.49999999999999994,0.8660254037844387,0,0,1,0.0,0.0
2024-01-09 02:40:00,2024-01-09 02:40:00,139.63405900726485,0.0,0.0,81.5174020284755,0,0,0.49999999999999994,0.8660254037844387,0,0,1,0.0,0.0
2024-01-09 02:45:00,2024-01-09 02:45:00,145.25977828579596,0.0,0.0,67.41868660307547,0,0,0.49999999999999994,0.8660254037844387,0,0,1,0.0,0.0
2024-01-09 02:50:00,2024-01-09 02:50:00,137.4885550149174,0.0,0.0,73.48950357383842,0,0,0.49999999999999994,0.8660254037844387,0,0,1,0.0,0.0
2024-01-09 02:55:00,2024-01-09 02:55:00,135.10674798224403,0.0,0.0,79.38447987652788,0,0,0.49999999999999994,0.8660254037844387,0,0,1,0.0,0.0
2024-01-09 03:00:00,2024-01-09 03:00:00,138.69962235576094,5.0,50.0,73.70383937611044,0,0,0.7071067811865475,0.7071067811865476,0,0,1,4.5,40.0
2024-01-09 03:05:00,2024-01-09 03:05:00,146.25580581845657,0.0,0.0,86.83213166422435,0,0,0.7071067811865475,0.7071067811865476,0,0,1,4.5,40.0
2024-01-09 03:10:00,2024-01-09 03:10:00,139.80243374683346,0.0,0.0,77.08485268528244,0,0,0.7071067811865475,0.7071067811865476,0,0,1,4.5,40.0
2024-01-09 03:15:00,2024-01-09 03:15:00,141.1902467931893,0.0,0.0,71.30844533808197,0,0,0.7071067811865475,0.7071067811865476,0,0,1,4.5,40.0
2024-01-09 03:20:00,2024-01-09 03:20:00,145.43559335804088,0.0,0.0,80.09001163276484,0,0,0.7071067811865475,0.7071067811865476,0,0,1,4.5,40.0
2024-01-09 03:25:00,2024-01-09 03:25:00,147.4528522801464,0.0,0.0,80.02524012272117,0,0,0.7071067811865475,0.7071067811865476,0,0,1,4.5,40.0
2024-01-09 03:30:00,2024-01-09 03:30:00,150.8184074208734,0.0,0.0,78.13324220974063,0,0,0.7071067811865475,0.7071067811865476,0,0,1,4.5,40.0
2024-01-09 03:35:00,2024-01-09 03:35:00,161.8027328867279,0.0,0.0,79.50994984067229,0,0,0.7071067811865475,0.7071067811865476,0,0,1,4.5,40.0
2024-01-09 03:40:00,2024-01-09 03:40:00,151.4146452096734,0.0,0.0,80.3070098842622,0,0,0.7071067811865475,0.7071067811865476,0,0,1,4.5,40.0
2024-01-09 03:45:00,2024-01-09 03:45:00,155.0171984377715,0.0,0.0,77.12714397783958,0,0,0.7071067811865475,0.7071067811865476,0,0,1,4.5,40.0
2024-01-09 03:50:00,2024-01-09 03:50:00,159.43229491714345,0.0,0.0,84.01468926839024,100,0,0.7071067811865475,0.7071067811865476,0,0,1,4.5,40.0
2024-01-09 03:55:00,2024-01-09 03:55:00,163.1919651053401,0.0,0.0,85.5233080511679,0,0,0.7071067811865475,0.7071067811865476,0,0,1,4.5,40.0
2024-01-09 04:00:00,2024-01-09 04:00:00,162.93272138975195,0.0,0.0,85.03053956286428,0,0,0.8660254037844386,0.5000000000000001,0,0,1,4.5,40.0
2024-01-09 04:05:00,2024-01-09 04:05:00,173.0871710070654,0.0,0.0,78.46237201017922,0,0,0.8660254037844386,0.5000000000000001,0,0,1,4.5,40.0
2024-01-09 04:10:00,2024-01-09 04:10:00,176.6092318170828,0.0,0.0,85.71193573463569,0,0,0.8660254037844386,0.5000000000000001,0,0,1,4.5,40.0
2024-01-09 04:15:00,2024-01-09 04:15:00,178.99222989703543,0.0,0.0,82.90557870197198,0,0,0.8660254037844386,0.5000000000000001,0,0,1,4.5,40.0
2024-01-09 04:20:00,2024-01-09 04:20:00,177.287687621172,0.0,0.0,85.51549713701212,100,0,0.8660254037844386,0.5000000000000001,0,0,1,4.5,40.0
2024-01-09 04:25:00,2024-01-09 04:25:00,181.27583935268586,0.0,0.0,80.4072929706911,0,0,0.8660254037844386,0.5000000000000001,0,0,1,4.5,40.0
2024-01-09 04:30:00,2024-01-09 04:30:00,184.2120060294439,0.0,0.0,72.06024925389491,0,0,0.8660254037844386,0.5000000000000001,0,0,1,4.5,40.0
2024-01-09 04:35:00,2024-01-09 04:35:00,192.46425519734547,0.0,0.0,82.54355478499407,0,0,0.8660254037844386,0.5000000000000001,0,0,1,4.5,40.0
2024-01-09 04:40:00,2024-01-09 04:40:00,177.64336726802946,0.0,0.0,77.6447284532853,0,0,0.8660254037844386,0.5000000000000001,0,0,1,4.5,40.0
2024-01-09 04:45:00,2024-01-09 04:45:00,170.77191253322698,0.0,0.0,81.68072353625834,0,0,0.8660254037844386,0.5000000000000001,0,0,1,4.5,40.0
2024-01-09 04:50:00,2024-01-09 04:50:00,184.07918731290715,0.0,0.0,75.12483714938854,0,0,0.8660254037844386,0.5000000000000001,0,0,1,4.5,40.0
2024-01-09 04:55:00,2024-01-09 04:55:00,167.98067150343107,0.0,0.0,76.20966149949152,100,0,0.8660254037844386,0.5000000000000001,0,0,1,4.5,40.0
2024-01-09 05:00:00,2024-01-09 05:00:00,175.02646945778457,0.0,0.0,77.48093413209428,0,0,0.9659258262890683,0.25881904510252074,0,0,1,4.5,40.0
2024-01-09 05:05:00,2024-01-09 05:05:00,159.4456181412659,0.0,0.0,87.03225747215262,0,0,0.9659258262890683,0.25881904510252074,0,0,1,4.5,40.0
2024-01-09 05:10:00,2024-01-09 05:10:00,155.91528601917037,0.0,0.0,72.19414263098096,0,0,0.9659258262890683,0.25881904510252074,0,0,1,4.5,40.0
2024-01-09 05:15:00,2024-01-09 05:15:00,148.453461240596,0.0,0.0,75.17769425655909,0,0,0.9659258262890683,0.25881904510252074,0,0,1,4.5,40.0
2024-01-09 05:20:00,2024-01-09 05:20:00,141.9855304486901,0.0,0.0,80.3115554440996,0,0,0.9659258262890683,0.25881904510252074,0,0,1,4.5,40.0
2024-01-09 05:25:00,2024-01-09 05:25:00,154.90978325752806,0.0,0.0,75.54629258186365,0,0,0.9659258262890683,0.25881904510252074,0,0,1,4.5,40.0
2024-01-09 05:30:00,2024-01-09 05:30:00,147.11741797054322,0.0,0.0,92.02407682157151,0,0,0.9659258262890683,0.25881904510252074,0,0,1,4.5,40.0
2024-01-09 05:35:00,2024-01-09 05:35:00,145.8861166952996,0.0,0.0,78.71463809959081,0,0,0.9659258262890683,0.25881904510252074,0,0,1,4.5,40.0
2024-01-09 05:40:00,2024-01-09 05:40:00,150.30058942459294,0.0,0.0,77.8211322562137,0,0,0.9659258262890683,0.25881904510252074,0,0,1,4.5,40.0
2024-01-09 05:45:00,2024-01-09 05:45:00,143.5202939355692,0.0,0.0,79.60521123975369,0,0,0.9659258262890683,0.25881904510252074,0,0,1,4.5,40.0
2024-01-09 05:50:00,2024-01-09 05:50:00,139.6627961280047,0.0,0.0,74.0091783881417,0,0,0.9659258262890683,0.25881904510252074,0,0,1,4.5,40.0
2024-01-09 05:55:00,2024-01-09 05:55:00,153.9581870638192,0.0,0.0,77.41847234397883,0,0,0.9659258262890683,0.25881904510252074,0,0,1,4.5,40.0
2024-01-09 06:00:00,2024-01-09 06:00:00,148.3863050410082,0.0,0.0,86.42425796021443,0,0,1.0,6.123233995736766e-17,0,0,1,4.5,0.0
2024-01-09 06:05:00,2024-01-09 06:05:00,143.45229445380707,0.0,0.0,81.8261896812108,0,0,1.0,6.123233995736766e-17,0,0,1,4.5,0.0
2024-01-09 06:10:00,2024-01-09 06:10:00,137.4895451125456,0.0,0.0,88.38122315819832,0,0,1.0,6.123233995736766e-17,0,0,1,4.5,0.0
2024-01-09 06:15:00,2024-01-09 06:15:00,154.13939221432398,0.0,0.0,84.71238303602472,0,0,1.0,6.123233995736766e-17,0,0,1,4.5,0.0
2024-01-09 06:20:00,2024-01-09 06:20:00,144.59606816384158,0.0,0.0,74.62013234722478,0,0,1.0,6.123233995736766e-17,0,0,1,4.5,0.0
2024-01-09 06:25:00,2024-01-09 06:25:00,150.37220648535555,0.0,0.0,78.39389019100626,0,0,1.0,6.123233995736766e-17,0,0,1,4.5,0.0
2024-01-09 06:30:00,2024-01-09 06:30:00,142.71674609572054,0.0,0.0,75.55709520652043,0,0,1.0,6.123233995736766e-17,0,0,1,4.5,0.0
2024-01-09 06:35:00,2024-01-09 06:35:00,130.46532619430144,0.0,0.0,79.85888371882626,0,0,1.0,6.123233995736766e-17,0,0,1,4.5,0.0
2024-01-09 06:40:00,2024-01-09 06:40:00,144.72010919214077,0.0,0.0,73.24888102616494,0,0,1.0,6.123233995736766e-17,0,0,1,4.5,0.0
2024-01-09 06:45:00,2024-01-09 06:45:00,139.71887996569257,0.0,0.0,69.70576735576402,0,0,1.0,6.123233995736766e-17,0,0,1,4.5,0.0
2024-01-09 06:50:00,2024-01-09 06:50:00,142.2411157932897,0.0,0.0,81.21883924306829,0,0,1.0,6.123233995736766e-17,0,0,1,4.5,0.0
2024-01-09 06:55:00,2024-01-09 06:55:00,142.82032299765365,0.0,0.0,83.64555913840195,0,0,1.0,6.123233995736766e-17,0,0,1,4.5,0.0
2024-01-09 07:00:00,2024-01-09 07:00:00,147.39658926622036,0.0,0.0,80.85733626401812,0,0,0.9659258262890683,-0.25881904510252063,0,0,1,4.5,0.0
2024-01-09 07:05:00,2024-01-09 07:05:00,141.39753536536105,0.0,0.0,75.75812775439206,0,0,0.9659258262890683,-0.25881904510252063,0,0,1,4.5,0.0
2024-01-09 07:10:00,2024-01-09 07:10:00,142.11299703671807,0.0,0.0,81.10669463813989,0,0,0.9659258262890683,-0.25881904510252063,0,0,1,4.5,0.0
2024-01-09 07:15:00,2024-01-09 07:15:00,149.51093243287957,0.0,0.0,84.28465053693391,0,0,0.9659258262890683,-0.25881904510252063,0,0,1,4.5,0.0
2024-01-09 07:20:00,2024-01-09 07:20:00,151.00237041865583,0.0,0.0,81.46138474980778,0,0,0.9659258262890683,-0.25881904510252063,0,0,1,4.5,0.0
2024-01-09 07:25:00,2024-01-09 07:25:00,142.7965819327575,0.0,0.0,83.15627701482957,0,0,0.9659258262890683,-0.25881904510252063,0,0,1,4.5,0.0
2024-01-09 07:30:00,2024-01-09 07:30:00,147.10758293780788,0.0,0.0,88.33801983004392,0,0,0.9659258262890683,-0.25881904510252063,0,0,1,4.5,0.0
2024-01-09 07:35:00,2024-01-09 07:35:00,149.28198055644782,0.0,0.0,79.74382455254683,0,0,0.9659258262890683,-0.25881904510252063,0,0,1,4.5,0.0
2024-01-09 07:40:00,2024-01-09 07:40:00,142.4077307219931,0.0,0.0,80.5753456340911,100,0,0.9659258262890683,-0.25881904510252063,0,0,1,4.5,0.0
2024-01-09 07:45:00,2024-01-09 07:45:00,148.28779449825956,0.0,0.0,71.53162883210801,0,0,0.9659258262890683,-0.25881904510252063,0,0,1,4.5,0.0
2024-01-09 07:50:00,2024-01-09 07:50:00,145.77768804364288,0.0,0.0,80.18529138780187,0,0,0.9659258262890683,-0.25881904510252063,0,0,1,4.5,0.0
2024-01-09 07:55:00,2024-01-09 07:55:00,143.9719706403257,0.0,0.0,84.15188641104896,0,0,0.9659258262890683,-0.25881904510252063,0,0,1,4.5,0.0
2024-01-09 08:00:00,2024-01-09 08:00:00,143.46603658803522,7.0,70.0,82.95956260969804,0,0,0.8660254037844387,-0.49999999999999983,0,0,1,6.3,56.0
2024-01-09 08:05:00,2024-01-09 08:05:00,136.71974158256876,0.0,0.0,83.05927601822343,0,0,0.8660254037844387,-0.49999999999999983,0,0,1,6.3,56.0
2024-01-09 08:10:00,2024-01-09 08:10:00,150.77379730387938,0.0,0.0,69.83999879492066,0,0,0.8660254037844387,-0.49999999999999983,0,0,1,6.3,56.0
2024-01-09 08:15:00,2024-01-09 08:15:00,151.3318309251764,0.0,0.0,77.63180666861638,0,0,0.8660254037844387,-0.49999999999999983,0,0,1,6.3,56.0
2024-01-09 08:20:00,2024-01-09 08:20:00,147.65072034435738,0.0,0.0,74.46268896069398,0,0,0.8660254037844387,-0.49999999999999983,0,0,1,6.3,56.0
2024-01-09 08:25:00,2024-01-09 08:25:00,148.58712107089747,0.0,0.0,68.41020717995066,0,0,0.8660254037844387,-0.49999999999999983,0,0,1,6.3,56.0
2024-01-09 08:30:00,2024-01-09 08:30:00,143.57811212827318,0.0,0.0,78.57975013367053,0,0,0.8660254037844387,-0.49999999999999983,0,0,1,6.3,56.0
2024-01-09 08:35:00,2024-01-09 08:35:00,163.72920551420725,0.0,0.0,74.44040113661093,0,0,0.8660254037844387,-0.49999999999999983,0,0,1,6.3,56.0
2024-01-09 08:40:00,2024-01-09 08:40:00,158.2011795024316,0.0,0.0,76.71883142775644,100,0,0.8660254037844387,-0.49999999999999983,0,0,1,6.3,56.0
2024-01-09 08:45:00,2024-01-09 08:45:00,158.7572639995201,0.0,0.0,81.7632676410861,0,0,0.8660254037844387,-0.49999999999999983,0,0,1,6.3,56.0
2024-01-09 08:50:00,2024-01-09 08:50:00,166.0352873750032,0.0,0.0,71.78930117930668,0,0,0.8660254037844387,-0.49999999999999983,0,0,1,6.3,56.0
2024-01-09 08:55:00,2024-01-09 08:55:00,172.01897760837423,0.0,0.0,89.33846118921339,0,0,0.8660254037844387,-0.49999999999999983,0,0,1,6.3,56.0
2024-01-09 09:00:00,2024-01-09 09:00:00,178.74657075147542,0.0,0.0,82.80207668700861,0,0,0.7071067811865476,-0.7071067811865475,0,0,1,6.3,56.0
2024-01-09 09:05:00,2024-01-09 09:05:00,183.1281330038701,0.0,0.0,85.2118267173241,100,0,0.7071067811865476,-0.7071067811865475,0,0,1,6.3,56.0
2024-01-09 09:10:00,2024-01-09 09:10:00,185.29564507414062,0.0,0.0,80.29641005654776,0,0,0.7071067811865476,-0.7071067811865475,0,0,1,6.3,56.0
2024-01-09 09:15:00,2024-01-09 09:15:00,188.78235872336344,0.0,0.0,69.75990992990462,0,0,0.7071067811865476,-0.7071067811865475,0,0,1,6.3,56.0
2024-01-09 09:20:00,2024-01-09 09:20:00,199.25711942096632,0.0,0.0,79.821573498284,0,0,0.7071067811865476,-0.7071067811865475,0,0,1,6.3,56.0
2024-01-09 09:25:00,2024-01-09 09:25:00,200.84776124984637,0.0,0.0,89.80243020739917,0,0,0.7071067811865476,-0.7071067811865475,0,0,1,6.3,56.0
2024-01-09 09:30:00,2024-01-09 09:30:00,195.77602203857387,0.0,0.0,74.22954613792132,0,0,0.7071067811865476,-0.7071067811865475,0,0,1,6.3,56.0
2024-01-09 09:35:00,2024-01-09 09:35:00,192.1886720415141,0.0,0.0,64.80032426466062,0,0,0.7071067811865476,-0.7071067811865475,0,0,1,6.3,56.0
2024-01-09 09:40:00,2024-01-09 09:40:00,188.3185926871922,0.0,0.0,75.73816298318138,0,0,0.7071067811865476,-0.7071067811865475,0,0,1,6.3,56.0
2024-01-09 09:45:00,2024-01-09 09:45:00,199.27345528137653,0.0,0.0,72.71510520682475,0,0,0.7071067811865476,-0.7071067811865475,0,0,1,6.3,56.0
2024-01-09 09:50:00,2024-01-09 09:50:00,180.58753536331463,0.0,0.0,80.7455430039962,0,0,0.7071067811865476,-0.7071067811865475,0,0,1,6.3,56.0
2024-01-09 09:55:00,2024-01-09 09:55:00,183.76239864110974,0.0,0.0,78.1411293220467,0,0,0.7071067811865476,-0.7071067811865475,0,0,1,6.3,56.0
2024-01-09 10:00:00,2024-01-09 10:00:00,168.11791632017028,0.0,0.0,83.9245355562995,0,0,0.49999999999999994,-0.8660254037844387,0,0,1,6.3,56.0
2024-01-09 10:05:00,2024-01-09 10:05:00,158.4126132342978,0.0,0.0,79.21047619001347,0,0,0.49999999999999994,-0.8660254037844387,0,0,1,6.3,56.0
2024-01-09 10:10:00,2024-01-09 10:10:00,152.9289398736167,0.0,0.0,76.88176698411644,0,0,0.49999999999999994,-0.8660254037844387,0,0,1,6.3,56.0
2024-01-09 10:15:00,2024-01-09 10:15:00,157.30373938084625,0.0,0.0,78.15403578583485,0,0,0.49999999999999994,-0.8660254037844387,0,0,1,6.3,56.0
2024-01-09 10:20:00,2024-01-09 10:20:00,142.00786629634217,0.0,0.0,82.46757674365678,100,0,0.49999999999999994,-0.8660254037844387,0,0,1,6.3,56.0
2024-01-09 10:25:00,2024-01-09 10:25:00,144.52218099917596,0.0,0.0,81.34253182261995,100,0,0.49999999999999994,-0.8660254037844387,0,0,1,6.3,56.0
2024-01-09 10:30:00,2024-01-09 10:30:00,142.06294902135966,0.0,0.0,90.72974545001566,0,0,0.49999999999999994,-0.8660254037844387,0,0,1,6.3,56.0
2024-01-09 10:35:00,2024-01-09 10:35:00,140.2637603077756,0.0,0.0,79.14812642440118,0,0,0.49999999999999994,-0.8660254037844387,0,0,1,6.3,56.0
2024-01-09 10:40:00,2024-01-09 10:40:00,142.53556095709496,0.0,0.0,72.7569313678634,0,0,0.49999999999999994,-0.8660254037844387,0,0,1,6.3,56.0
2024-01-09 10:45:00,2024-01-09 10:45:00,140.21973292388998,0.0,0.0,79.6358634039591,0,0,0.49999999999999994,-0.8660254037844387,0,0,1,6.3,56.0
2024-01-09 10:50:00,2024-01-09 10:50:00,137.75192896581967,0.0,0.0,86.89313892796616,0,0,0.49999999999999994,-0.8660254037844387,0,0,1,6.3,56.0
2024-01-09 10:55:00,2024-01-09 10:55:00,137.8618633234199,0.0,0.0,78.83794140156436,0,0,0.49999999999999994,-0.8660254037844387,0,0,1,6.3,56.0
2024-01-09 11:00:00,2024-01-09 11:00:00,138.61324154231772,0.0,0.0,75.67010693129615,0,0,0.258819045102521,-0.9659258262890682,0,0,1,6.3,0.0
2024-01-09 11:05:00,2024-01-09 11:05:00,135.22064834837732,0.0,0.0,81.47903256449415,0,0,0.258819045102521,-0.9659258262890682,0,0,1,6.3,0.0
2024-01-09 11:10:00,2024-01-09 11:10:00,131.01337825588448,0.0,0.0,83.73670736267506,100,0,0.258819045102521,-0.9659258262890682,0,0,1,6.3,0.0
2024-01-09 11:15:00,2024-01-09 11:15:00,134.03547231258756,0.0,0.0,73.96014123536125,0,0,0.258819045102521,-0.9659258262890682,0,0,1,6.3,0.0
2024-01-09 11:20:00,2024-01-09 11:20:00,130.8065133836684,0.0,0.0,83.1426755988582,0,0,0.258819045102521,-0.9659258262890682,0,0,1,6.3,0.0
2024-01-09 11:25:00,2024-01-09 11:25:00,128.2792900476252,0.0,0.0,79.49829881154011,0,0,0.258819045102521,-0.9659258262890682,0,0,1,6.3,0.0
2024-01-09 11:30:00,2024-01-09 11:30:00,131.46584172561728,0.0,0.0,85.34192002010992,0,0,0.258819045102521,-0.9659258262890682,0,0,1,6.3,0.0
2024-01-09 11:35:00,2024-01-09 11:35:00,131.9823668754048,0.0,0.0,71.33599964893013,0,0,0.258819045102521,-0.9659258262890682,0,0,1,6.3,0.0
2024-01-09 11:40:00,2024-01-09 11:40:00,127.7026966023647,0.0,0.0,74.72881874548693,0,0,0.258819045102521,-0.9659258262890682,0,0,1,6.3,0.0
2024-01-09 11:45:00,2024-01-09 11:45:00,135.72417370103494,0.0,0.0,74.04423622732696,0,0,0.258819045102521,-0.9659258262890682,0,0,1,6.3,0.0
2024-01-09 11:50:00,2024-01-09 11:50:00,134.73822437690825,0.0,0.0,80.41863312483041,0,0,0.258819045102521,-0.9659258262890682,0,0,1,6.3,0.0
2024-01-09 11:55:00,2024-01-09 11:55:00,137.54059795355897,0.0,0.0,86.4120326419033,0,0,0.258819045102521,-0.9659258262890682,0,0,1,6.3,0.0
2024-01-09 12:00:00,2024-01-09 12:00:00,129.70998969629463,0.0,0.0,85.69871837755898,0,0,1.2246467991473532e-16,-1.0,0,0,1,6.3,0.0
2024-01-09 12:05:00,2024-01-09 12:05:00,131.2136597533097,0.0,0.0,76.09499828721928,0,0,1.2246467991473532e-16,-1.0,0,0,1,6.3,0.0
2024-01-09 12:10:00,2024-01-09 12:10:00,141.0485735036657,0.0,0.0,75.59282559053344,0,0,1.2246467991473532e-16,-1.0,0,0,1,6.3,0.0
2024-01-09 12:15:00,2024-01-09 12:15:00,127.70666785008824,0.0,0.0,81.18369114872154,100,0,1.2246467991473532e-16,-1.0,0,0,1,6.3,0.0
2024-01-09 12:20:00,2024-01-09 12:20:00,125.88970267178387,0.0,0.0,78.20369893322682,0,0,1.2246467991473532e-16,-1.0,0,0,1,6.3,0.0
2024-01-09 12:25:00,2024-01-09 12:25:00,128.29562677291636,0.0,0.0,73.63073627962595,0,0,1.2246467991473532e-16,-1.0,0,0,1,6.3,0.0
2024-01-09 12:30:00,2024-01-09 12:30:00,135.1823453463955,0.0,0.0,75.97713479100628,100,0,1.2246467991473532e-16,-1.0,0,0,1,6.3,0.0
2024-01-09 12:35:00,2024-01-09 12:35:00,127.47120566201885,0.0,0.0,83.07418748847327,100,0,1.2246467991473532e-16,-1.0,0,0,1,6.3,0.0
2024-01-09 12:40:00,2024-01-09 12:40:00,124.39572458743129,0.0,0.0,87.9304053886556,100,0,1.2246467991473532e-16,-1.0,0,0,1,6.3,0.0
2024-01-09 12:45:00,2024-01-09 12:45:00,132.95838511438643,0.0,0.0,86.40603985695112,0,0,1.2246467991473532e-16,-1.0,0,0,1,6.3,0.0
2024-01-09 12:50:00,2024-01-09 12:50:00,131.29353304778405,0.0,0.0,71.9283661491354,0,0,1.2246467991473532e-16,-1.0,0,0,1,6.3,0.0
2024-01-09 12:55:00,2024-01-09 12:55:00,124.50930747100242,0.0,0.0,89.55431957444574,0,0,1.2246467991473532e-16,-1.0,0,0,1,6.3,0.0
2024-01-09 13:00:00,2024-01-09 13:00:00,122.66757916186654,0.0,0.0,80.1619324351985,0,0,-0.2588190451025208,-0.9659258262890683,0,0,1,0.0,0.0
2024-01-09 13:05:00,2024-01-09 13:05:00,133.06996642182497,0.0,0.0,85.61014523229986,0,0,-0.2588190451025208,-0.9659258262890683,0,0,1,0.0,0.0
2024-01-09 13:10:00,2024-01-09 13:10:00,122.62272449947854,0.0,0.0,84.62187591908113,0,0,-0.2588190451025208,-0.9659258262890683,0,0,1,0.0,0.0
2024-01-09 13:15:00,2024-01-09 13:15:00,131.7946703567828,0.0,0.0,84.4836435063817,0,0,-0.2588190451025208,-0.9659258262890683,0,0,1,0.0,0.0
2024-01-09 13:20:00,2024-01-09 13:20:00,129.8561944548432,0.0,0.0,74.51510088271614,0,0,-0.2588190451025208,-0.9659258262890683,0,0,1,0.0,0.0
2024-01-09 13:25:00,2024-01-09 13:25:00,129.08901285556763,0.0,0.0,76.83677800054883,0,0,-0.2588190451025208,-0.9659258262890683,0,0,1,0.0,0.0
2024-01-09 13:30:00,2024-01-09 13:30:00,128.60867951629584,0.0,0.0,87.55016757483482,0,0,-0.2588190451025208,-0.9659258262890683,0,0,1,0.0,0.0
2024-01-09 13:35:00,2024-01-09 13:35:00,121.40737317311674,0.0,0.0,86.3417163480784,0,0,-0.2588190451025208,-0.9659258262890683,0,0,1,0.0,0.0
2024-01-09 13:40:00,2024-01-09 13:40:00,116.89407700309292,0.0,0.0,86.54352865378756,0,0,-0.2588190451025208,-0.9659258262890683,0,0,1,0.0,0.0
2024-01-09 13:45:00,2024-01-09 13:45:00,115.45743867905504,0.0,0.0,82.53419466796319,0,0,-0.2588190451025208,-0.9659258262890683,0,0,1,0.0,0.0
2024-01-09 13:50:00,2024-01-09 13:50:00,119.2063694379878,0.0,0.0,80.42941475913261,0,0,-0.2588190451025208,-0.9659258262890683,0,0,1,0.0,0.0
2024-01-09 13:55:00,2024-01-09 13:55:00,119.95089451251401,0.0,0.0,84.85449478192822,0,0,-0.2588190451025208,-0.9659258262890683,0,0,1,0.0,0.0
2024-01-09 14:00:00,2024-01-09 14:00:00,116.81633238159765,0.0,0.0,76.21513729107195,0,0,-0.4999999999999998,-0.8660254037844388,0,0,1,0.0,0.0
2024-01-09 14:05:00,2024-01-09 14:05:00,120.90626452795055,0.0,0.0,78.06332719949252,0,0,-0.4999999999999998,-0.8660254037844388,0,0,1,0.0,0.0
2024-01-09 14:10:00,2024-01-09 14:10:00,126.3519025953112,0.0,0.0,93.59671511111029,0,0,-0.4999999999999998,-0.8660254037844388,0,0,1,0.0,0.0
2024-01-09 14:15:00,2024-01-09 14:15:00,118.04130085326959,0.0,0.0,82.81407749594548,0,0,-0.4999999999999998,-0.8660254037844388,0,0,1,0.0,0.0
2024-01-09 14:20:00,2024-01-09 14:20:00,128.19488699557024,0.0,0.0,81.10641378884931,0,0,-0.4999999999999998,-0.8660254037844388,0,0,1,0.0,0.0
2024-01-09 14:25:00,2024-01-09 14:25:00,117.09860646392947,0.0,0.0,85.05033939920482,0,0,-0.4999999999999998,-0.8660254037844388,0,0,1,0.0,0.0
2024-01-09 14:30:00,2024-01-09 14:30:00,123.05710247246562,0.0,0.0,75.1945126356153,100,0,-0.4999999999999998,-0.8660254037844388,0,0,1,0.0,0.0
2024-01-09 14:35:00,2024-01-09 14:35:00,123.54966182526081,0.0,0.0,78.70683768448052,0,0,-0.4999999999999998,-0.8660254037844388,0,0,1,0.0,0.0
2024-01-09 14:40:00,2024-01-09 14:40:00,112.48425996628386,0.0,0.0,79.21777408268748,0,0,-0.4999999999999998,-0.8660254037844388,0,0,1,0.0,0.0
2024-01-09 14:45:00,2024-01-09 14:45:00,120.08595179653757,0.0,0.0,81.64802495539874,0,0,-0.4999999999999998,-0.8660254037844388,0,0,1,0.0,0.0
2024-01-09 14:50:00,2024-01-09 14:50:00,124.90102396484832,0.0,0.0,77.66773755821757,0,0,-0.4999999999999998,-0.8660254037844388,0,0,1,0.0,0.0
2024-01-09 14:55:00,2024-01-09 14:55:00,126.8415991100886,0.0,0.0,72.32407166933265,0,0,-0.4999999999999998,-0.8660254037844388,0,0,1,0.0,0.0
2024-01-09 15:00:00,2024-01-09 15:00:00,110.71399536456545,0.0,0.0,67.35854712324263,0,0,-0.7071067811865471,-0.7071067811865479,0,0,1,0.0,0.0
2024-01-09 15:05:00,2024-01-09 15:05:00,126.77237854150829,0.0,0.0,86.43863128035619,0,0,-0.7071067811865471,-0.7071067811865479,0,0,1,0.0,0.0
2024-01-09 15:10:00,2024-01-09 15:10:00,108.26895661879969,0.0,0.0,84.63962126386548,0,0,-0.7071067811865471,-0.7071067811865479,0,0,1,0.0,0.0
2024-01-09 15:15:00,2024-01-09 15:15:00,116.46730568596644,0.0,0.0,81.07528591444117,0,0,-0.7071067811865471,-0.7071067811865479,0,0,1,0.0,0.0
2024-01-09 15:20:00,2024-01-09 15:20:00,113.1764020659417,0.0,0.0,87.78333467705798,0,0,-0.7071067811865471,-0.7071067811865479,0,0,1,0.0,0.0
2024-01-09 15:25:00,2024-01-09 15:25:00,123.21768343480537,0.0,0.0,83.02862763492391,0,0,-0.7071067811865471,-0.7071067811865479,0,0,1,0.0,0.0
2024-01-09 15:30:00,2024-01-09 15:30:00,132.76744302353623,0.0,0.0,85.40470475801791,0,0,-0.7071067811865471,-0.7071067811865479,0,0,1,0.0,0.0
2024-01-09 15:35:00,2024-01-09 15:35:00,114.05124978346791,0.0,0.0,82.82614657837001,100,0,-0.7071067811865471,-0.7071067811865479,0,0,1,0.0,0.0
2024-01-09 15:40:00,2024-01-09 15:40:00,117.6852507833315,0.0,0.0,76.11877999100311,0,0,-0.7071067811865471,-0.7071067811865479,0,0,1,0.0,0.0
2024-01-09 15:45:00,2024-01-09 15:45:00,121.23425234157041,0.0,0.0,82.23820809592883,0,0,-0.7071067811865471,-0.7071067811865479,0,0,1,0.0,0.0
2024-01-09 15:50:00,2024-01-09 15:50:00,110.48210391819747,0.0,0.0,85.40624461250766,0,0,-0.7071067811865471,-0.7071067811865479,0,0,1,0.0,0.0
2024-01-09 15:55:00,2024-01-09 15:55:00,115.57856475913243,0.0,0.0,72.10833783349746,0,0,-0.7071067811865471,-0.7071067811865479,0,0,1,0.0,0.0
2024-01-09 16:00:00,2024-01-09 16:00:00,116.79263279634245,0.0,0.0,75.48443568137094,0,0,-0.8660254037844384,-0.5000000000000004,0,0,1,0.0,0.0
2024-01-09 16:05:00,2024-01-09 16:05:00,124.51958927102316,0.0,0.0,82.77977074870589,0,0,-0.8660254037844384,-0.5000000000000004,0,0,1,0.0,0.0
2024-01-09 16:10:00,2024-01-09 16:10:00,125.72569642155601,0.0,0.0,74.29828532991898,0,0,-0.8660254037844384,-0.5000000000000004,0,0,1,0.0,0.0
2024-01-09 16:15:00,2024-01-09 16:15:00,120.88005012490603,0.0,0.0,82.31954465067547,0,0,-0.8660254037844384,-0.5000000000000004,0,0,1,0.0,0.0
2024-01-09 16:20:00,2024-01-09 16:20:00,114.95377122733345,0.0,0.0,81.07558657215586,0,0,-0.8660254037844384,-0.5000000000000004,0,0,1,0.0,0.0
2024-01-09 16:25:00,2024-01-09 16:25:00,108.619581492672,0.0,0.0,80.01544219246667,0,0,-0.8660254037844384,-0.5000000000000004,0,0,1,0.0,0.0
2024-01-09 16:30:00,2024-01-09 16:30:00,118.09769091011994,0.0,0.0,72.40565787824767,100,0,-0.8660254037844384,-0.5000000000000004,0,0,1,0.0,0.0
2024-01-09 16:35:00,2024-01-09 16:35:00,111.49562451387348,0.0,0.0,78.33672421220807,0,0,-0.8660254037844384,-0.5000000000000004,0,0,1,0.0,0.0
2024-01-09 16:40:00,2024-01-09 16:40:00,112.1656840267289,0.0,0.0,81.75205768230163,0,0,-0.8660254037844384,-0.5000000000000004,0,0,1,0.0,0.0
2024-01-09 16:45:00,2024-01-09 16:45:00,120.19355586822876,0.0,0.0,75.21441369006516,0,0,-0.8660254037844384,-0.5000000000000004,0,0,1,0.0,0.0
2024-01-09 16:50:00,2024-01-09 16:50:00,112.59128494232341,0.0,0.0,87.37470237118866,0,0,-0.8660254037844384,-0.5000000000000004,0,0,1,0.0,0.0
2024-01-09 16:55:00,2024-01-09 16:55:00,115.31163310745166,0.0,0.0,82.1874953516968,0,0,-0.8660254037844384,-0.5000000000000004,0,0,1,0.0,0.0
2024-01-09 17:00:00,2024-01-09 17:00:00,118.41025294662177,0.0,0.0,82.88812540526526,0,0,-0.9659258262890683,-0.25881904510252063,0,0,1,0.0,0.0
2024-01-09 17:05:00,2024-01-09 17:05:00,108.82857153100173,0.0,0.0,80.03681879931814,0,0,-0.9659258262890683,-0.25881904510252063,0,0,1,0.0,0.0
2024-01-09 17:10:00,2024-01-09 17:10:00,114.68141120211484,0.0,0.0,71.97201634263567,100,0,-0.9659258262890683,-0.25881904510252063,0,0,1,0.0,0.0
2024-01-09 17:15:00,2024-01-09 17:15:00,113.95874308344486,0.0,0.0,86.32009678512627,0,0,-0.9659258262890683,-0.25881904510252063,0,0,1,0.0,0.0
2024-01-09 17:20:00,2024-01-09 17:20:00,112.10232216021963,0.0,0.0,80.1777946985973,0,0,-0.9659258262890683,-0.25881904510252063,0,0,1,0.0,0.0
2024-01-09 17:25:00,2024-01-09 17:25:00,114.61989185998866,0.0,0.0,78.91609906726899,0,0,-0.9659258262890683,-0.25881904510252063,0,0,1,0.0,0.0
2024-01-09 17:30:00,2024-01-09 17:30:00,111.51060735617739,0.0,0.0,73.2843590407949,0,0,-0.9659258262890683,-0.25881904510252063,0,0,1,0.0,0.0
2024-01-09 17:35:00,2024-01-09 17:35:00,112.09773403817086,0.0,0.0,78.83001884377656,0,0,-0.9659258262890683,-0.25881904510252063,0,0,1,0.0,0.0
2024-01-09 17:40:00,2024-01-09 17:40:00,114.91831403905896,0.0,0.0,81.28323743099364,0,0,-0.9659258262890683,-0.25881904510252063,0,0,1,0.0,0.0
2024-01-09 17:45:00,2024-01-09 17:45:00,115.13361784149966,0.0,0.0,80.25280471637835,0,0,-0.9659258262890683,-0.25881904510252063,0,0,1,0.0,0.0
2024-01-09 17:50:00,2024-01-09 17:50:00,119.58678426194392,0.0,0.0,83.45293051374644,0,0,-0.9659258262890683,-0.25881904510252063,0,0,1,0.0,0.0
2024-01-09 17:55:00,2024-01-09 17:55:00,118.46616448325129,0.0,0.0,82.83340657357333,0,0,-0.9659258262890683,-0.25881904510252063,0,0,1,0.0,0.0
2024-01-09 18:00:00,2024-01-09 18:00:00,121.80490452113638,3.0,30.0,76.2797618559765,0,0,-1.0,-1.8369701987210297e-16,0,0,1,2.7,24.0
2024-01-09 18:05:00,2024-01-09 18:05:00,107.7313730434955,0.0,0.0,78.40976903837608,0,0,-1.0,-1.8369701987210297e-16,0,0,1,2.7,24.0
2024-01-09 18:10:00,2024-01-09 18:10:00,116.74692245130606,0.0,0.0,88.11504716747791,0,0,-1.0,-1.8369701987210297e-16,0,0,1,2.7,24.0
2024-01-09 18:15:00,2024-01-09 18:15:00,108.7991104348045,0.0,0.0,80.74495590419247,100,0,-1.0,-1.8369701987210297e-16,0,0,1,2.7,24.0
2024-01-09 18:20:00,2024-01-09 18:20:00,114.76834456681833,0.0,0.0,78.92452490708072,0,0,-1.0,-1.8369701987210297e-16,0,0,1,2.7,24.0
2024-01-09 18:25:00,2024-01-09 18:25:00,118.39659704319071,0.0,0.0,88.15436894600167,0,0,-1.0,-1.8369701987210297e-16,0,0,1,2.7,24.0
2024-01-09 18:30:00,2024-01-09 18:30:00,121.50476355019065,0.0,0.0,91.56066960545397,100,0,-1.0,-1.8369701987210297e-16,0,0,1,2.7,24.0
2024-01-09 18:35:00,2024-01-09 18:35:00,105.96278839970013,0.0,0.0,79.45769714092324,100,0,-1.0,-1.8369701987210297e-16,0,0,1,2.7,24.0
2024-01-09 18:40:00,2024-01-09 18:40:00,125.01915730565568,0.0,0.0,77.73440942978996,0,0,-1.0,-1.8369701987210297e-16,0,0,1,2.7,24.0
2024-01-09 18:45:00,2024-01-09 18:45:00,123.42815083951356,0.0,0.0,84.72783508984874,0,0,-1.0,-1.8369701987210297e-16,0,0,1,2.7,24.0
2024-01-09 18:50:00,2024-01-09 18:50:00,126.03121214989639,0.0,0.0,73.98776789887988,100,0,-1.0,-1.8369701987210297e-16,0,0,1,2.7,24.0
2024-01-09 18:55:00,2024-01-09 18:55:00,124.97546865721628,0.0,0.0,75.19314914840204,0,0,-1.0,-1.8369701987210297e-16,0,0,1,2.7,24.0
2024-01-09 19:00:00,2024-01-09 19:00:00,134.89950171747242,0.0,0.0,84.66303701527603,0,0,-0.9659258262890684,0.2588190451025203,0,0,1,2.7,24.0
2024-01-09 19:05:00,2024-01-09 19:05:00,138.49736371426718,0.0,0.0,80.92187168206495,0,0,-0.9659258262890684,0.2588190451025203,0,0,1,2.7,24.0
2024-01-09 19:10:00,2024-01-09 19:10:00,130.4309974210174,0.0,0.0,76.24596292272986,0,0,-0.9659258262890684,0.2588190451025203,0,0,1,2.7,24.0
2024-01-09 19:15:00,2024-01-09 19:15:00,142.82859338999614,0.0,0.0,80.91623399675252,0,0,-0.9659258262890684,0.2588190451025203,0,0,1,2.7,24.0
2024-01-09 19:20:00,2024-01-09 19:20:00,131.79800290342442,0.0,0.0,77.41709515061724,0,0,-0.9659258262890684,0.2588190451025203,0,0,1,2.7,24.0
2024-01-09 19:25:00,2024-01-09 19:25:00,146.47052172513025,0.0,0.0,85.90041458420714,0,0,-0.9659258262890684,0.2588190451025203,0,0,1,2.7,24.0
2024-01-09 19:30:00,2024-01-09 19:30:00,140.4405351662799,0.0,0.0,81.78001400951915,0,0,-0.9659258262890684,0.2588190451025203,0,0,1,2.7,24.0
2024-01-09 19:35:00,2024-01-09 19:35:00,139.00699633742443,0.0,0.0,82.61376770452529,0,0,-0.9659258262890684,0.2588190451025203,0,0,1,2.7,24.0
2024-01-09 19:40:00,2024-01-09 19:40:00,144.57352361145374,0.0,0.0,75.56723718675983,0,0,-0.9659258262890684,0.2588190451025203,0,0,1,2.7,24.0
2024-01-09 19:45:00,2024-01-09 19:45:00,135.85184423440793,0.0,0.0,77.54335639240215,100,0,-0.9659258262890684,0.2588190451025203,0,0,1,2.7,24.0
2024-01-09 19:50:00,2024-01-09 19:50:00,136.1362159598357,0.0,0.0,82.98327149892037,0,0,-0.9659258262890684,0.2588190451025203,0,0,1,2.7,24.0
2024-01-09 19:55:00,2024-01-09 19:55:00,111.37189485325948,0.0,0.0,80.45651352018544,0,0,-0.9659258262890684,0.2588190451025203,0,0,1,2.7,24.0
2024-01-09 20:00:00,2024-01-09 20:00:00,136.85617326354927,0.0,0.0,82.83932529382507,0,0,-0.8660254037844386,0.5000000000000001,0,0,1,2.7,24.0
2024-01-09 20:05:00,2024-01-09 20:05:00,134.53410159279755,0.0,0.0,85.85427264567005,0,0,-0.8660254037844386,0.5000000000000001,0,0,1,2.7,24.0
2024-01-09 20:10:00,2024-01-09 20:10:00,130.3276278936409,0.0,0.0,83.66391738155981,0,0,-0.8660254037844386,0.5000000000000001,0,0,1,2.7,24.0
2024-01-09 20:15:00,2024-01-09 20:15:00,131.99035637797118,0.0,0.0,75.84094158586826,0,0,-0.8660254037844386,0.5000000000000001,0,0,1,2.7,24.0
2024-01-09 20:20:00,2024-01-09 20:20:00,124.90149930289606,0.0,0.0,78.83435535317226,0,0,-0.8660254037844386,0.5000000000000001,0,0,1,2.7,24.0
2024-01-09 20:25:00,2024-01-09 20:25:00,117.88454899160439,0.0,0.0,80.72750140884965,0,0,-0.8660254037844386,0.5000000000000001,0,0,1,2.7,24.0
2024-01-09 20:30:00,2024-01-09 20:30:00,117.60215642634834,0.0,0.0,84.28461016808652,0,0,-0.8660254037844386,0.5000000000000001,0,0,1,2.7,24.0
2024-01-09 20:35:00,2024-01-09 20:35:00,116.30047686164012,0.0,0.0,76.71224820605441,0,0,-0.8660254037844386,0.5000000000000001,0,0,1,2.7,24.0
2024-01-09 20:40:00,2024-01-09 20:40:00,120.85176242478097,0.0,0.0,76.1489252143252,0,0,-0.8660254037844386,0.5000000000000001,0,0,1,2.7,24.0
2024-01-09 20:45:00,2024-01-09 20:45:00,114.47881621185152,0.0,0.0,75.79982208900978,0,0,-0.8660254037844386,0.5000000000000001,0,0,1,2.7,24.0
2024-01-09 20:50:00,2024-01-09 20:50:00,107.68716072755993,0.0,0.0,77.01279867622186,0,0,-0.8660254037844386,0.5000000000000001,0,0,1,2.7,24.0
2024-01-09 20:55:00,2024-01-09 20:55:00,119.13961522934726,0.0,0.0,82.61896557559173,0,0,-0.8660254037844386,0.5000000000000001,0,0,1,2.7,24.0
2024-01-09 21:00:00,2024-01-09 21:00:00,122.60497705218049,0.0,0.0,77.50753853976228,0,0,-0.7071067811865477,0.7071067811865474,0,0,1,2.7,0.0
2024-01-09 21:05:00,2024-01-09 21:05:00,113.46690398039755,0.0,0.0,81.71512510730494,0,0,-0.7071067811865477,0.7071067811865474,0,0,1,2.7,0.0
2024-01-09 21:10:00,2024-01-09 21:10:00,117.54649474504802,0.0,0.0,70.19107652476782,0,0,-0.7071067811865477,0.7071067811865474,0,0,1,2.7,0.0
2024-01-09 21:15:00,2024-01-09 21:15:00,117.17189954435611,0.0,0.0,82.28254010018186,0,0,-0.7071067811865477,0.7071067811865474,0,0,1,2.7,0.0
2024-01-09 21:20:00,2024-01-09 21:20:00,118.78770016237885,0.0,0.0,81.79358954322281,0,0,-0.7071067811865477,0.7071067811865474,0,0,1,2.7,0.0
2024-01-09 21:25:00,2024-01-09 21:25:00,124.79475796732447,0.0,0.0,80.83005080433689,0,0,-0.7071067811865477,0.7071067811865474,0,0,1,2.7,0.0
2024-01-09 21:30:00,2024-01-09 21:30:00,121.75150538991852,0.0,0.0,77.93734839862815,0,0,-0.7071067811865477,0.7071067811865474,0,0,1,2.7,0.0
2024-01-09 21:35:00,2024-01-09 21:35:00,119.83096809622255,0.0,0.0,81.85059953559721,0,0,-0.7071067811865477,0.7071067811865474,0,0,1,2.7,0.0
2024-01-09 21:40:00,2024-01-09 21:40:00,124.99167895541285,0.0,0.0,83.6938001309698,0,0,-0.7071067811865477,0.7071067811865474,0,0,1,2.7,0.0
2024-01-09 21:45:00,2024-01-09 21:45:00,116.97618772558509,0.0,0.0,71.61100741451796,0,0,-0.7071067811865477,0.7071067811865474,0,0,1,2.7,0.0
2024-01-09 21:50:00,2024-01-09 21:50:00,126.04690971683601,0.0,0.0,76.55691616923384,0,0,-0.7071067811865477,0.7071067811865474,0,0,1,2.7,0.0
2024-01-09 21:55:00,2024-01-09 21:55:00,129.54729198132253,0.0,0.0,84.3255072709847,0,0,-0.7071067811865477,0.7071067811865474,0,0,1,2.7,0.0
2024-01-09 22:00:00,2024-01-09 22:00:00,131.1403574240861,0.0,0.0,74.03266895241822,0,0,-0.5000000000000004,0.8660254037844384,0,0,1,2.7,0.0
2024-01-09 22:05:00,2024-01-09 22:05:00,128.81167908274637,0.0,0.0,72.31443233759364,0,0,-0.5000000000000004,0.8660254037844384,0,0,1,2.7,0.0
2024-01-09 22:10:00,2024-01-09 22:10:00,111.03736027736117,0.0,0.0,87.62414710290228,0,0,-0.5000000000000004,0.8660254037844384,0,0,1,2.7,0.0
2024-01-09 22:15:00,2024-01-09 22:15:00,123.92873459784435,0.0,0.0,85.76365082388962,0,0,-0.5000000000000004,0.8660254037844384,0,0,1,2.7,0.0
2024-01-09 22:20:00,2024-01-09 22:20:00,111.62759441077961,0.0,0.0,86.62167157122212,0,0,-0.5000000000000004,0.8660254037844384,0,0,1,2.7,0.0
2024-01-09 22:25:00,2024-01-09 22:25:00,122.50026997980274,0.0,0.0,82.43700314288387,0,0,-0.5000000000000004,0.8660254037844384,0,0,1,2.7,0.0
2024-01-09 22:30:00,2024-01-09 22:30:00,120.27302577785088,0.0,0.0,82.79637827208624,0,0,-0.5000000000000004,0.8660254037844384,0,0,1,2.7,0.0
2024-01-09 22:35:00,2024-01-09 22:35:00,120.59399847168586,0.0,0.0,71.1400716494623,0,0,-0.5000000000000004,0.8660254037844384,0,0,1,2.7,0.0
2024-01-09 22:40:00,2024-01-09 22:40:00,131.25644038803304,0.0,0.0,83.1443547174547,0,0,-0.5000000000000004,0.8660254037844384,0,0,1,2.7,0.0
2024-01-09 22:45:00,2024-01-09 22:45:00,119.31256074863005,0.0,0.0,86.77232314659572,100,0,-0.5000000000000004,0.8660254037844384,0,0,1,2.7,0.0
2024-01-09 22:50:00,2024-01-09 22:50:00,124.70885223832394,0.0,0.0,81.39097287691911,0,0,-0.5000000000000004,0.8660254037844384,0,0,1,2.7,0.0
2024-01-09 22:55:00,2024-01-09 22:55:00,122.88292100737927,0.0,0.0,85.70164699029634,0,0,-0.5000000000000004,0.8660254037844384,0,0,1,2.7,0.0
2024-01-09 23:00:00,2024-01-09 23:00:00,121.29540137929709,7.0,70.0,79.84578206838596,0,0,-0.25881904510252157,0.9659258262890681,0,0,1,6.3,56.0
2024-01-09 23:05:00,2024-01-09 23:05:00,131.88752121459072,0.0,0.0,79.14247506858347,100,0,-0.25881904510252157,0.9659258262890681,0,0,1,6.3,56.0
2024-01-09 23:10:00,2024-01-09 23:10:00,117.75285578787039,0.0,0.0,76.54200367246135,0,0,-0.25881904510252157,0.9659258262890681,0,0,1,6.3,56.0
2024-01-09 23:15:00,2024-01-09 23:15:00,121.50319646857879,0.0,0.0,79.87575377240483,0,0,-0.25881904510252157,0.9659258262890681,0,0,1,6.3,56.0
2024-01-09 23:20:00,2024-01-09 23:20:00,135.10183890521682,0.0,0.0,68.65437870200597,0,0,-0.25881904510252157,0.9659258262890681,0,0,1,6.3,56.0
2024-01-09 23:25:00,2024-01-09 23:25:00,137.37408318456755,0.0,0.0,79.5957313271605,0,0,-0.25881904510252157,0.9659258262890681,0,0,1,6.3,56.0
2024-01-09 23:30:00,2024-01-09 23:30:00,137.67507506956596,0.0,0.0,75.862218180336,0,0,-0.25881904510252157,0.9659258262890681,0,0,1,6.3,56.0
2024-01-09 23:35:00,2024-01-09 23:35:00,153.94869805694464,0.0,0.0,78.34065086854825,0,0,-0.25881904510252157,0.9659258262890681,0,0,1,6.3,56.0
2024-01-09 23:40:00,2024-01-09 23:40:00,144.63101611934425,0.0,0.0,92.36957556294075,0,0,-0.25881904510252157,0.9659258262890681,0,0,1,6.3,56.0
2024-01-09 23:45:00,2024-01-09 23:45:00,145.92543785400483,0.0,0.0,80.04205917200484,0,0,-0.25881904510252157,0.9659258262890681,0,0,1,6.3,56.0
2024-01-09 23:50:00,2024-01-09 23:50:00,157.54269042453495,0.0,0.0,80.09460933740083,0,0,-0.25881904510252157,0.9659258262890681,0,0,1,6.3,56.0
2024-01-09 23:55:00,2024-01-09 23:55:00,155.4913357366389,0.0,0.0,79.05755698833521,0,0,-0.25881904510252157,0.9659258262890681,0,0,1,6.3,56.0
2024-01-10 00:00:00,2024-01-10 00:00:00,165.1367474504238,0.0,0.0,80.89264810941204,0,0,0.0,1.0,0,0,1,6.3,56.0
2024-01-10 00:05:00,2024-01-10 00:05:00,165.25095851847897,0.0,0.0,72.17268861762781,0,0,0.0,1.0,0,0,1,6.3,56.0
2024-01-10 00:10:00,2024-01-10 00:10:00,173.65342536787028,0.0,0.0,84.6708958355395,0,0,0.0,1.0,0,0,1,6.3,56.0
2024-01-10 00:15:00,2024-01-10 00:15:00,187.38868677910028,0.0,0.0,91.53372651543236,0,0,0.0,1.0,0,0,1,6.3,56.0
2024-01-10 00:20:00,2024-01-10 00:20:00,184.0379779180694,0.0,0.0,82.6383144257489,0,0,0.0,1.0,0,0,1,6.3,56.0
2024-01-10 00:25:00,2024-01-10 00:25:00,185.75071467044506,0.0,0.0,86.1265241027024,0,0,0.0,1.0,0,0,1,6.3,56.0
2024-01-10 00:30:00,2024-01-10 00:30:00,189.98438103894378,0.0,0.0,80.8630468217162,0,0,0.0,1.0,0,0,1,6.3,56.0
2024-01-10 00:35:00,2024-01-10 00:35:00,182.9954870457277,0.0,0.0,73.85959923585972,100,0,0.0,1.0,0,0,1,6.3,56.0
2024-01-10 00:40:00,2024-01-10 00:40:00,176.80944794837865,0.0,0.0,76.54996359532362,0,0,0.0,1.0,0,0,1,6.3,56.0
2024-01-10 00:45:00,2024-01-10 00:45:00,180.59576705313614,0.0,0.0,83.82731797209885,0,0,0.0,1.0,0,0,1,6.3,56.0
2024-01-10 00:50:00,2024-01-10 00:50:00,172.21632068275957,0.0,0.0,90.62992202123682,0,0,0.0,1.0,0,0,1,6.3,56.0
2024-01-10 00:55:00,2024-01-10 00:55:00,162.09154664247083,0.0,0.0,82.16477538814169,0,0,0.0,1.0,0,0,1,6.3,56.0
2024-01-10 01:00:00,2024-01-10 01:00:00,169.2587229504113,0.0,0.0,73.86337172929228,0,0,0.25881904510252074,0.9659258262890683,0,0,1,6.3,56.0
2024-01-10 01:05:00,2024-01-10 01:05:00,155.22560632371273,0.0,0.0,86.99174599888167,0,0,0.25881904510252074,0.9659258262890683,0,0,1,6.3,56.0
2024-01-10 01:10:00,2024-01-10 01:10:00,146.61929611272237,0.0,0.0,79.19306297156847,0,0,0.25881904510252074,0.9659258262890683,0,0,1,6.3,56.0
2024-01-10 01:15:00,2024-01-10 01:15:00,149.71309811176033,0.0,0.0,79.66761158008664,0,0,0.25881904510252074,0.9659258262890683,0,0,1,6.3,56.0
2024-01-10 01:20:00,2024-01-10 01:20:00,147.9361393521679,0.0,0.0,84.69905814886667,0,0,0.25881904510252074,0.9659258262890683,0,0,1,6.3,56.0
2024-01-10 01:25:00,2024-01-10 01:25:00,145.7651690399856,0.0,0.0,84.78259316725148,0,0,0.25881904510252074,0.9659258262890683,0,0,1,6.3,56.0
2024-01-10 01:30:00,2024-01-10 01:30:00,149.03571865787777,0.0,0.0,84.69911436191937,0,0,0.25881904510252074,0.9659258262890683,0,0,1,6.3,56.0
2024-01-10 01:35:00,2024-01-10 01:35:00,135.98962387665335,0.0,0.0,80.48981008740932,0,0,0.25881904510252074,0.9659258262890683,0,0,1,6.3,56.0
2024-01-10 01:40:00,2024-01-10 01:40:00,130.86090582316905,0.0,0.0,72.26142238974643,0,0,0.25881904510252074,0.9659258262890683,0,0,1,6.3,56.0
2024-01-10 01:45:00,2024-01-10 01:45:00,129.19660785028412,0.0,0.0,84.65213001734163,0,0,0.25881904510252074,0.9659258262890683,0,0,1,6.3,56.0
2024-01-10 01:50:00,2024-01-10 01:50:00,138.06436110578917,0.0,0.0,80.38747909751426,0,0,0.25881904510252074,0.9659258262890683,0,0,1,6.3,56.0
2024-01-10 01:55:00,2024-01-10 01:55:00,135.83949842314067,0.0,0.0,81.16694798972777,0,0,0.25881904510252074,0.9659258262890683,0,0,1,6.3,56.0
2024-01-10 02:00:00,2024-01-10 02:00:00,143.6089231324059,0.0,0.0,76.01054435639287,0,0,0.49999999999999994,0.8660254037844387,0,0,1,6.3,0.0
2024-01-10 02:05:00,2024-01-10 02:05:00,143.5617984125226,0.0,0.0,84.82869975896209,0,0,0.49999999999999994,0.8660254037844387,0,0,1,6.3,0.0
2024-01-10 02:10:00,2024-01-10 02:10:00,139.3697700808487,0.0,0.0,81.43645539561416,0,0,0.49999999999999994,0.8660254037844387,0,0,1,6.3,0.0
2024-01-10 02:15:00,2024-01-10 02:15:00,137.01219596040906,0.0,0.0,77.8647725140293,0,0,0.49999999999999994,0.8660254037844387,0,0,1,6.3,0.0
2024-01-10 02:20:00,2024-01-10 02:20:00,135.01585881465027,0.0,0.0,82.74527644558404,0,0,0.49999999999999994,0.8660254037844387,0,0,1,6.3,0.0
2024-01-10 02:25:00,2024-01-10 02:25:00,137.33363993460716,0.0,0.0,82.56634006780243,0,0,0.49999999999999994,0.8660254037844387,0,0,1,6.3,0.0
2024-01-10 02:30:00,2024-01-10 02:30:00,135.0243256664259,0.0,0.0,82.25275382729052,0,0,0.49999999999999994,0.8660254037844387,0,0,1,6.3,0.0
2024-01-10 02:35:00,2024-01-10 02:35:00,135.4297105142514,0.0,0.0,83.91201760024703,0,0,0.49999999999999994,0.8660254037844387,0,0,1,6.3,0.0
2024-01-10 02:40:00,2024-01-10 02:40:00,143.7160962531389,0.0,0.0,75.90294679826442,0,0,0.49999999999999994,0.8660254037844387,0,0,1,6.3,0.0
2024-01-10 02:45:00,2024-01-10 02:45:00,133.39339980772297,0.0,0.0,75.82584970037573,0,0,0.49999999999999994,0.8660254037844387,0,0,1,6.3,0.0
2024-01-10 02:50:00,2024-01-10 02:50:00,135.38716130881056,0.0,0.0,89.55920034941643,0,0,0.49999999999999994,0.8660254037844387,0,0,1,6.3,0.0
2024-01-10 02:55:00,2024-01-10 02:55:00,133.74698934427394,0.0,0.0,78.2612806224361,100,0,0.49999999999999994,0.8660254037844387,0,0,1,6.3,0.0
2024-01-10 03:00:00,2024-01-10 03:00:00,131.96275354235456,0.0,0.0,84.64915352109841,0,0,0.7071067811865475,0.7071067811865476,0,0,1,6.3,0.0
2024-01-10 03:05:00,2024-01-10 03:05:00,135.20387027913426,0.0,0.0,71.37240374579724,100,0,0.7071067811865475,0.7071067811865476,0,0,1,6.3,0.0
2024-01-10 03:10:00,2024-01-10 03:10:00,139.1187914087645,0.0,0.0,83.76688318270514,0,0,0.7071067811865475,0.7071067811865476,0,0,1,6.3,0.0
2024-01-10 03:15:00,2024-01-10 03:15:00,137.02605266428915,0.0,0.0,78.35694196488878,0,0,0.7071067811865475,0.7071067811865476,0,0,1,6.3,0.0
2024-01-10 03:20:00,2024-01-10 03:20:00,139.578286254468,0.0,0.0,83.03524925233644,0,0,0.7071067811865475,0.7071067811865476,0,0,1,6.3,0.0
2024-01-10 03:25:00,2024-01-10 03:25:00,124.94609765370889,0.0,0.0,73.97293682928921,0,0,0.7071067811865475,0.7071067811865476,0,0,1,6.3,0.0
2024-01-10 03:30:00,2024-01-10 03:30:00,140.08382545649286,0.0,0.0,83.59973083137612,0,0,0.7071067811865475,0.7071067811865476,0,0,1,6.3,0.0
2024-01-10 03:35:00,2024-01-10 03:35:00,145.30074373298254,0.0,0.0,82.68647686988463,0,0,0.7071067811865475,0.7071067811865476,0,0,1,6.3,0.0
2024-01-10 03:40:00,2024-01-10 03:40:00,142.9367870631695,0.0,0.0,82.07989665216033,0,0,0.7071067811865475,0.7071067811865476,0,0,1,6.3,0.0
2024-01-10 03:45:00,2024-01-10 03:45:00,138.81179366925466,0.0,0.0,79.36608855891905,0,0,0.7071067811865475,0.7071067811865476,0,0,1,6.3,0.0
2024-01-10 03:50:00,2024-01-10 03:50:00,137.59988923442089,0.0,0.0,72.91233051847921,100,0,0.7071067811865475,0.7071067811865476,0,0,1,6.3,0.0
2024-01-10 03:55:00,2024-01-10 03:55:00,133.96657429822145,0.0,0.0,79.81182466927976,0,0,0.7071067811865475,0.7071067811865476,0,0,1,6.3,0.0
2024-01-10 04:00:00,2024-01-10 04:00:00,140.09308147428132,5.0,50.0,79.23637748722139,0,0,0.8660254037844386,0.5000000000000001,0,0,1,4.5,40.0
2024-01-10 04:05:00,2024-01-10 04:05:00,144.83831805304703,0.0,0.0,88.89670576367382,0,0,0.8660254037844386,0.5000000000000001,0,0,1,4.5,40.0
2024-01-10 04:10:00,2024-01-10 04:10:00,145.4194128318342,0.0,0.0,81.82630891537096,0,0,0.8660254037844386,0.5000000000000001,0,0,1,4.5,40.0
2024-01-10 04:15:00,2024-01-10 04:15:00,154.45153970979823,0.0,0.0,84.81084427673693,0,0,0.8660254037844386,0.5000000000000001,0,0,1,4.5,40.0
2024-01-10 04:20:00,2024-01-10 04:20:00,142.53475469529369,0.0,0.0,75.12955408216233,100,0,0.8660254037844386,0.5000000000000001,0,0,1,4.5,40.0
2024-01-10 04:25:00,2024-01-10 04:25:00,148.10785581270784,0.0,0.0,83.91928304053131,0,0,0.8660254037844386,0.5000000000000001,0,0,1,4.5,40.0
2024-01-10 04:30:00,2024-01-10 04:30:00,160.75001812899012,0.0,0.0,75.86835724618493,0,0,0.8660254037844386,0.5000000000000001,0,0,1,4.5,40.0
2024-01-10 04:35:00,2024-01-10 04:35:00,152.96651766825264,0.0,0.0,83.5680363985885,0,0,0.8660254037844386,0.5000000000000001,0,0,1,4.5,40.0
2024-01-10 04:40:00,2024-01-10 04:40:00,159.03520725950605,0.0,0.0,90.03834632063146,0,0,0.8660254037844386,0.5000000000000001,0,0,1,4.5,40.0
2024-01-10 04:45:00,2024-01-10 04:45:00,157.3066713409235,0.0,0.0,77.99750912160663,0,0,0.8660254037844386,0.5000000000000001,0,0,1,4.5,40.0
2024-01-10 04:50:00,2024-01-10 04:50:00,161.27215520234867,0.0,0.0,79.92507390352641,0,0,0.8660254037844386,0.5000000000000001,0,0,1,4.5,40.0
2024-01-10 04:55:00,2024-01-10 04:55:00,168.16122018266498,0.0,0.0,76.55933888472195,0,0,0.8660254037844386,0.5000000000000001,0,0,1,4.5,40.0
2024-01-10 05:00:00,2024-01-10 05:00:00,176.04308907407687,0.0,0.0,82.01990265389564,0,0,0.9659258262890683,0.25881904510252074,0,0,1,4.5,40.0
2024-01-10 05:05:00,2024-01-10 05:05:00,166.04040097683367,0.0,0.0,82.16049545781362,0,0,0.9659258262890683,0.25881904510252074,0,0,1,4.5,40.0
2024-01-10 05:10:00,2024-01-10 05:10:00,180.93715753359768,0.0,0.0,82.64240697351354,100,0,0.9659258262890683,0.25881904510252074,0,0,1,4.5,40.0
2024-01-10 05:15:00,2024-01-10 05:15:00,178.84647833633394,0.0,0.0,79.7773486415483,0,0,0.9659258262890683,0.25881904510252074,0,0,1,4.5,40.0
2024-01-10 05:20:00,2024-01-10 05:20:00,183.33022638219637,0.0,0.0,77.72379486523684,0,0,0.9659258262890683,0.25881904510252074,0,0,1,4.5,40.0
2024-01-10 05:25:00,2024-01-10 05:25:00,189.49949613595328,0.0,0.0,80.76948961645928,0,0,0.9659258262890683,0.25881904510252074,0,0,1,4.5,40.0
2024-01-10 05:30:00,2024-01-10 05:30:00,181.43450167262318,0.0,0.0,82.03564853462157,0,0,0.9659258262890683,0.25881904510252074,0,0,1,4.5,40.0
2024-01-10 05:35:00,2024-01-10 05:35:00,179.5936273219626,0.0,0.0,79.44816883606734,0,0,0.9659258262890683,0.25881904510252074,0,0,1,4.5,40.0
2024-01-10 05:40:00,2024-01-10 05:40:00,177.98671759602058,0.0,0.0,75.26613730493601,0,0,0.9659258262890683,0.25881904510252074,0,0,1,4.5,40.0
2024-01-10 05:45:00,2024-01-10 05:45:00,180.22449160276022,0.0,0.0,74.91690237541006,0,0,0.9659258262890683,0.25881904510252074,0,0,1,4.5,40.0
2024-01-10 05:50:00,2024-01-10 05:50:00,178.41518265028998,0.0,0.0,91.26514149022285,0,0,0.9659258262890683,0.25881904510252074,0,0,1,4.5,40.0
2024-01-10 05:55:00,2024-01-10 05:55:00,176.76295718105385,0.0,0.0,80.98620974215864,0,0,0.9659258262890683,0.25881904510252074,0,0,1,4.5,40.0
2024-01-10 06:00:00,2024-01-10 06:00:00,170.25915509668988,0.0,0.0,68.39353189924893,0,0,1.0,6.123233995736766e-17,0,0,1,4.5,40.0
2024-01-10 06:05:00,2024-01-10 06:05:00,170.3288292994794,0.0,0.0,80.8469600915125,0,0,1.0,6.123233995736766e-17,0,0,1,4.5,40.0
2024-01-10 06:10:00,2024-01-10 06:10:00,164.4945467959369,0.0,0.0,87.57598219696881,0,0,1.0,6.123233995736766e-17,0,0,1,4.5,40.0
2024-01-10 06:15:00,2024-01-10 06:15:00,155.79540335086065,0.0,0.0,77.08377697505014,0,0,1.0,6.123233995736766e-17,0,0,1,4.5,40.0
2024-01-10 06:20:00,2024-01-10 06:20:00,145.08326507751795,0.0,0.0,84.92275908130789,0,0,1.0,6.123233995736766e-17,0,0,1,4.5,40.0
2024-01-10 06:25:00,2024-01-10 06:25:00,150.984436219579,0.0,0.0,85.53078631122014,0,0,1.0,6.123233995736766e-17,0,0,1,4.5,40.0
2024-01-10 06:30:00,2024-01-10 06:30:00,145.45247175273678,0.0,0.0,67.79841781762224,0,0,1.0,6.123233995736766e-17,0,0,1,4.5,40.0
2024-01-10 06:35:00,2024-01-10 06:35:00,148.46634835125926,0.0,0.0,79.2657653612578,100,0,1.0,6.123233995736766e-17,0,0,1,4.5,40.0
2024-01-10 06:40:00,2024-01-10 06:40:00,143.89950240131822,0.0,0.0,74.60238662658054,0,0,1.0,6.123233995736766e-17,0,0,1,4.5,40.0
2024-01-10 06:45:00,2024-01-10 06:45:00,143.96137315949693,0.0,0.0,80.37436217734324,0,0,1.0,6.123233995736766e-17,0,0,1,4.5,40.0
2024-01-10 06:50:00,2024-01-10 06:50:00,141.08140065792617,0.0,0.0,86.75414819853782,100,0,1.0,6.123233995736766e-17,0,0,1,4.5,40.0
2024-01-10 06:55:00,2024-01-10 06:55:00,144.7400050659525,0.0,0.0,79.16372883047136,0,0,1.0,6.123233995736766e-17,0,0,1,4.5,40.0
2024-01-10 07:00:00,2024-01-10 07:00:00,144.28455407981582,0.0,0.0,85.56058902216861,0,0,0.9659258262890683,-0.25881904510252063,0,0,1,4.5,0.0
2024-01-10 07:05:00,2024-01-10 07:05:00,138.93445704474988,0.0,0.0,81.17609492798508,0,0,0.9659258262890683,-0.25881904510252063,0,0,1,4.5,0.0
2024-01-10 07:10:00,2024-01-10 07:10:00,145.55556420090753,0.0,0.0,78.10436262967299,0,0,0.9659258262890683,-0.25881904510252063,0,0,1,4.5,0.0
2024-01-10 07:15:00,2024-01-10 07:15:00,146.05630191995593,0.0,0.0,80.19023336065189,0,0,0.9659258262890683,-0.25881904510252063,0,0,1,4.5,0.0
2024-01-10 07:20:00,2024-01-10 07:20:00,147.5006117967279,0.0,0.0,82.94628396067549,0,0,0.9659258262890683,-0.25881904510252063,0,0,1,4.5,0.0
2024-01-10 07:25:00,2024-01-10 07:25:00,148.5261559667863,0.0,0.0,85.0904316034323,0,0,0.9659258262890683,-0.25881904510252063,0,0,1,4.5,0.0
2024-01-10 07:30:00,2024-01-10 07:30:00,139.70977732718995,0.0,0.0,76.54244069039284,0,0,0.9659258262890683,-0.25881904510252063,0,0,1,4.5,0.0
2024-01-10 07:35:00,2024-01-10 07:35:00,151.2627152234874,0.0,0.0,83.08755746356667,0,0,0.9659258262890683,-0.25881904510252063,0,0,1,4.5,0.0
2024-01-10 07:40:00,2024-01-10 07:40:00,142.02425256585522,0.0,0.0,81.79789566773911,0,0,0.9659258262890683,-0.25881904510252063,0,0,1,4.5,0.0
2024-01-10 07:45:00,2024-01-10 07:45:00,149.61086092560464,0.0,0.0,78.82038433987405,0,0,0.9659258262890683,-0.25881904510252063,0,0,1,4.5,0.0
2024-01-10 07:50:00,2024-01-10 07:50:00,142.05181407909757,0.0,0.0,75.890563831842,0,0,0.9659258262890683,-0.25881904510252063,0,0,1,4.5,0.0
2024-01-10 07:55:00,2024-01-10 07:55:00,152.51868263672517,0.0,0.0,87.49605377009158,0,0,0.9659258262890683,-0.25881904510252063,0,0,1,4.5,0.0
2024-01-10 08:00:00,2024-01-10 08:00:00,141.23930827054352,0.0,0.0,69.62259303631654,0,0,0.8660254037844387,-0.49999999999999983,0,0,1,4.5,0.0
2024-01-10 08:05:00,2024-01-10 08:05:00,143.87621312884454,0.0,0.0,80.26582469990798,0,0,0.8660254037844387,-0.49999999999999983,0,0,1,4.5,0.0
2024-01-10 08:10:00,2024-01-10 08:10:00,137.42294350875218,0.0,0.0,80.06152098250242,0,0,0.8660254037844387,-0.49999999999999983,0,0,1,4.5,0.0
2024-01-10 08:15:00,2024-01-10 08:15:00,142.11582303679393,0.0,0.0,81.0973761683639,0,0,0.8660254037844387,-0.49999999999999983,0,0,1,4.5,0.0
2024-01-10 08:20:00,2024-01-10 08:20:00,140.75780871680783,0.0,0.0,79.36968427303012,0,0,0.8660254037844387,-0.49999999999999983,0,0,1,4.5,0.0
2024-01-10 08:25:00,2024-01-10 08:25:00,141.85639943916388,0.0,0.0,84.13868092817087,0,0,0.8660254037844387,-0.49999999999999983,0,0,1,4.5,0.0
2024-01-10 08:30:00,2024-01-10 08:30:00,150.52990703314626,0.0,0.0,77.42082266126648,0,0,0.8660254037844387,-0.49999999999999983,0,0,1,4.5,0.0
2024-01-10 08:35:00,2024-01-10 08:35:00,141.69809394827547,0.0,0.0,82.05329175768924,0,0,0.8660254037844387,-0.49999999999999983,0,0,1,4.5,0.0
2024-01-10 08:40:00,2024-01-10 08:40:00,145.6513963787502,0.0,0.0,76.43651521019511,0,0,0.8660254037844387,-0.49999999999999983,0,0,1,4.5,0.0
2024-01-10 08:45:00,2024-01-10 08:45:00,147.4566586263002,0.0,0.0,75.41216557027413,0,0,0.8660254037844387,-0.49999999999999983,0,0,1,4.5,0.0
2024-01-10 08:50:00,2024-01-10 08:50:00,142.39202494978244,0.0,0.0,72.5132029973703,100,0,0.8660254037844387,-0.49999999999999983,0,0,1,4.5,0.0
2024-01-10 08:55:00,2024-01-10 08:55:00,148.22962956363233,0.0,0.0,75.65902312549474,0,0,0.8660254037844387,-0.49999999999999983,0,0,1,4.5,0.0
2024-01-10 09:00:00,2024-01-10 09:00:00,140.42598487243245,5.0,50.0,77.46043727437747,0,0,0.7071067811865476,-0.7071067811865475,0,0,1,4.5,40.0
2024-01-10 09:05:00,2024-01-10 09:05:00,141.22655354639147,0.0,0.0,78.77291462918141,0,0,0.7071067811865476,-0.7071067811865475,0,0,1,4.5,40.0
2024-01-10 09:10:00,2024-01-10 09:10:00,142.63296000768935,0.0,0.0,79.78908408907887,0,0,0.7071067811865476,-0.7071067811865475,0,0,1,4.5,40.0
2024-01-10 09:15:00,2024-01-10 09:15:00,144.40756645715066,0.0,0.0,71.37337805612992,0,0,0.7071067811865476,-0.7071067811865475,0,0,1,4.5,40.0
2024-01-10 09:20:00,2024-01-10 09:20:00,145.2853468611939,0.0,0.0,84.92277217403539,0,0,0.7071067811865476,-0.7071067811865475,0,0,1,4.5,40.0
2024-01-10 09:25:00,2024-01-10 09:25:00,145.50092817838342,0.0,0.0,76.2137827075766,100,0,0.7071067811865476,-0.7071067811865475,0,0,1,4.5,40.0
2024-01-10 09:30:00,2024-01-10 09:30:00,138.84419126998702,0.0,0.0,73.09816605288644,0,0,0.7071067811865476,-0.7071067811865475,0,0,1,4.5,40.0
2024-01-10 09:35:00,2024-01-10 09:35:00,144.586267107683,0.0,0.0,83.92424563931208,0,0,0.7071067811865476,-0.7071067811865475,0,0,1,4.5,40.0
2024-01-10 09:40:00,2024-01-10 09:40:00,158.24724676254652,0.0,0.0,74.99353154731673,100,0,0.7071067811865476,-0.7071067811865475,0,0,1,4.5,40.0
2024-01-10 09:45:00,2024-01-10 09:45:00,147.1895895257353,0.0,0.0,77.0207376679169,0,0,0.7071067811865476,-0.7071067811865475,0,0,1,4.5,40.0
2024-01-10 09:50:00,2024-01-10 09:50:00,158.20507841623865,0.0,0.0,82.00717357176705,0,0,0.7071067811865476,-0.7071067811865475,0,0,1,4.5,40.0
2024-01-10 09:55:00,2024-01-10 09:55:00,166.43823645726326,0.0,0.0,77.88591079106017,0,0,0.7071067811865476,-0.7071067811865475,0,0,1,4.5,40.0
2024-01-10 10:00:00,2024-01-10 10:00:00,158.52902853547232,0.0,0.0,79.06981590882866,100,0,0.49999999999999994,-0.8660254037844387,0,0,1,4.5,40.0
2024-01-10 10:05:00,2024-01-10 10:05:00,176.70722313570056,0.0,0.0,82.18290931058057,100,0,0.49999999999999994,-0.8660254037844387,0,0,1,4.5,40.0
2024-01-10 10:10:00,2024-01-10 10:10:00,167.66379349294726,0.0,0.0,81.85389009351931,0,0,0.49999999999999994,-0.8660254037844387,0,0,1,4.5,40.0
2024-01-10 10:15:00,2024-01-10 10:15:00,179.9415537621816,0.0,0.0,86.78601591650559,0,0,0.49999999999999994,-0.8660254037844387,0,0,1,4.5,40.0
2024-01-10 10:20:00,2024-01-10 10:20:00,181.61767010132962,0.0,0.0,83.32132774072085,0,0,0.49999999999999994,-0.8660254037844387,0,0,1,4.5,40.0
2024-01-10 10:25:00,2024-01-10 10:25:00,171.79403474885663,0.0,0.0,74.7909000676745,0,0,0.49999999999999994,-0.8660254037844387,0,0,1,4.5,40.0
2024-01-10 10:30:00,2024-01-10 10:30:00,174.8369259693587,0.0,0.0,76.93756370604248,0,0,0.49999999999999994,-0.8660254037844387,0,0,1,4.5,40.0
2024-01-10 10:35:00,2024-01-10 10:35:00,176.23158530740164,0.0,0.0,79.03945097297114,0,0,0.49999999999999994,-0.8660254037844387,0,0,1,4.5,40.0
2024-01-10 10:40:00,2024-01-10 10:40:00,175.5014919287911,0.0,0.0,78.40256629075883,100,0,0.49999999999999994,-0.8660254037844387,0,0,1,4.5,40.0
2024-01-10 10:45:00,2024-01-10 10:45:00,174.3055920517465,0.0,0.0,71.90606060233301,0,0,0.49999999999999994,-0.8660254037844387,0,0,1,4.5,40.0
2024-01-10 10:50:00,2024-01-10 10:50:00,164.72466930419935,0.0,0.0,75.68564820036076,0,0,0.49999999999999994,-0.8660254037844387,0,0,1,4.5,40.0
2024-01-10 10:55:00,2024-01-10 10:55:00,160.2260518280808,0.0,0.0,74.36136547526334,0,0,0.49999999999999994,-0.8660254037844387,0,0,1,4.5,40.0
2024-01-10 11:00:00,2024-01-10 11:00:00,163.68881892343464,0.0,0.0,84.4642864339893,0,0,0.258819045102521,-0.9659258262890682,0,0,1,4.5,40.0
2024-01-10 11:05:00,2024-01-10 11:05:00,146.85232945714648,0.0,0.0,81.05266948811759,0,0,0.258819045102521,-0.9659258262890682,0,0,1,4.5,40.0
2024-01-10 11:10:00,2024-01-10 11:10:00,147.39356095106297,0.0,0.0,82.24126192495164,0,0,0.258819045102521,-0.9659258262890682,0,0,1,4.5,40.0
2024-01-10 11:15:00,2024-01-10 11:15:00,145.49103968009052,0.0,0.0,82.86592518517305,0,0,0.258819045102521,-0.9659258262890682,0,0,1,4.5,40.0
2024-01-10 11:20:00,2024-01-10 11:20:00,140.21171149113724,0.0,0.0,85.85733363508896,0,0,0.258819045102521,-0.9659258262890682,0,0,1,4.5,40.0
2024-01-10 11:25:00,2024-01-10 11:25:00,142.27634001343034,0.0,0.0,84.64940711795751,0,0,0.258819045102521,-0.9659258262890682,0,0,1,4.5,40.0
2024-01-10 11:30:00,2024-01-10 11:30:00,144.07744094170295,0.0,0.0,78.87282003255125,0,0,0.258819045102521,-0.9659258262890682,0,0,1,4.5,40.0
2024-01-10 11:35:00,2024-01-10 11:35:00,137.2352586444188,0.0,0.0,78.48379137642996,0,0,0.258819045102521,-0.9659258262890682,0,0,1,4.5,40.0
2024-01-10 11:40:00,2024-01-10 11:40:00,132.35285254427896,0.0,0.0,81.92736740015238,0,0,0.258819045102521,-0.9659258262890682,0,0,1,4.5,40.0
2024-01-10 11:45:00,2024-01-10 11:45:00,136.01160941275455,0.0,0.0,87.30731424830299,0,0,0.258819045102521,-0.9659258262890682,0,0,1,4.5,40.0
2024-01-10 11:50:00,2024-01-10 11:50:00,133.09805708514767,0.0,0.0,81.34382057554355,0,0,0.258819045102521,-0.9659258262890682,0,0,1,4.5,40.0
2024-01-10 11:55:00,2024-01-10 11:55:00,135.6347351545322,0.0,0.0,86.28876357037272,0,0,0.258819045102521,-0.9659258262890682,0,0,1,4.5,40.0
2024-01-10 12:00:00,2024-01-10 12:00:00,126.7525944361608,0.0,0.0,81.12078939156837,0,0,1.2246467991473532e-16,-1.0,0,0,1,4.5,0.0
2024-01-10 12:05:00,2024-01-10 12:05:00,118.61658480101843,0.0,0.0,76.30561177717573,0,0,1.2246467991473532e-16,-1.0,0,0,1,4.5,0.0
2024-01-10 12:10:00,2024-01-10 12:10:00,130.32784560253063,0.0,0.0,76.21176740750639,100,0,1.2246467991473532e-16,-1.0,0,0,1,4.5,0.0
2024-01-10 12:15:00,2024-01-10 12:15:00,131.65596444148875,0.0,0.0,86.09015892893088,0,0,1.2246467991473532e-16,-1.0,0,0,1,4.5,0.0
2024-01-10 12:20:00,2024-01-10 12:20:00,138.04033781959586,0.0,0.0,77.78193644361693,0,0,1.2246467991473532e-16,-1.0,0,0,1,4.5,0.0
2024-01-10 12:25:00,2024-01-10 12:25:00,134.35573082231352,0.0,0.0,75.58398956180629,0,0,1.2246467991473532e-16,-1.0,0,0,1,4.5,0.0
2024-01-10 12:30:00,2024-01-10 12:30:00,132.0664997900188,0.0,0.0,80.10380335700374,0,0,1.2246467991473532e-16,-1.0,0,0,1,4.5,0.0
2024-01-10 12:35:00,2024-01-10 12:35:00,130.09365315844465,0.0,0.0,75.97889336847363,0,0,1.2246467991473532e-16,-1.0,0,0,1,4.5,0.0
2024-01-10 12:40:00,2024-01-10 12:40:00,120.14648352570225,0.0,0.0,82.18180926955004,0,0,1.2246467991473532e-16,-1.0,0,0,1,4.5,0.0
2024-01-10 12:45:00,2024-01-10 12:45:00,133.31166675231538,0.0,0.0,82.21849367752145,0,0,1.2246467991473532e-16,-1.0,0,0,1,4.5,0.0
2024-01-10 12:50:00,2024-01-10 12:50:00,133.42268779454633,0.0,0.0,80.90623907682313,0,0,1.2246467991473532e-16,-1.0,0,0,1,4.5,0.0
2024-01-10 12:55:00,2024-01-10 12:55:00,128.56586778050632,0.0,0.0,83.13451707265173,0,0,1.2246467991473532e-16,-1.0,0,0,1,4.5,0.0
2024-01-10 13:00:00,2024-01-10 13:00:00,126.27328047605847,0.0,0.0,78.8467901918182,0,0,-0.2588190451025208,-0.9659258262890683,0,0,1,4.5,0.0
2024-01-10 13:05:00,2024-01-10 13:05:00,123.37322628385766,0.0,0.0,74.27848602650195,100,0,-0.2588190451025208,-0.9659258262890683,0,0,1,4.5,0.0
2024-01-10 13:10:00,2024-01-10 13:10:00,121.45908918851671,0.0,0.0,77.73336603648441,100,0,-0.2588190451025208,-0.9659258262890683,0,0,1,4.5,0.0
2024-01-10 13:15:00,2024-01-10 13:15:00,119.47450320337711,0.0,0.0,79.34052453301543,0,0,-0.2588190451025208,-0.9659258262890683,0,0,1,4.5,0.0
2024-01-10 13:20:00,2024-01-10 13:20:00,124.63768502250207,0.0,0.0,81.5057035625505,0,0,-0.2588190451025208,-0.9659258262890683,0,0,1,4.5,0.0
2024-01-10 13:25:00,2024-01-10 13:25:00,123.66129030410099,0.0,0.0,82.44376962986658,0,0,-0.2588190451025208,-0.9659258262890683,0,0,1,4.5,0.0
2024-01-10 13:30:00,2024-01-10 13:30:00,128.87643107529834,0.0,0.0,80.76113526945673,0,0,-0.2588190451025208,-0.9659258262890683,0,0,1,4.5,0.0
2024-01-10 13:35:00,2024-01-10 13:35:00,126.82540699423005,0.0,0.0,85.10690866115955,0,0,-0.2588190451025208,-0.9659258262890683,0,0,1,4.5,0.0
2024-01-10 13:40:00,2024-01-10 13:40:00,127.3417823546288,0.0,0.0,83.50131827364794,0,0,-0.2588190451025208,-0.9659258262890683,0,0,1,4.5,0.0
2024-01-10 13:45:00,2024-01-10 13:45:00,122.5818192058638,0.0,0.0,85.92522066274198,0,0,-0.2588190451025208,-0.9659258262890683,0,0,1,4.5,0.0
2024-01-10 13:50:00,2024-01-10 13:50:00,125.38931740520592,0.0,0.0,78.45703732618156,0,0,-0.2588190451025208,-0.9659258262890683,0,0,1,4.5,0.0
2024-01-10 13:55:00,2024-01-10 13:55:00,125.57228342223898,0.0,0.0,82.32697083834229,0,0,-0.2588190451025208,-0.9659258262890683,0,0,1,4.5,0.0
2024-01-10 14:00:00,2024-01-10 14:00:00,115.64047169647813,0.0,0.0,84.19181130256091,0,0,-0.4999999999999998,-0.8660254037844388,0,0,1,0.0,0.0
2024-01-10 14:05:00,2024-01-10 14:05:00,120.7214169412865,0.0,0.0,75.11308511280627,0,0,-0.4999999999999998,-0.8660254037844388,0,0,1,0.0,0.0
2024-01-10 14:10:00,2024-01-10 14:10:00,120.51766478848928,0.0,0.0,88.99016487107122,100,0,-0.4999999999999998,-0.8660254037844388,0,0,1,0.0,0.0
2024-01-10 14:15:00,2024-01-10 14:15:00,115.71811309822411,0.0,0.0,81.29317250797402,100,0,-0.4999999999999998,-0.8660254037844388,0,0,1,0.0,0.0
2024-01-10 14:20:00,2024-01-10 14:20:00,118.46290002386516,0.0,0.0,79.39790963029057,100,0,-0.4999999999999998,-0.8660254037844388,0,0,1,0.0,0.0
2024-01-10 14:25:00,2024-01-10 14:25:00,119.95317385913187,0.0,0.0,87.4717233066878,0,0,-0.4999999999999998,-0.8660254037844388,0,0,1,0.0,0.0
2024-01-10 14:30:00,2024-01-10 14:30:00,116.89807377747819,0.0,0.0,76.14487260348069,0,0,-0.4999999999999998,-0.8660254037844388,0,0,1,0.0,0.0
2024-01-10 14:35:00,2024-01-10 14:35:00,119.7134013046339,0.0,0.0,74.12705762721612,0,0,-0.4999999999999998,-0.8660254037844388,0,0,1,0.0,0.0
2024-01-10 14:40:00,2024-01-10 14:40:00,127.53451236063137,0.0,0.0,76.08680626629385,0,0,-0.4999999999999998,-0.8660254037844388,0,0,1,0.0,0.0
2024-01-10 14:45:00,2024-01-10 14:45:00,123.45082221669763,0.0,0.0,82.41701301387877,0,0,-0.4999999999999998,-0.8660254037844388,0,0,1,0.0,0.0
2024-01-10 14:50:00,2024-01-10 14:50:00,122.4351311532114,0.0,0.0,81.53440145969869,0,0,-0.4999999999999998,-0.8660254037844388,0,0,1,0.0,0.0
2024-01-10 14:55:00,2024-01-10 14:55:00,127.7908930878227,0.0,0.0,81.16901596438669,0,0,-0.4999999999999998,-0.8660254037844388,0,0,1,0.0,0.0
2024-01-10 15:00:00,2024-01-10 15:00:00,113.5102686833388,0.0,0.0,84.31186771035256,0,0,-0.7071067811865471,-0.7071067811865479,0,0,1,0.0,0.0
2024-01-10 15:05:00,2024-01-10 15:05:00,125.05504406557507,0.0,0.0,87.4800281671133,0,0,-0.7071067811865471,-0.7071067811865479,0,0,1,0.0,0.0
2024-01-10 15:10:00,2024-01-10 15:10:00,116.71067255467136,0.0,0.0,92.81645483835518,0,0,-0.7071067811865471,-0.7071067811865479,0,0,1,0.0,0.0
2024-01-10 15:15:00,2024-01-10 15:15:00,122.13277309186901,0.0,0.0,75.68140681264916,0,0,-0.7071067811865471,-0.7071067811865479,0,0,1,0.0,0.0
2024-01-10 15:20:00,2024-01-10 15:20:00,114.84272277051271,0.0,0.0,79.47969796978043,0,0,-0.7071067811865471,-0.7071067811865479,0,0,1,0.0,0.0
2024-01-10 15:25:00,2024-01-10 15:25:00,106.67342325708783,0.0,0.0,67.73749306434806,0,0,-0.7071067811865471,-0.7071067811865479,0,0,1,0.0,0.0
2024-01-10 15:30:00,2024-01-10 15:30:00,117.94387523845644,0.0,0.0,70.07295710816263,0,0,-0.7071067811865471,-0.7071067811865479,0,0,1,0.0,0.0
2024-01-10 15:35:00,2024-01-10 15:35:00,119.3073367855259,0.0,0.0,73.47814620533387,0,0,-0.7071067811865471,-0.7071067811865479,0,0,1,0.0,0.0
2024-01-10 15:40:00,2024-01-10 15:40:00,121.3094607192921,0.0,0.0,78.52006676993092,0,0,-0.7071067811865471,-0.7071067811865479,0,0,1,0.0,0.0
2024-01-10 15:45:00,2024-01-10 15:45:00,109.48867725298223,0.0,0.0,80.81471022958539,0,0,-0.7071067811865471,-0.7071067811865479,0,0,1,0.0,0.0
2024-01-10 15:50:00,2024-01-10 15:50:00,118.40870729375217,0.0,0.0,84.81912666194339,0,0,-0.7071067811865471,-0.7071067811865479,0,0,1,0.0,0.0
2024-01-10 15:55:00,2024-01-10 15:55:00,119.55926064804778,0.0,0.0,87.8806769135519,0,0,-0.7071067811865471,-0.7071067811865479,0,0,1,0.0,0.0
2024-01-10 16:00:00,2024-01-10 16:00:00,116.60737116487279,0.0,0.0,86.37287695119728,0,0,-0.8660254037844384,-0.5000000000000004,0,0,1,0.0,0.0
2024-01-10 16:05:00,2024-01-10 16:05:00,114.4196673452957,0.0,0.0,80.86115676008494,0,0,-0.8660254037844384,-0.5000000000000004,0,0,1,0.0,0.0
2024-01-10 16:10:00,2024-01-10 16:10:00,117.23888775113988,0.0,0.0,71.81105652544056,0,0,-0.8660254037844384,-0.5000000000000004,0,0,1,0.0,0.0
2024-01-10 16:15:00,2024-01-10 16:15:00,117.3872671480485,0.0,0.0,80.90819426428754,0,0,-0.8660254037844384,-0.5000000000000004,0,0,1,0.0,0.0
2024-01-10 16:20:00,2024-01-10 16:20:00,108.44271133974645,0.0,0.0,80.48697521761005,0,0,-0.8660254037844384,-0.5000000000000004,0,0,1,0.0,0.0
2024-01-10 16:25:00,2024-01-10 16:25:00,117.95294034971758,0.0,0.0,69.20975684391055,100,0,-0.8660254037844384,-0.5000000000000004,0,0,1,0.0,0.0
2024-01-10 16:30:00,2024-01-10 16:30:00,116.41368607180993,0.0,0.0,78.63951812979829,0,0,-0.8660254037844384,-0.5000000000000004,0,0,1,0.0,0.0
2024-01-10 16:35:00,2024-01-10 16:35:00,117.58601214243807,0.0,0.0,81.80223443858452,0,0,-0.8660254037844384,-0.5000000000000004,0,0,1,0.0,0.0
2024-01-10 16:40:00,2024-01-10 16:40:00,113.75150031501596,0.0,0.0,78.97325953770041,0,0,-0.8660254037844384,-0.5000000000000004,0,0,1,0.0,0.0
2024-01-10 16:45:00,2024-01-10 16:45:00,124.09251093573354,0.0,0.0,74.46248288218081,0,0,-0.8660254037844384,-0.5000000000000004,0,0,1,0.0,0.0
2024-01-10 16:50:00,2024-01-10 16:50:00,127.01044235587555,0.0,0.0,83.47318542940664,0,0,-0.8660254037844384,-0.5000000000000004,0,0,1,0.0,0.0
2024-01-10 16:55:00,2024-01-10 16:55:00,118.40717218044901,0.0,0.0,75.36953802949488,0,0,-0.8660254037844384,-0.5000000000000004,0,0,1,0.0,0.0
2024-01-10 17:00:00,2024-01-10 17:00:00,115.82588480320923,0.0,0.0,83.38749753495743,0,0,-0.9659258262890683,-0.25881904510252063,0,0,1,0.0,0.0
2024-01-10 17:05:00,2024-01-10 17:05:00,116.71998028201614,0.0,0.0,85.48887383147772,0,0,-0.9659258262890683,-0.25881904510252063,0,0,1,0.0,0.0
2024-01-10 17:10:00,2024-01-10 17:10:00,106.63152499858782,0.0,0.0,82.25119624924609,100,0,-0.9659258262890683,-0.25881904510252063,0,0,1,0.0,0.0
2024-01-10 17:15:00,2024-01-10 17:15:00,110.54094643066634,0.0,0.0,80.11883986084958,100,0,-0.9659258262890683,-0.25881904510252063,0,0,1,0.0,0.0
2024-01-10 17:20:00,2024-01-10 17:20:00,112.9168963085827,0.0,0.0,77.34588365459662,0,0,-0.9659258262890683,-0.25881904510252063,0,0,1,0.0,0.0
2024-01-10 17:25:00,2024-01-10 17:25:00,115.65939514646173,0.0,0.0,77.90905517759126,100,0,-0.9659258262890683,-0.25881904510252063,0,0,1,0.0,0.0
2024-01-10 17:30:00,2024-01-10 17:30:00,115.31926091560302,0.0,0.0,81.93142031071439,0,0,-0.9659258262890683,-0.25881904510252063,0,0,1,0.0,0.0
2024-01-10 17:35:00,2024-01-10 17:35:00,107.4889541249028,0.0,0.0,77.97722738232895,0,0,-0.9659258262890683,-0.25881904510252063,0,0,1,0.0,0.0
2024-01-10 17:40:00,2024-01-10 17:40:00,117.23586175247887,0.0,0.0,79.41741654001751,0,0,-0.9659258262890683,-0.25881904510252063,0,0,1,0.0,0.0
2024-01-10 17:45:00,2024-01-10 17:45:00,113.04509535489608,0.0,0.0,88.94622804787392,0,0,-0.9659258262890683,-0.25881904510252063,0,0,1,0.0,0.0
2024-01-10 17:50:00,2024-01-10 17:50:00,114.8295900042248,0.0,0.0,76.67681202873236,0,0,-0.9659258262890683,-0.25881904510252063,0,0,1,0.0,0.0
2024-01-10 17:55:00,2024-01-10 17:55:00,113.69040868766507,0.0,0.0,82.48089276772313,0,0,-0.9659258262890683,-0.25881904510252063,0,0,1,0.0,0.0
2024-01-10 18:00:00,2024-01-10 18:00:00,109.2116281966103,0.0,0.0,76.91147169020329,0,0,-1.0,-1.8369701987210297e-16,0,0,1,0.0,0.0
2024-01-10 18:05:00,2024-01-10 18:05:00,111.12021621032217,0.0,0.0,83.30861348109,0,0,-1.0,-1.8369701987210297e-16,0,0,1,0.0,0.0
2024-01-10 18:10:00,2024-01-10 18:10:00,115.13433180697456,0.0,0.0,77.22494944350395,0,0,-1.0,-1.8369701987210297e-16,0,0,1,0.0,0.0
2024-01-10 18:15:00,2024-01-10 18:15:00,117.59414113082534,0.0,0.0,78.60365551325026,0,0,-1.0,-1.8369701987210297e-16,0,0,1,0.0,0.0
2024-01-10 18:20:00,2024-01-10 18:20:00,108.70190224739456,0.0,0.0,74.85982845261364,100,0,-1.0,-1.8369701987210297e-16,0,0,1,0.0,0.0
2024-01-10 18:25:00,2024-01-10 18:25:00,117.08494206938015,0.0,0.0,72.27883270426452,0,0,-1.0,-1.8369701987210297e-16,0,0,1,0.0,0.0
2024-01-10 18:30:00,2024-01-10 18:30:00,121.14316318155694,0.0,0.0,81.39529269411669,0,0,-1.0,-1.8369701987210297e-16,0,0,1,0.0,0.0
2024-01-10 18:35:00,2024-01-10 18:35:00,120.05206404141718,0.0,0.0,88.98461669835908,100,0,-1.0,-1.8369701987210297e-16,0,0,1,0.0,0.0
2024-01-10 18:40:00,2024-01-10 18:40:00,114.4396116820766,0.0,0.0,67.33318395491443,0,0,-1.0,-1.8369701987210297e-16,0,0,1,0.0,0.0
2024-01-10 18:45:00,2024-01-10 18:45:00,111.19246602091707,0.0,0.0,87.50621571825661,0,0,-1.0,-1.8369701987210297e-16,0,0,1,0.0,0.0
2024-01-10 18:50:00,2024-01-10 18:50:00,119.9301695449853,0.0,0.0,75.50872704813632,0,0,-1.0,-1.8369701987210297e-16,0,0,1,0.0,0.0
2024-01-10 18:55:00,2024-01-10 18:55:00,122.99790462180287,0.0,0.0,81.47539189122983,0,0,-1.0,-1.8369701987210297e-16,0,0,1,0.0,0.0
2024-01-10 19:00:00,2024-01-10 19:00:00,109.03814357096851,0.0,0.0,73.58003753892974,0,0,-0.9659258262890684,0.2588190451025203,0,0,1,0.0,0.0
2024-01-10 19:05:00,2024-01-10 19:05:00,113.92889145120914,0.0,0.0,75.91025067703609,0,0,-0.9659258262890684,0.2588190451025203,0,0,1,0.0,0.0
2024-01-10 19:10:00,2024-01-10 19:10:00,108.61730430672921,0.0,0.0,78.17928675121689,0,0,-0.9659258262890684,0.2588190451025203,0,0,1,0.0,0.0
2024-01-10 19:15:00,2024-01-10 19:15:00,113.6010132582569,0.0,0.0,87.29421974247695,0,0,-0.9659258262890684,0.2588190451025203,0,0,1,0.0,0.0
2024-01-10 19:20:00,2024-01-10 19:20:00,123.06324443034082,0.0,0.0,78.7725768859842,0,0,-0.9659258262890684,0.2588190451025203,0,0,1,0.0,0.0
2024-01-10 19:25:00,2024-01-10 19:25:00,118.71690990517294,0.0,0.0,71.50216229504403,0,0,-0.9659258262890684,0.2588190451025203,0,0,1,0.0,0.0
2024-01-10 19:30:00,2024-01-10 19:30:00,111.54161480126133,0.0,0.0,81.78135076063361,0,0,-0.9659258262890684,0.2588190451025203,0,0,1,0.0,0.0
2024-01-10 19:35:00,2024-01-10 19:35:00,120.39433457818436,0.0,0.0,78.71627539051228,100,0,-0.9659258262890684,0.2588190451025203,0,0,1,0.0,0.0
2024-01-10 19:40:00,2024-01-10 19:40:00,108.77289802465882,0.0,0.0,72.32001024074286,100,0,-0.9659258262890684,0.2588190451025203,0,0,1,0.0,0.0
2024-01-10 19:45:00,2024-01-10 19:45:00,112.26805429323939,0.0,0.0,75.0877017970312,0,0,-0.9659258262890684,0.2588190451025203,0,0,1,0.0,0.0
2024-01-10 19:50:00,2024-01-10 19:50:00,111.72227798521267,0.0,0.0,78.1533515572149,0,0,-0.9659258262890684,0.2588190451025203,0,0,1,0.0,0.0
2024-01-10 19:55:00,2024-01-10 19:55:00,113.87586656634123,0.0,0.0,78.98627973037236,0,0,-0.9659258262890684,0.2588190451025203,0,0,1,0.0,0.0
2024-01-10 20:00:00,2024-01-10 20:00:00,121.46829321765848,0.0,0.0,78.81018231312741,0,0,-0.8660254037844386,0.5000000000000001,0,0,1,0.0,0.0
2024-01-10 20:05:00,2024-01-10 20:05:00,109.07016819929507,0.0,0.0,87.80630588994495,0,0,-0.8660254037844386,0.5000000000000001,0,0,1,0.0,0.0
2024-01-10 20:10:00,2024-01-10 20:10:00,119.82953443536348,0.0,0.0,77.00748195812017,0,0,-0.8660254037844386,0.5000000000000001,0,0,1,0.0,0.0
2024-01-10 20:15:00,2024-01-10 20:15:00,123.2174382371267,0.0,0.0,80.8625204354544,0,0,-0.8660254037844386,0.5000000000000001,0,0,1,0.0,0.0
2024-01-10 20:20:00,2024-01-10 20:20:00,115.23028382911073,0.0,0.0,85.24179730089371,100,0,-0.8660254037844386,0.5000000000000001,0,0,1,0.0,0.0
2024-01-10 20:25:00,2024-01-10 20:25:00,113.5235518821721,0.0,0.0,81.36806440209858,0,0,-0.8660254037844386,0.5000000000000001,0,0,1,0.0,0.0
2024-01-10 20:30:00,2024-01-10 20:30:00,119.26404794883676,0.0,0.0,82.67239989249492,0,0,-0.8660254037844386,0.5000000000000001,0,0,1,0.0,0.0
2024-01-10 20:35:00,2024-01-10 20:35:00,111.71973254918431,0.0,0.0,85.09231226551383,0,0,-0.8660254037844386,0.5000000000000001,0,0,1,0.0,0.0
2024-01-10 20:40:00,2024-01-10 20:40:00,116.77197635680197,0.0,0.0,83.14830542630949,0,0,-0.8660254037844386,0.5000000000000001,0,0,1,0.0,0.0
2024-01-10 20:45:00,2024-01-10 20:45:00,121.39651383891703,0.0,0.0,78.28852644964765,0,0,-0.8660254037844386,0.5000000000000001,0,0,1,0.0,0.0
2024-01-10 20:50:00,2024-01-10 20:50:00,112.01053017589774,0.0,0.0,84.20047800184244,0,0,-0.8660254037844386,0.5000000000000001,0,0,1,0.0,0.0
2024-01-10 20:55:00,2024-01-10 20:55:00,120.51040276123734,0.0,0.0,84.0863816154861,0,0,-0.8660254037844386,0.5000000000000001,0,0,1,0.0,0.0
2024-01-10 21:00:00,2024-01-10 21:00:00,108.20385232978344,0.0,0.0,78.09959202952795,0,0,-0.7071067811865477,0.7071067811865474,0,0,1,0.0,0.0
2024-01-10 21:05:00,2024-01-10 21:05:00,120.43547334830735,0.0,0.0,73.68197200753148,0,0,-0.7071067811865477,0.7071067811865474,0,0,1,0.0,0.0
2024-01-10 21:10:00,2024-01-10 21:10:00,110.97739556248085,0.0,0.0,78.95202123168467,0,0,-0.7071067811865477,0.7071067811865474,0,0,1,0.0,0.0
2024-01-10 21:15:00,2024-01-10 21:15:00,110.49507559236413,0.0,0.0,77.38781902512359,100,0,-0.7071067811865477,0.7071067811865474,0,0,1,0.0,0.0
2024-01-10 21:20:00,2024-01-10 21:20:00,123.94054767022588,0.0,0.0,86.35471640903609,0,0,-0.7071067811865477,0.7071067811865474,0,0,1,0.0,0.0
2024-01-10 21:25:00,2024-01-10 21:25:00,120.61408272152639,0.0,0.0,86.77401577184737,0,0,-0.7071067811865477,0.7071067811865474,0,0,1,0.0,0.0
2024-01-10 21:30:00,2024-01-10 21:30:00,121.27417140146316,0.0,0.0,80.34108624129415,100,0,-0.7071067811865477,0.7071067811865474,0,0,1,0.0,0.0
2024-01-10 21:35:00,2024-01-10 21:35:00,117.40510922288068,0.0,0.0,78.29011749165731,0,0,-0.7071067811865477,0.7071067811865474,0,0,1,0.0,0.0
2024-01-10 21:40:00,2024-01-10 21:40:00,120.9887396344235,0.0,0.0,80.42768850882314,0,0,-0.7071067811865477,0.7071067811865474,0,0,1,0.0,0.0
2024-01-10 21:45:00,2024-01-10 21:45:00,123.17292889052295,0.0,0.0,82.99225379658122,0,0,-0.7071067811865477,0.7071067811865474,0,0,1,0.0,0.0
2024-01-10 21:50:00,2024-01-10 21:50:00,111.03348592401888,0.0,0.0,81.11040988488728,0,0,-0.7071067811865477,0.7071067811865474,0,0,1,0.0,0.0
2024-01-10 21:55:00,2024-01-10 21:55:00,125.13374439826026,0.0,0.0,81.23843040634071,0,0,-0.7071067811865477,0.7071067811865474,0,0,1,0.0,0.0
2024-01-10 22:00:00,2024-01-10 22:00:00,120.89192354279568,0.0,0.0,78.71491470166795,0,0,-0.5000000000000004,0.8660254037844384,0,0,1,0.0,0.0
2024-01-10 22:05:00,2024-01-10 22:05:00,124.38770806613697,0.0,0.0,68.0035676293862,0,0,-0.5000000000000004,0.8660254037844384,0,0,1,0.0,0.0
2024-01-10 22:10:00,2024-01-10 22:10:00,127.38111412452912,0.0,0.0,79.74033819811062,0,0,-0.5000000000000004,0.8660254037844384,0,0,1,0.0,0.0
2024-01-10 22:15:00,2024-01-10 22:15:00,124.63088032681439,0.0,0.0,81.17598126611334,0,0,-0.5000000000000004,0.8660254037844384,0,0,1,0.0,0.0
2024-01-10 22:20:00,2024-01-10 22:20:00,118.12630039443017,0.0,0.0,85.4999360416823,100,0,-0.5000000000000004,0.8660254037844384,0,0,1,0.0,0.0
2024-01-10 22:25:00,2024-01-10 22:25:00,126.86055066613835,0.0,0.0,80.58207102289491,0,0,-0.5000000000000004,0.8660254037844384,0,0,1,0.0,0.0
2024-01-10 22:30:00,2024-01-10 22:30:00,115.24983266748568,0.0,0.0,78.79176823398299,0,0,-0.5000000000000004,0.8660254037844384,0,0,1,0.0,0.0
2024-01-10 22:35:00,2024-01-10 22:35:00,131.8685877714687,0.0,0.0,75.09224964734135,0,0,-0.5000000000000004,0.8660254037844384,0,0,1,0.0,0.0
2024-01-10 22:40:00,2024-01-10 22:40:00,115.93552174970351,0.0,0.0,74.05786674619809,0,0,-0.5000000000000004,0.8660254037844384,0,0,1,0.0,0.0
2024-01-10 22:45:00,2024-01-10 22:45:00,121.28145505307958,0.0,0.0,70.58428790427512,0,0,-0.5000000000000004,0.8660254037844384,0,0,1,0.0,0.0
2024-01-10 22:50:00,2024-01-10 22:50:00,115.91144208624979,0.0,0.0,89.58727864508968,0,0,-0.5000000000000004,0.8660254037844384,0,0,1,0.0,0.0
2024-01-10 22:55:00,2024-01-10 22:55:00,118.92184863556412,0.0,0.0,78.87888921936523,0,0,-0.5000000000000004,0.8660254037844384,0,0,1,0.0,0.0
2024-01-10 23:00:00,2024-01-10 23:00:00,120.57377679304255,0.0,0.0,78.36186729841985,0,0,-0.25881904510252157,0.9659258262890681,0,0,1,0.0,0.0
2024-01-10 23:05:00,2024-01-10 23:05:00,115.5676778631998,0.0,0.0,80.16417753926578,0,0,-0.25881904510252157,0.9659258262890681,0,0,1,0.0,0.0
2024-01-10 23:10:00,2024-01-10 23:10:00,130.34271465119488,0.0,0.0,73.45222540060324,0,0,-0.25881904510252157,0.9659258262890681,0,0,1,0.0,0.0
2024-01-10 23:15:00,2024-01-10 23:15:00,125.25705697656397,0.0,0.0,82.97418058171189,0,0,-0.25881904510252157,0.9659258262890681,0,0,1,0.0,0.0
2024-01-10 23:20:00,2024-01-10 23:20:00,121.51854841393252,0.0,0.0,83.8625444928628,0,0,-0.25881904510252157,0.9659258262890681,0,0,1,0.0,0.0
2024-01-10 23:25:00,2024-01-10 23:25:00,128.8708352572272,0.0,0.0,87.19703477549076,0,0,-0.25881904510252157,0.9659258262890681,0,0,1,0.0,0.0
2024-01-10 23:30:00,2024-01-10 23:30:00,134.8852237865898,0.0,0.0,79.88290264099234,0,0,-0.25881904510252157,0.9659258262890681,0,0,1,0.0,0.0
2024-01-10 23:35:00,2024-01-10 23:35:00,126.31284249454315,0.0,0.0,79.85499474759851,0,0,-0.25881904510252157,0.9659258262890681,0,0,1,0.0,0.0
2024-01-10 23:40:00,2024-01-10 23:40:00,124.20090258634812,0.0,0.0,74.66551305461151,0,0,-0.25881904510252157,0.9659258262890681,0,0,1,0.0,0.0
2024-01-10 23:45:00,2024-01-10 23:45:00,134.54960407283778,0.0,0.0,87.07954184193298,0,0,-0.25881904510252157,0.9659258262890681,0,0,1,0.0,0.0
2024-01-10 23:50:00,2024-01-10 23:50:00,125.90224739757107,0.0,0.0,70.66071563632029,100,0,-0.25881904510252157,0.9659258262890681,0,0,1,0.0,0.0
2024-01-10 23:55:00,2024-01-10 23:55:00,115.35119296182908,0.0,0.0,85.00653296255916,0,0,-0.25881904510252157,0.9659258262890681,0,0,1,0.0,0.0
2024-01-11 00:00:00,2024-01-11 00:00:00,137.31755467568848,3.0,30.0,84.66987886831511,0,0,0.0,1.0,0,0,1,2.7,24.0
2024-01-11 00:05:00,2024-01-11 00:05:00,128.30215595184512,0.0,0.0,78.65967916002828,0,0,0.0,1.0,0,0,1,2.7,24.0
2024-01-11 00:10:00,2024-01-11 00:10:00,127.81894211548753,0.0,0.0,84.88690587914917,0,0,0.0,1.0,0,0,1,2.7,24.0
2024-01-11 00:15:00,2024-01-11 00:15:00,127.41579764401706,0.0,0.0,77.72074560920964,0,0,0.0,1.0,0,0,1,2.7,24.0
2024-01-11 00:20:00,2024-01-11 00:20:00,137.0444820210354,0.0,0.0,83.02717863303256,100,0,0.0,1.0,0,0,1,2.7,24.0
2024-01-11 00:25:00,2024-01-11 00:25:00,134.07243585101122,0.0,0.0,78.85404541117776,0,0,0.0,1.0,0,0,1,2.7,24.0
2024-01-11 00:30:00,2024-01-11 00:30:00,137.6396380053965,0.0,0.0,89.31882977884258,0,0,0.0,1.0,0,0,1,2.7,24.0
2024-01-11 00:35:00,2024-01-11 00:35:00,136.55495198568966,0.0,0.0,82.61707354320973,0,0,0.0,1.0,0,0,1,2.7,24.0
2024-01-11 00:40:00,2024-01-11 00:40:00,142.7771383896483,0.0,0.0,80.19847907922755,0,0,0.0,1.0,0,0,1,2.7,24.0
2024-01-11 00:45:00,2024-01-11 00:45:00,140.55006491952366,0.0,0.0,79.08248408980958,0,0,0.0,1.0,0,0,1,2.7,24.0
2024-01-11 00:50:00,2024-01-11 00:50:00,141.30719522340004,0.0,0.0,83.3958885443902,0,0,0.0,1.0,0,0,1,2.7,24.0
2024-01-11 00:55:00,2024-01-11 00:55:00,146.3658603846884,0.0,0.0,84.47096109798021,0,0,0.0,1.0,0,0,1,2.7,24.0
2024-01-11 01:00:00,2024-01-11 01:00:00,145.07386420238868,0.0,0.0,71.87636445701551,0,0,0.25881904510252074,0.9659258262890683,0,0,1,2.7,24.0
2024-01-11 01:05:00,2024-01-11 01:05:00,150.554529071009,0.0,0.0,79.47596146226189,0,0,0.25881904510252074,0.9659258262890683,0,0,1,2.7,24.0
2024-01-11 01:10:00,2024-01-11 01:10:00,152.58745190702763,0.0,0.0,73.40670646260105,0,0,0.25881904510252074,0.9659258262890683,0,0,1,2.7,24.0
2024-01-11 01:15:00,2024-01-11 01:15:00,148.24086119782476,0.0,0.0,83.89168105166169,0,0,0.25881904510252074,0.9659258262890683,0,0,1,2.7,24.0
2024-01-11 01:20:00,2024-01-11 01:20:00,151.0974952545673,0.0,0.0,74.84950073254791,0,0,0.25881904510252074,0.9659258262890683,0,0,1,2.7,24.0
2024-01-11 01:25:00,2024-01-11 01:25:00,154.9424254597232,0.0,0.0,73.02596150973984,0,0,0.25881904510252074,0.9659258262890683,0,0,1,2.7,24.0
2024-01-11 01:30:00,2024-01-11 01:30:00,161.3011886192225,0.0,0.0,81.40973384712055,0,0,0.25881904510252074,0.9659258262890683,0,0,1,2.7,24.0
2024-01-11 01:35:00,2024-01-11 01:35:00,150.01344586003086,0.0,0.0,84.82675860731601,0,0,0.25881904510252074,0.9659258262890683,0,0,1,2.7,24.0
2024-01-11 01:40:00,2024-01-11 01:40:00,153.62810708388736,0.0,0.0,79.48092067114797,0,0,0.25881904510252074,0.9659258262890683,0,0,1,2.7,24.0
2024-01-11 01:45:00,2024-01-11 01:45:00,146.81082283777755,0.0,0.0,77.63444823143213,0,0,0.25881904510252074,0.9659258262890683,0,0,1,2.7,24.0
2024-01-11 01:50:00,2024-01-11 01:50:00,148.9195070931541,0.0,0.0,82.56291920136233,0,0,0.25881904510252074,0.9659258262890683,0,0,1,2.7,24.0
2024-01-11 01:55:00,2024-01-11 01:55:00,136.63385970161391,0.0,0.0,81.06944807765503,0,0,0.25881904510252074,0.9659258262890683,0,0,1,2.7,24.0
2024-01-11 02:00:00,2024-01-11 02:00:00,149.15684978847784,0.0,0.0,74.63196325517995,0,0,0.49999999999999994,0.8660254037844387,0,0,1,2.7,24.0
2024-01-11 02:05:00,2024-01-11 02:05:00,150.10401781260632,0.0,0.0,77.45405899525588,0,0,0.49999999999999994,0.8660254037844387,0,0,1,2.7,24.0
2024-01-11 02:10:00,2024-01-11 02:10:00,150.2476423151996,0.0,0.0,86.452151868038,0,0,0.49999999999999994,0.8660254037844387,0,0,1,2.7,24.0
2024-01-11 02:15:00,2024-01-11 02:15:00,133.42626741668946,0.0,0.0,82.36709583666864,0,0,0.49999999999999994,0.8660254037844387,0,0,1,2.7,24.0
2024-01-11 02:20:00,2024-01-11 02:20:00,137.3008590241892,0.0,0.0,86.15440759290543,0,0,0.49999999999999994,0.8660254037844387,0,0,1,2.7,24.0
2024-01-11 02:25:00,2024-01-11 02:25:00,145.46470314961493,0.0,0.0,72.48163846320138,0,0,0.49999999999999994,0.8660254037844387,0,0,1,2.7,24.0
2024-01-11 02:30:00,2024-01-11 02:30:00,143.96258294872104,0.0,0.0,81.92314046641643,0,0,0.49999999999999994,0.8660254037844387,0,0,1,2.7,24.0
2024-01-11 02:35:00,2024-01-11 02:35:00,143.148158409756,0.0,0.0,70.76019310307574,0,0,0.49999999999999994,0.8660254037844387,0,0,1,2.7,24.0
2024-01-11 02:40:00,2024-01-11 02:40:00,136.27545631065212,0.0,0.0,76.53051385710936,0,0,0.49999999999999994,0.8660254037844387,0,0,1,2.7,24.0
2024-01-11 02:45:00,2024-01-11 02:45:00,146.69255199953932,0.0,0.0,79.63149223980481,0,0,0.49999999999999994,0.8660254037844387,0,0,1,2.7,24.0
2024-01-11 02:50:00,2024-01-11 02:50:00,134.1399834294808,0.0,0.0,81.25557613368667,0,0,0.49999999999999994,0.8660254037844387,0,0,1,2.7,24.0
2024-01-11 02:55:00,2024-01-11 02:55:00,133.63750192761066,0.0,0.0,75.24427939610929,0,0,0.49999999999999994,0.8660254037844387,0,0,1,2.7,24.0
2024-01-11 03:00:00,2024-01-11 03:00:00,143.9872374609637,0.0,0.0,85.21974108491933,0,0,0.7071067811865475,0.7071067811865476,0,0,1,2.7,0.0
2024-01-11 03:05:00,2024-01-11 03:05:00,138.95608447791582,0.0,0.0,79.27402140094834,0,0,0.7071067811865475,0.7071067811865476,0,0,1,2.7,0.0
2024-01-11 03:10:00,2024-01-11 03:10:00,139.6598475419686,0.0,0.0,80.32873592923166,0,0,0.7071067811865475,0.7071067811865476,0,0,1,2.7,0.0
2024-01-11 03:15:00,2024-01-11 03:15:00,141.2932088588884,0.0,0.0,88.28194151310154,0,0,0.7071067811865475,0.7071067811865476,0,0,1,2.7,0.0
2024-01-11 03:20:00,2024-01-11 03:20:00,142.90804473110467,0.0,0.0,84.46693256803994,0,0,0.7071067811865475,0.7071067811865476,0,0,1,2.7,0.0
2024-01-11 03:25:00,2024-01-11 03:25:00,143.74570648681393,0.0,0.0,73.89233008192865,0,0,0.7071067811865475,0.7071067811865476,0,0,1,2.7,0.0
2024-01-11 03:30:00,2024-01-11 03:30:00,144.70525002248368,0.0,0.0,89.3095178581478,0,0,0.7071067811865475,0.7071067811865476,0,0,1,2.7,0.0
2024-01-11 03:35:00,2024-01-11 03:35:00,136.1269186371995,0.0,0.0,75.73920336891733,0,0,0.7071067811865475,0.7071067811865476,0,0,1,2.7,0.0
2024-01-11 03:40:00,2024-01-11 03:40:00,141.99061796362406,0.0,0.0,81.56214346683267,0,0,0.7071067811865475,0.7071067811865476,0,0,1,2.7,0.0
2024-01-11 03:45:00,2024-01-11 03:45:00,148.57451334935806,0.0,0.0,79.8025665916987,0,0,0.7071067811865475,0.7071067811865476,0,0,1,2.7,0.0
2024-01-11 03:50:00,2024-01-11 03:50:00,140.04568195212843,0.0,0.0,83.1056353371981,0,0,0.7071067811865475,0.7071067811865476,0,0,1,2.7,0.0
2024-01-11 03:55:00,2024-01-11 03:55:00,147.5146899875768,0.0,0.0,83.40694443611925,0,0,0.7071067811865475,0.7071067811865476,0,0,1,2.7,0.0
2024-01-11 04:00:00,2024-01-11 04:00:00,143.6480487232056,0.0,0.0,76.12764712091047,0,0,0.8660254037844386,0.5000000000000001,0,0,1,2.7,0.0
2024-01-11 04:05:00,2024-01-11 04:05:00,145.4283499287427,0.0,0.0,92.71709375558424,0,0,0.8660254037844386,0.5000000000000001,0,0,1,2.7,0.0
2024-01-11 04:10:00,2024-01-11 04:10:00,142.65713029230596,0.0,0.0,79.14326048102515,100,0,0.8660254037844386,0.5000000000000001,0,0,1,2.7,0.0
2024-01-11 04:15:00,2024-01-11 04:15:00,140.47147994489094,0.0,0.0,77.28068509924691,0,0,0.8660254037844386,0.5000000000000001,0,0,1,2.7,0.0
2024-01-11 04:20:00,2024-01-11 04:20:00,138.75808929378707,0.0,0.0,75.07246816614216,0,0,0.8660254037844386,0.5000000000000001,0,0,1,2.7,0.0
2024-01-11 04:25:00,2024-01-11 04:25:00,148.86539304442164,0.0,0.0,88.53990683446995,0,0,0.8660254037844386,0.5000000000000001,0,0,1,2.7,0.0
2024-01-11 04:30:00,2024-01-11 04:30:00,139.64607512579212,0.0,0.0,78.63606010227312,0,0,0.8660254037844386,0.5000000000000001,0,0,1,2.7,0.0
2024-01-11 04:35:00,2024-01-11 04:35:00,147.33802585860852,0.0,0.0,76.26555713353862,0,0,0.8660254037844386,0.5000000000000001,0,0,1,2.7,0.0
2024-01-11 04:40:00,2024-01-11 04:40:00,142.44938503157687,0.0,0.0,81.68464461195826,0,0,0.8660254037844386,0.5000000000000001,0,0,1,2.7,0.0
2024-01-11 04:45:00,2024-01-11 04:45:00,136.97612324979147,0.0,0.0,71.59813986861244,0,0,0.8660254037844386,0.5000000000000001,0,0,1,2.7,0.0
2024-01-11 04:50:00,2024-01-11 04:50:00,144.4504391707365,0.0,0.0,82.46589395100445,100,0,0.8660254037844386,0.5000000000000001,0,0,1,2.7,0.0
2024-01-11 04:55:00,2024-01-11 04:55:00,143.11343887166262,0.0,0.0,73.24179130865629,0,0,0.8660254037844386,0.5000000000000001,0,0,1,2.7,0.0
2024-01-11 05:00:00,2024-01-11 05:00:00,145.8099507932841,0.0,0.0,76.27464262247463,0,0,0.9659258262890683,0.25881904510252074,0,0,1,0.0,0.0
2024-01-11 05:05:00,2024-01-11 05:05:00,140.7033029545383,0.0,0.0,77.31167048301235,0,0,0.9659258262890683,0.25881904510252074,0,0,1,0.0,0.0
2024-01-11 05:10:00,2024-01-11 05:10:00,143.14548410318983,0.0,0.0,83.93493124415974,100,0,0.9659258262890683,0.25881904510252074,0,0,1,0.0,0.0
2024-01-11 05:15:00,2024-01-11 05:15:00,145.04490501993698,0.0,0.0,85.83266861773643,0,0,0.9659258262890683,0.25881904510252074,0,0,1,0.0,0.0
2024-01-11 05:20:00,2024-01-11 05:20:00,135.65891060153405,0.0,0.0,80.97276387202695,0,0,0.9659258262890683,0.25881904510252074,0,0,1,0.0,0.0
2024-01-11 05:25:00,2024-01-11 05:25:00,143.0809484164121,0.0,0.0,81.42448740525582,0,0,0.9659258262890683,0.25881904510252074,0,0,1,0.0,0.0
2024-01-11 05:30:00,2024-01-11 05:30:00,147.41184391107566,0.0,0.0,77.37076247505162,0,0,0.9659258262890683,0.25881904510252074,0,0,1,0.0,0.0
2024-01-11 05:35:00,2024-01-11 05:35:00,143.25576587186984,0.0,0.0,79.09084868048774,0,0,0.9659258262890683,0.25881904510252074,0,0,1,0.0,0.0
2024-01-11 05:40:00,2024-01-11 05:40:00,142.8969921161155,0.0,0.0,81.18343456142352,100,0,0.9659258262890683,0.25881904510252074,0,0,1,0.0,0.0
2024-01-11 05:45:00,2024-01-11 05:45:00,140.91557367572344,0.0,0.0,84.7076730332704,0,0,0.9659258262890683,0.25881904510252074,0,0,1,0.0,0.0
2024-01-11 05:50:00,2024-01-11 05:50:00,144.78966420211663,0.0,0.0,71.42422014111727,0,0,0.9659258262890683,0.25881904510252074,0,0,1,0.0,0.0
2024-01-11 05:55:00,2024-01-11 05:55:00,140.97207394217034,0.0,0.0,72.89295853987247,0,0,0.9659258262890683,0.25881904510252074,0,0,1,0.0,0.0
2024-01-11 06:00:00,2024-01-11 06:00:00,141.44290207302583,0.0,0.0,87.09626847261787,100,0,1.0,6.123233995736766e-17,0,0,1,0.0,0.0
2024-01-11 06:05:00,2024-01-11 06:05:00,149.12999791111483,0.0,0.0,79.34576955542101,0,0,1.0,6.123233995736766e-17,0,0,1,0.0,0.0
2024-01-11 06:10:00,2024-01-11 06:10:00,150.06015626298515,0.0,0.0,84.59403783872688,0,0,1.0,6.123233995736766e-17,0,0,1,0.0,0.0
2024-01-11 06:15:00,2024-01-11 06:15:00,143.21788013957368,0.0,0.0,70.75714207034181,0,0,1.0,6.123233995736766e-17,0,0,1,0.0,0.0
2024-01-11 06:20:00,2024-01-11 06:20:00,147.26107615318494,0.0,0.0,75.43777259662333,0,0,1.0,6.123233995736766e-17,0,0,1,0.0,0.0
2024-01-11 06:25:00,2024-01-11 06:25:00,139.8142557164755,0.0,0.0,78.24192291118229,100,0,1.0,6.123233995736766e-17,0,0,1,0.0,0.0
2024-01-11 06:30:00,2024-01-11 06:30:00,146.15738792971428,0.0,0.0,87.86904236747145,0,0,1.0,6.123233995736766e-17,0,0,1,0.0,0.0
2024-01-11 06:35:00,2024-01-11 06:35:00,152.73678715973762,0.0,0.0,68.47977663842263,0,0,1.0,6.123233995736766e-17,0,0,1,0.0,0.0
2024-01-11 06:40:00,2024-01-11 06:40:00,148.61422393459344,0.0,0.0,72.57646387237129,0,0,1.0,6.123233995736766e-17,0,0,1,0.0,0.0
2024-01-11 06:45:00,2024-01-11 06:45:00,153.78347074522424,0.0,0.0,86.56612164833791,0,0,1.0,6.123233995736766e-17,0,0,1,0.0,0.0
2024-01-11 06:50:00,2024-01-11 06:50:00,140.33249651311766,0.0,0.0,74.77816294695182,0,0,1.0,6.123233995736766e-17,0,0,1,0.0,0.0
2024-01-11 06:55:00,2024-01-11 06:55:00,148.54583665849452,0.0,0.0,78.75393721444846,0,0,1.0,6.123233995736766e-17,0,0,1,0.0,0.0
2024-01-11 07:00:00,2024-01-11 07:00:00,151.93631646887266,0.0,0.0,77.65571573537576,100,0,0.9659258262890683,-0.25881904510252063,0,0,1,0.0,0.0
2024-01-11 07:05:00,2024-01-11 07:05:00,142.0368613994848,0.0,0.0,77.16353754697218,0,0,0.9659258262890683,-0.25881904510252063,0,0,1,0.0,0.0
2024-01-11 07:10:00,2024-01-11 07:10:00,145.27842092470038,0.0,0.0,80.39558982731432,0,0,0.9659258262890683,-0.25881904510252063,0,0,1,0.0,0.0
2024-01-11 07:15:00,2024-01-11 07:15:00,140.6556001613652,0.0,0.0,81.68780246376659,0,0,0.9659258262890683,-0.25881904510252063,0,0,1,0.0,0.0
2024-01-11 07:20:00,2024-01-11 07:20:00,146.24234289036843,0.0,0.0,77.44235073525928,100,0,0.9659258262890683,-0.25881904510252063,0,0,1,0.0,0.0
2024-01-11 07:25:00,2024-01-11 07:25:00,146.28470104389353,0.0,0.0,78.68337379568668,100,0,0.9659258262890683,-0.25881904510252063,0,0,1,0.0,0.0
2024-01-11 07:30:00,2024-01-11 07:30:00,145.83245197919643,0.0,0.0,78.6685677456473,0,0,0.9659258262890683,-0.25881904510252063,0,0,1,0.0,0.0
2024-01-11 07:35:00,2024-01-11 07:35:00,143.1453396916127,0.0,0.0,79.33014829467916,100,0,0.9659258262890683,-0.25881904510252063,0,0,1,0.0,0.0
2024-01-11 07:40:00,2024-01-11 07:40:00,144.32468506630457,0.0,0.0,79.94645400333853,0,0,0.9659258262890683,-0.25881904510252063,0,0,1,0.0,0.0
2024-01-11 07:45:00,2024-01-11 07:45:00,145.69416933388953,0.0,0.0,84.51245733655351,0,0,0.9659258262890683,-0.25881904510252063,0,0,1,0.0,0.0
2024-01-11 07:50:00,2024-01-11 07:50:00,140.54470097881938,0.0,0.0,78.2720311467037,0,0,0.9659258262890683,-0.25881904510252063,0,0,1,0.0,0.0
2024-01-11 07:55:00,2024-01-11 07:55:00,138.3401190402035,0.0,0.0,83.07484358910766,0,0,0.9659258262890683,-0.25881904510252063,0,0,1,0.0,0.0
2024-01-11 08:00:00,2024-01-11 08:00:00,139.3663960853564,0.0,0.0,80.44666283578094,0,0,0.8660254037844387,-0.49999999999999983,0,0,1,0.0,0.0
2024-01-11 08:05:00,2024-01-11 08:05:00,138.1504565739939,0.0,0.0,85.89829382114114,0,0,0.8660254037844387,-0.49999999999999983,0,0,1,0.0,0.0
2024-01-11 08:10:00,2024-01-11 08:10:00,146.31237362238375,0.0,0.0,82.14654547654565,0,0,0.8660254037844387,-0.49999999999999983,0,0,1,0.0,0.0
2024-01-11 08:15:00,2024-01-11 08:15:00,148.03958286760442,0.0,0.0,81.86133128608766,0,0,0.8660254037844387,-0.49999999999999983,0,0,1,0.0,0.0
2024-01-11 08:20:00,2024-01-11 08:20:00,146.16730443300867,0.0,0.0,75.08300659397999,0,0,0.8660254037844387,-0.49999999999999983,0,0,1,0.0,0.0
2024-01-11 08:25:00,2024-01-11 08:25:00,141.33296638250877,0.0,0.0,77.63976491573455,100,0,0.8660254037844387,-0.49999999999999983,0,0,1,0.0,0.0
2024-01-11 08:30:00,2024-01-11 08:30:00,140.22762444156396,0.0,0.0,75.48707381243,0,0,0.8660254037844387,-0.49999999999999983,0,0,1,0.0,0.0
2024-01-11 08:35:00,2024-01-11 08:35:00,143.47516059303555,0.0,0.0,81.37898262479104,0,0,0.8660254037844387,-0.49999999999999983,0,0,1,0.0,0.0
2024-01-11 08:40:00,2024-01-11 08:40:00,141.1208717739713,0.0,0.0,76.77097613897138,0,0,0.8660254037844387,-0.49999999999999983,0,0,1,0.0,0.0
2024-01-11 08:45:00,2024-01-11 08:45:00,145.61651876978482,0.0,0.0,73.86287689015663,100,0,0.8660254037844387,-0.49999999999999983,0,0,1,0.0,0.0
2024-01-11 08:50:00,2024-01-11 08:50:00,137.84742864345773,0.0,0.0,73.96064527417977,0,0,0.8660254037844387,-0.49999999999999983,0,0,1,0.0,0.0
2024-01-11 08:55:00,2024-01-11 08:55:00,141.0033302764349,0.0,0.0,77.34521190115765,0,0,0.8660254037844387,-0.49999999999999983,0,0,1,0.0,0.0
2024-01-11 09:00:00,2024-01-11 09:00:00,138.12216960857256,0.0,0.0,76.19219250349482,0,0,0.7071067811865476,-0.7071067811865475,0,0,1,0.0,0.0
2024-01-11 09:05:00,2024-01-11 09:05:00,137.25593558347344,0.0,0.0,90.0222680296321,0,0,0.7071067811865476,-0.7071067811865475,0,0,1,0.0,0.0
2024-01-11 09:10:00,2024-01-11 09:10:00,150.07836411961068,0.0,0.0,85.02531442441621,0,0,0.7071067811865476,-0.7071067811865475,0,0,1,0.0,0.0
2024-01-11 09:15:00,2024-01-11 09:15:00,140.50794517556568,0.0,0.0,88.61903627169127,0,0,0.7071067811865476,-0.7071067811865475,0,0,1,0.0,0.0
2024-01-11 09:20:00,2024-01-11 09:20:00,140.7047143190436,0.0,0.0,76.2457836796682,0,0,0.7071067811865476,-0.7071067811865475,0,0,1,0.0,0.0
2024-01-11 09:25:00,2024-01-11 09:25:00,139.39987831022785,0.0,0.0,87.25915534407886,100,0,0.7071067811865476,-0.7071067811865475,0,0,1,0.0,0.0
2024-01-11 09:30:00,2024-01-11 09:30:00,143.35946895352632,0.0,0.0,72.81282927986292,0,0,0.7071067811865476,-0.7071067811865475,0,0,1,0.0,0.0
2024-01-11 09:35:00,2024-01-11 09:35:00,140.77768950434432,0.0,0.0,98.072518964055,0,0,0.7071067811865476,-0.7071067811865475,0,0,1,0.0,0.0
2024-01-11 09:40:00,2024-01-11 09:40:00,143.138566581034,0.0,0.0,78.88668134167955,0,0,0.7071067811865476,-0.7071067811865475,0,0,1,0.0,0.0
2024-01-11 09:45:00,2024-01-11 09:45:00,143.4650471812466,0.0,0.0,85.95499847162021,0,0,0.7071067811865476,-0.7071067811865475,0,0,1,0.0,0.0
2024-01-11 09:50:00,2024-01-11 09:50:00,138.35217273333308,0.0,0.0,81.69513166613183,0,0,0.7071067811865476,-0.7071067811865475,0,0,1,0.0,0.0
2024-01-11 09:55:00,2024-01-11 09:55:00,134.4599551187368,0.0,0.0,77.36593159164808,0,0,0.7071067811865476,-0.7071067811865475,0,0,1,0.0,0.0
2024-01-11 10:00:00,2024-01-11 10:00:00,131.09599952661227,0.0,0.0,78.51513240795391,0,0,0.49999999999999994,-0.8660254037844387,0,0,1,0.0,0.0
2024-01-11 10:05:00,2024-01-11 10:05:00,133.4695078548258,0.0,0.0,82.05096647270113,0,0,0.49999999999999994,-0.8660254037844387,0,0,1,0.0,0.0
2024-01-11 10:10:00,2024-01-11 10:10:00,137.33389653363582,0.0,0.0,78.321140714519,0,0,0.49999999999999994,-0.8660254037844387,0,0,1,0.0,0.0
2024-01-11 10:15:00,2024-01-11 10:15:00,136.8997385753779,0.0,0.0,68.59279076871628,100,0,0.49999999999999994,-0.8660254037844387,0,0,1,0.0,0.0
2024-01-11 10:20:00,2024-01-11 10:20:00,137.56425455466146,0.0,0.0,83.69597039447356,0,0,0.49999999999999994,-0.8660254037844387,0,0,1,0.0,0.0
2024-01-11 10:25:00,2024-01-11 10:25:00,142.37531089503372,0.0,0.0,79.67262031244086,0,0,0.49999999999999994,-0.8660254037844387,0,0,1,0.0,0.0
2024-01-11 10:30:00,2024-01-11 10:30:00,137.41836368487648,0.0,0.0,74.54766669567312,0,0,0.49999999999999994,-0.8660254037844387,0,0,1,0.0,0.0
2024-01-11 10:35:00,2024-01-11 10:35:00,143.45735020508278,0.0,0.0,84.27061444278962,0,0,0.49999999999999994,-0.8660254037844387,0,0,1,0.0,0.0
2024-01-11 10:40:00,2024-01-11 10:40:00,131.73642780670517,0.0,0.0,72.95449057087649,100,0,0.49999999999999994,-0.8660254037844387,0,0,1,0.0,0.0
2024-01-11 10:45:00,2024-01-11 10:45:00,140.44098539820658,0.0,0.0,80.93879281356418,0,0,0.49999999999999994,-0.8660254037844387,0,0,1,0.0,0.0
2024-01-11 10:50:00,2024-01-11 10:50:00,140.9208299966317,0.0,0.0,73.72805370343093,0,0,0.49999999999999994,-0.8660254037844387,0,0,1,0.0,0.0
2024-01-11 10:55:00,2024-01-11 10:55:00,134.24872716787934,0.0,0.0,79.12206516574865,0,0,0.49999999999999994,-0.8660254037844387,0,0,1,0.0,0.0
2024-01-11 11:00:00,2024-01-11 11:00:00,139.71480580516229,0.0,0.0,83.3973046749161,0,0,0.258819045102521,-0.9659258262890682,0,0,1,0.0,0.0
2024-01-11 11:05:00,2024-01-11 11:05:00,132.27680743065426,0.0,0.0,77.36314350494865,0,0,0.258819045102521,-0.9659258262890682,0,0,1,0.0,0.0
2024-01-11 11:10:00,2024-01-11 11:10:00,137.01382020325775,0.0,0.0,83.43244945601307,0,0,0.258819045102521,-0.9659258262890682,0,0,1,0.0,0.0
2024-01-11 11:15:00,2024-01-11 11:15:00,131.84392187976525,0.0,0.0,77.43125322477256,0,0,0.258819045102521,-0.9659258262890682,0,0,1,0.0,0.0
2024-01-11 11:20:00,2024-01-11 11:20:00,133.42741022454314,0.0,0.0,72.64091235180071,100,0,0.258819045102521,-0.9659258262890682,0,0,1,0.0,0.0
2024-01-11 11:25:00,2024-01-11 11:25:00,142.96611734114012,0.0,0.0,85.62540071443829,0,0,0.258819045102521,-0.9659258262890682,0,0,1,0.0,0.0
2024-01-11 11:30:00,2024-01-11 11:30:00,130.1328032729065,0.0,0.0,84.33392984758288,100,0,0.258819045102521,-0.9659258262890682,0,0,1,0.0,0.0
2024-01-11 11:35:00,2024-01-11 11:35:00,143.32814506260718,0.0,0.0,80.67850722352892,0,0,0.258819045102521,-0.9659258262890682,0,0,1,0.0,0.0
2024-01-11 11:40:00,2024-01-11 11:40:00,136.0116745679365,0.0,0.0,75.81845190605637,0,0,0.258819045102521,-0.9659258262890682,0,0,1,0.0,0.0
2024-01-11 11:45:00,2024-01-11 11:45:00,122.83096176741562,0.0,0.0,80.31890863076985,0,0,0.258819045102521,-0.9659258262890682,0,0,1,0.0,0.0
2024-01-11 11:50:00,2024-01-11 11:50:00,129.1822829746775,0.0,0.0,85.57895724947372,0,0,0.258819045102521,-0.9659258262890682,0,0,1,0.0,0.0
2024-01-11 11:55:00,2024-01-11 11:55:00,138.8904394850244,0.0,0.0,78.01784584317448,0,0,0.258819045102521,-0.9659258262890682,0,0,1,0.0,0.0
2024-01-11 12:00:00,2024-01-11 12:00:00,131.22197083425775,0.0,0.0,86.02460412015141,0,0,1.2246467991473532e-16,-1.0,0,0,1,0.0,0.0
2024-01-11 12:05:00,2024-01-11 12:05:00,127.5167119174586,0.0,0.0,77.02377790183925,0,0,1.2246467991473532e-16,-1.0,0,0,1,0.0,0.0
2024-01-11 12:10:00,2024-01-11 12:10:00,131.56874632988578,0.0,0.0,73.0011890515599,0,0,1.2246467991473532e-16,-1.0,0,0,1,0.0,0.0
2024-01-11 12:15:00,2024-01-11 12:15:00,131.80456209060517,0.0,0.0,70.5224183934071,0,0,1.2246467991473532e-16,-1.0,0,0,1,0.0,0.0
2024-01-11 12:20:00,2024-01-11 12:20:00,131.03844066340147,0.0,0.0,75.43546314534996,0,0,1.2246467991473532e-16,-1.0,0,0,1,0.0,0.0
2024-01-11 12:25:00,2024-01-11 12:25:00,127.11763795881186,0.0,0.0,85.71496308951738,0,0,1.2246467991473532e-16,-1.0,0,0,1,0.0,0.0
2024-01-11 12:30:00,2024-01-11 12:30:00,134.1034374494631,0.0,0.0,76.19335482947838,0,0,1.2246467991473532e-16,-1.0,0,0,1,0.0,0.0
2024-01-11 12:35:00,2024-01-11 12:35:00,120.55309119366956,0.0,0.0,72.93877475444374,100,0,1.2246467991473532e-16,-1.0,0,0,1,0.0,0.0
2024-01-11 12:40:00,2024-01-11 12:40:00,129.1876230467639,0.0,0.0,82.90399183410338,0,0,1.2246467991473532e-16,-1.0,0,0,1,0.0,0.0
2024-01-11 12:45:00,2024-01-11 12:45:00,132.7937644434299,0.0,0.0,85.06260734333722,0,0,1.2246467991473532e-16,-1.0,0,0,1,0.0,0.0
2024-01-11 12:50:00,2024-01-11 12:50:00,129.89826579558428,0.0,0.0,76.31301088031962,0,0,1.2246467991473532e-16,-1.0,0,0,1,0.0,0.0
2024-01-11 12:55:00,2024-01-11 12:55:00,142.45225791331097,0.0,0.0,75.75875792545216,0,0,1.2246467991473532e-16,-1.0,0,0,1,0.0,0.0
2024-01-11 13:00:00,2024-01-11 13:00:00,116.87648882349148,0.0,0.0,81.24425430579547,0,0,-0.2588190451025208,-0.9659258262890683,0,0,1,0.0,0.0
2024-01-11 13:05:00,2024-01-11 13:05:00,128.39259865888081,0.0,0.0,82.88014595730117,0,0,-0.2588190451025208,-0.9659258262890683,0,0,1,0.0,0.0
2024-01-11 13:10:00,2024-01-11 13:10:00,127.02362506504274,0.0,0.0,79.3070007689674,100,0,-0.2588190451025208,-0.9659258262890683,0,0,1,0.0,0.0
2024-01-11 13:15:00,2024-01-11 13:15:00,128.6621909378004,0.0,0.0,79.5643638449024,0,0,-0.2588190451025208,-0.9659258262890683,0,0,1,0.0,0.0
2024-01-11 13:20:00,2024-01-11 13:20:00,125.51095840386425,0.0,0.0,83.33678705734326,0,0,-0.2588190451025208,-0.9659258262890683,0,0,1,0.0,0.0
2024-01-11 13:25:00,2024-01-11 13:25:00,121.01509978586738,0.0,0.0,88.74765394166026,0,0,-0.2588190451025208,-0.9659258262890683,0,0,1,0.0,0.0
2024-01-11 13:30:00,2024-01-11 13:30:00,119.58542297923694,0.0,0.0,75.64929431579253,100,0,-0.2588190451025208,-0.9659258262890683,0,0,1,0.0,0.0
2024-01-11 13:35:00,2024-01-11 13:35:00,124.49997380847972,0.0,0.0,76.47003178671338,0,0,-0.2588190451025208,-0.9659258262890683,0,0,1,0.0,0.0
2024-01-11 13:40:00,2024-01-11 13:40:00,121.90421395161721,0.0,0.0,79.1996899137839,0,0,-0.2588190451025208,-0.9659258262890683,0,0,1,0.0,0.0
2024-01-11 13:45:00,2024-01-11 13:45:00,123.71765002376152,0.0,0.0,81.9163590953789,0,0,-0.2588190451025208,-0.9659258262890683,0,0,1,0.0,0.0
2024-01-11 13:50:00,2024-01-11 13:50:00,123.36929095933895,0.0,0.0,83.48588804486911,0,0,-0.2588190451025208,-0.9659258262890683,0,0,1,0.0,0.0
2024-01-11 13:55:00,2024-01-11 13:55:00,123.76872304264619,0.0,0.0,76.64573719163971,0,0,-0.2588190451025208,-0.9659258262890683,0,0,1,0.0,0.0
2024-01-11 14:00:00,2024-01-11 14:00:00,119.45756275627951,0.0,0.0,75.58688174218118,0,0,-0.4999999999999998,-0.8660254037844388,0,0,1,0.0,0.0
2024-01-11 14:05:00,2024-01-11 14:05:00,127.94949591025373,0.0,0.0,79.97879321617408,0,0,-0.4999999999999998,-0.8660254037844388,0,0,1,0.0,0.0
2024-01-11 14:10:00,2024-01-11 14:10:00,121.20965622561569,0.0,0.0,80.29263261827545,0,0,-0.4999999999999998,-0.8660254037844388,0,0,1,0.0,0.0
2024-01-11 14:15:00,2024-01-11 14:15:00,119.4636608599522,0.0,0.0,84.52673182387709,0,0,-0.4999999999999998,-0.8660254037844388,0,0,1,0.0,0.0
2024-01-11 14:20:00,2024-01-11 14:20:00,126.43891005078063,0.0,0.0,81.67025284147834,0,0,-0.4999999999999998,-0.8660254037844388,0,0,1,0.0,0.0
2024-01-11 14:25:00,2024-01-11 14:25:00,135.1528180001102,0.0,0.0,77.97036556388151,0,0,-0.4999999999999998,-0.8660254037844388,0,0,1,0.0,0.0
2024-01-11 14:30:00,2024-01-11 14:30:00,114.42088938059516,0.0,0.0,82.40295473862908,100,0,-0.4999999999999998,-0.8660254037844388,0,0,1,0.0,0.0
2024-01-11 14:35:00,2024-01-11 14:35:00,125.90861671600251,0.0,0.0,91.09629244217172,0,0,-0.4999999999999998,-0.8660254037844388,0,0,1,0.0,0.0
2024-01-11 14:40:00,2024-01-11 14:40:00,116.3158512016269,0.0,0.0,86.13395981564304,0,0,-0.4999999999999998,-0.8660254037844388,0,0,1,0.0,0.0
2024-01-11 14:45:00,2024-01-11 14:45:00,121.82681737934077,0.0,0.0,80.29627979934945,0,0,-0.4999999999999998,-0.8660254037844388,0,0,1,0.0,0.0
2024-01-11 14:50:00,2024-01-11 14:50:00,123.70439343643204,0.0,0.0,71.80742839099821,0,0,-0.4999999999999998,-0.8660254037844388,0,0,1,0.0,0.0
2024-01-11 14:55:00,2024-01-11 14:55:00,114.60363493371199,0.0,0.0,80.32963951791749,0,0,-0.4999999999999998,-0.8660254037844388,0,0,1,0.0,0.0
2024-01-11 15:00:00,2024-01-11 15:00:00,115.3147290869718,7.0,70.0,81.01502937571472,0,0,-0.7071067811865471,-0.7071067811865479,0,0,1,6.3,56.0
2024-01-11 15:05:00,2024-01-11 15:05:00,119.28026839516895,0.0,0.0,85.24750083223996,0,0,-0.7071067811865471,-0.7071067811865479,0,0,1,6.3,56.0
2024-01-11 15:10:00,2024-01-11 15:10:00,124.07686046587388,0.0,0.0,71.53262132160981,100,0,-0.7071067811865471,-0.7071067811865479,0,0,1,6.3,56.0
2024-01-11 15:15:00,2024-01-11 15:15:00,124.38765040240648,0.0,0.0,74.36117468733642,0,0,-0.7071067811865471,-0.7071067811865479,0,0,1,6.3,56.0
2024-01-11 15:20:00,2024-01-11 15:20:00,122.42747242225448,0.0,0.0,77.10244306159177,0,0,-0.7071067811865471,-0.7071067811865479,0,0,1,6.3,56.0
2024-01-11 15:25:00,2024-01-11 15:25:00,121.889282656914,0.0,0.0,75.82480181815626,0,0,-0.7071067811865471,-0.7071067811865479,0,0,1,6.3,56.0
2024-01-11 15:30:00,2024-01-11 15:30:00,131.80873514038498,0.0,0.0,84.80521438109781,0,0,-0.7071067811865471,-0.7071067811865479,0,0,1,6.3,56.0
2024-01-11 15:35:00,2024-01-11 15:35:00,132.1969390518873,0.0,0.0,74.04207596937198,0,0,-0.7071067811865471,-0.7071067811865479,0,0,1,6.3,56.0
2024-01-11 15:40:00,2024-01-11 15:40:00,144.39432569777182,0.0,0.0,81.14789282016345,0,0,-0.7071067811865471,-0.7071067811865479,0,0,1,6.3,56.0
2024-01-11 15:45:00,2024-01-11 15:45:00,134.96557837783953,0.0,0.0,88.45996518584387,0,0,-0.7071067811865471,-0.7071067811865479,0,0,1,6.3,56.0
2024-01-11 15:50:00,2024-01-11 15:50:00,150.94067281509436,0.0,0.0,78.90404965508401,0,0,-0.7071067811865471,-0.7071067811865479,0,0,1,6.3,56.0
2024-01-11 15:55:00,2024-01-11 15:55:00,148.8818467218224,0.0,0.0,81.57765192867285,0,0,-0.7071067811865471,-0.7071067811865479,0,0,1,6.3,56.0
2024-01-11 16:00:00,2024-01-11 16:00:00,160.6997552638901,0.0,0.0,78.04994785979378,0,0,-0.8660254037844384,-0.5000000000000004,0,0,1,6.3,56.0
2024-01-11 16:05:00,2024-01-11 16:05:00,157.6820140002084,0.0,0.0,84.62142261326721,100,0,-0.8660254037844384,-0.5000000000000004,0,0,1,6.3,56.0
2024-01-11 16:10:00,2024-01-11 16:10:00,175.45270385213217,0.0,0.0,82.29727653263306,100,0,-0.8660254037844384,-0.5000000000000004,0,0,1,6.3,56.0
2024-01-11 16:15:00,2024-01-11 16:15:00,174.7896593361064,0.0,0.0,79.45016829650922,0,0,-0.8660254037844384,-0.5000000000000004,0,0,1,6.3,56.0
2024-01-11 16:20:00,2024-01-11 16:20:00,173.0953560364891,0.0,0.0,73.99898710195589,0,0,-0.8660254037844384,-0.5000000000000004,0,0,1,6.3,56.0
2024-01-11 16:25:00,2024-01-11 16:25:00,161.27597297299943,0.0,0.0,91.43996513602237,0,0,-0.8660254037844384,-0.5000000000000004,0,0,1,6.3,56.0
2024-01-11 16:30:00,2024-01-11 16:30:00,170.09680245834005,0.0,0.0,76.8415154766587,0,0,-0.8660254037844384,-0.5000000000000004,0,0,1,6.3,56.0
2024-01-11 16:35:00,2024-01-11 16:35:00,173.7360857890891,0.0,0.0,85.27530806267677,0,0,-0.8660254037844384,-0.5000000000000004,0,0,1,6.3,56.0
2024-01-11 16:40:00,2024-01-11 16:40:00,160.53690151620881,0.0,0.0,78.93800545523516,0,0,-0.8660254037844384,-0.5000000000000004,0,0,1,6.3,56.0
2024-01-11 16:45:00,2024-01-11 16:45:00,168.1138874245887,0.0,0.0,75.09046116419375,100,0,-0.8660254037844384,-0.5000000000000004,0,0,1,6.3,56.0
2024-01-11 16:50:00,2024-01-11 16:50:00,158.57810947478671,0.0,0.0,80.6709414607382,0,0,-0.8660254037844384,-0.5000000000000004,0,0,1,6.3,56.0
2024-01-11 16:55:00,2024-01-11 16:55:00,150.89773344932286,0.0,0.0,72.33914634691962,0,0,-0.8660254037844384,-0.5000000000000004,0,0,1,6.3,56.0
2024-01-11 17:00:00,2024-01-11 17:00:00,146.8976652048083,0.0,0.0,83.61248624117256,0,0,-0.9659258262890683,-0.25881904510252063,0,0,1,6.3,56.0
2024-01-11 17:05:00,2024-01-11 17:05:00,125.92727061877933,0.0,0.0,82.93766275503224,0,0,-0.9659258262890683,-0.25881904510252063,0,0,1,6.3,56.0
2024-01-11 17:10:00,2024-01-11 17:10:00,140.6981966408433,0.0,0.0,76.50250473848998,0,0,-0.9659258262890683,-0.25881904510252063,0,0,1,6.3,56.0
2024-01-11 17:15:00,2024-01-11 17:15:00,129.58098264856707,0.0,0.0,74.0918663239445,0,0,-0.9659258262890683,-0.25881904510252063,0,0,1,6.3,56.0
2024-01-11 17:20:00,2024-01-11 17:20:00,119.99139443572268,0.0,0.0,81.78923932321345,0,0,-0.9659258262890683,-0.25881904510252063,0,0,1,6.3,56.0
2024-01-11 17:25:00,2024-01-11 17:25:00,122.71175921976517,0.0,0.0,87.04970573590407,0,0,-0.9659258262890683,-0.25881904510252063,0,0,1,6.3,56.0
2024-01-11 17:30:00,2024-01-11 17:30:00,120.61585618563257,0.0,0.0,84.08351770181113,0,0,-0.9659258262890683,-0.25881904510252063,0,0,1,6.3,56.0
2024-01-11 17:35:00,2024-01-11 17:35:00,113.92172111315307,0.0,0.0,82.09176552765337,0,0,-0.9659258262890683,-0.25881904510252063,0,0,1,6.3,56.0
2024-01-11 17:40:00,2024-01-11 17:40:00,118.34942361692752,0.0,0.0,87.41683027743878,0,0,-0.9659258262890683,-0.25881904510252063,0,0,1,6.3,56.0
2024-01-11 17:45:00,2024-01-11 17:45:00,111.46128722367305,0.0,0.0,83.38247286811605,0,0,-0.9659258262890683,-0.25881904510252063,0,0,1,6.3,56.0
2024-01-11 17:50:00,2024-01-11 17:50:00,118.90499737626483,0.0,0.0,83.49910009859164,0,0,-0.9659258262890683,-0.25881904510252063,0,0,1,6.3,56.0
2024-01-11 17:55:00,2024-01-11 17:55:00,123.06309904174071,0.0,0.0,83.8919410697557,0,0,-0.9659258262890683,-0.25881904510252063,0,0,1,6.3,56.0
2024-01-11 18:00:00,2024-01-11 18:00:00,120.52847732598497,0.0,0.0,81.68620586790058,0,0,-1.0,-1.8369701987210297e-16,0,0,1,6.3,0.0
2024-01-11 18:05:00,2024-01-11 18:05:00,118.39759473591393,0.0,0.0,89.91260303605672,0,0,-1.0,-1.8369701987210297e-16,0,0,1,6.3,0.0
2024-01-11 18:10:00,2024-01-11 18:10:00,112.27700391090428,0.0,0.0,76.88662545132252,0,0,-1.0,-1.8369701987210297e-16,0,0,1,6.3,0.0
2024-01-11 18:15:00,2024-01-11 18:15:00,121.30065437978476,0.0,0.0,85.05584160676203,0,0,-1.0,-1.8369701987210297e-16,0,0,1,6.3,0.0
2024-01-11 18:20:00,2024-01-11 18:20:00,106.80302755394635,0.0,0.0,73.41851870274118,0,0,-1.0,-1.8369701987210297e-16,0,0,1,6.3,0.0
2024-01-11 18:25:00,2024-01-11 18:25:00,112.29302810724448,0.0,0.0,83.60679471212865,0,0,-1.0,-1.8369701987210297e-16,0,0,1,6.3,0.0
2024-01-11 18:30:00,2024-01-11 18:30:00,112.96011337923422,0.0,0.0,82.14390957261568,0,0,-1.0,-1.8369701987210297e-16,0,0,1,6.3,0.0
2024-01-11 18:35:00,2024-01-11 18:35:00,119.87620386574577,0.0,0.0,74.53590286873926,0,0,-1.0,-1.8369701987210297e-16,0,0,1,6.3,0.0
2024-01-11 18:40:00,2024-01-11 18:40:00,118.80840384797732,0.0,0.0,84.86154291389784,0,0,-1.0,-1.8369701987210297e-16,0,0,1,6.3,0.0
2024-01-11 18:45:00,2024-01-11 18:45:00,100.27805829808884,0.0,0.0,82.5679690992547,0,0,-1.0,-1.8369701987210297e-16,0,0,1,6.3,0.0
2024-01-11 18:50:00,2024-01-11 18:50:00,120.49418263999426,0.0,0.0,75.78274451759589,0,0,-1.0,-1.8369701987210297e-16,0,0,1,6.3,0.0
2024-01-11 18:55:00,2024-01-11 18:55:00,110.84591626828961,0.0,0.0,91.47964402293363,0,0,-1.0,-1.8369701987210297e-16,0,0,1,6.3,0.0
2024-01-11 19:00:00,2024-01-11 19:00:00,121.26957320855139,0.0,0.0,81.26881503831459,0,0,-0.9659258262890684,0.2588190451025203,0,0,1,6.3,0.0
2024-01-11 19:05:00,2024-01-11 19:05:00,113.19009748046287,0.0,0.0,87.0452999678068,0,0,-0.9659258262890684,0.2588190451025203,0,0,1,6.3,0.0
2024-01-11 19:10:00,2024-01-11 19:10:00,118.60347614002254,0.0,0.0,75.14851502929807,0,0,-0.9659258262890684,0.2588190451025203,0,0,1,6.3,0.0
2024-01-11 19:15:00,2024-01-11 19:15:00,123.56272680656886,0.0,0.0,90.0391500004522,0,0,-0.9659258262890684,0.2588190451025203,0,0,1,6.3,0.0
2024-01-11 19:20:00,2024-01-11 19:20:00,120.72826646511903,0.0,0.0,78.85554268364895,0,0,-0.9659258262890684,0.2588190451025203,0,0,1,6.3,0.0
2024-01-11 19:25:00,2024-01-11 19:25:00,110.90679825521521,0.0,0.0,86.6365861052082,100,0,-0.9659258262890684,0.2588190451025203,0,0,1,6.3,0.0
2024-01-11 19:30:00,2024-01-11 19:30:00,114.2058991330963,0.0,0.0,85.5991026099474,100,0,-0.9659258262890684,0.2588190451025203,0,0,1,6.3,0.0
2024-01-11 19:35:00,2024-01-11 19:35:00,114.19641390356128,0.0,0.0,77.67261479194633,0,0,-0.9659258262890684,0.2588190451025203,0,0,1,6.3,0.0
2024-01-11 19:40:00,2024-01-11 19:40:00,114.12654073928304,0.0,0.0,82.89315015191035,100,0,-0.9659258262890684,0.2588190451025203,0,0,1,6.3,0.0
2024-01-11 19:45:00,2024-01-11 19:45:00,120.28883008044788,0.0,0.0,80.51732388862142,0,0,-0.9659258262890684,0.2588190451025203,0,0,1,6.3,0.0
2024-01-11 19:50:00,2024-01-11 19:50:00,111.78673726105787,0.0,0.0,77.63420866861982,0,0,-0.9659258262890684,0.2588190451025203,0,0,1,6.3,0.0
2024-01-11 19:55:00,2024-01-11 19:55:00,113.70153689146055,0.0,0.0,74.70498800602029,0,0,-0.9659258262890684,0.2588190451025203,0,0,1,6.3,0.0
2024-01-11 20:00:00,2024-01-11 20:00:00,122.951715790656,5.0,50.0,77.89487013412173,0,0,-0.8660254037844386,0.5000000000000001,0,0,1,4.5,40.0
2024-01-11 20:05:00,2024-01-11 20:05:00,113.20416792857783,0.0,0.0,81.36303359716437,0,0,-0.8660254037844386,0.5000000000000001,0,0,1,4.5,40.0
2024-01-11 20:10:00,2024-01-11 20:10:00,115.6268983199418,0.0,0.0,73.65046474679018,0,0,-0.8660254037844386,0.5000000000000001,0,0,1,4.5,40.0
2024-01-11 20:15:00,2024-01-11 20:15:00,120.9808890076236,0.0,0.0,74.85756124033738,100,0,-0.8660254037844386,0.5000000000000001,0,0,1,4.5,40.0
2024-01-11 20:20:00,2024-01-11 20:20:00,116.88350109413723,0.0,0.0,74.86203986381622,0,0,-0.8660254037844386,0.5000000000000001,0,0,1,4.5,40.0
2024-01-11 20:25:00,2024-01-11 20:25:00,123.88867529657658,0.0,0.0,72.3351472719523,0,0,-0.8660254037844386,0.5000000000000001,0,0,1,4.5,40.0
2024-01-11 20:30:00,2024-01-11 20:30:00,124.24020395282646,0.0,0.0,76.81491620404559,0,0,-0.8660254037844386,0.5000000000000001,0,0,1,4.5,40.0
2024-01-11 20:35:00,2024-01-11 20:35:00,121.77121211681104,0.0,0.0,76.94469614764793,0,0,-0.8660254037844386,0.5000000000000001,0,0,1,4.5,40.0
2024-01-11 20:40:00,2024-01-11 20:40:00,126.93685291971101,0.0,0.0,84.43208679747599,0,0,-0.8660254037844386,0.5000000000000001,0,0,1,4.5,40.0
2024-01-11 20:45:00,2024-01-11 20:45:00,136.430795232992,0.0,0.0,70.91361300552273,0,0,-0.8660254037844386,0.5000000000000001,0,0,1,4.5,40.0
2024-01-11 20:50:00,2024-01-11 20:50:00,140.52747466023752,0.0,0.0,83.58020082874617,0,0,-0.8660254037844386,0.5000000000000001,0,0,1,4.5,40.0
2024-01-11 20:55:00,2024-01-11 20:55:00,142.88743074484694,0.0,0.0,73.07574161628277,0,0,-0.8660254037844386,0.5000000000000001,0,0,1,4.5,40.0
2024-01-11 21:00:00,2024-01-11 21:00:00,147.7417035356885,0.0,0.0,74.51256838224286,0,0,-0.7071067811865477,0.7071067811865474,0,0,1,4.5,40.0
2024-01-11 21:05:00,2024-01-11 21:05:00,145.6346863393046,0.0,0.0,80.13925242264291,0,0,-0.7071067811865477,0.7071067811865474,0,0,1,4.5,40.0
2024-01-11 21:10:00,2024-01-11 21:10:00,159.5247476524084,0.0,0.0,82.92975415885849,0,0,-0.7071067811865477,0.7071067811865474,0,0,1,4.5,40.0
2024-01-11 21:15:00,2024-01-11 21:15:00,156.8611307766402,0.0,0.0,77.12381796588323,0,0,-0.7071067811865477,0.7071067811865474,0,0,1,4.5,40.0
2024-01-11 21:20:00,2024-01-11 21:20:00,162.72373786694217,0.0,0.0,74.31340497489052,0,0,-0.7071067811865477,0.7071067811865474,0,0,1,4.5,40.0
2024-01-11 21:25:00,2024-01-11 21:25:00,159.9431788910657,0.0,0.0,82.26907814296885,0,0,-0.7071067811865477,0.7071067811865474,0,0,1,4.5,40.0
2024-01-11 21:30:00,2024-01-11 21:30:00,155.5687089537352,0.0,0.0,87.82480064016724,0,0,-0.7071067811865477,0.7071067811865474,0,0,1,4.5,40.0
2024-01-11 21:35:00,2024-01-11 21:35:00,150.9993070983651,0.0,0.0,83.18501345374176,0,0,-0.7071067811865477,0.7071067811865474,0,0,1,4.5,40.0
2024-01-11 21:40:00,2024-01-11 21:40:00,152.23213477728285,0.0,0.0,77.61093683169959,0,0,-0.7071067811865477,0.7071067811865474,0,0,1,4.5,40.0
2024-01-11 21:45:00,2024-01-11 21:45:00,154.7430704205498,0.0,0.0,79.66002430380085,0,0,-0.7071067811865477,0.7071067811865474,0,0,1,4.5,40.0
2024-01-11 21:50:00,2024-01-11 21:50:00,156.959221740145,0.0,0.0,84.59549098963136,0,0,-0.7071067811865477,0.7071067811865474,0,0,1,4.5,40.0
2024-01-11 21:55:00,2024-01-11 21:55:00,149.76570739228126,0.0,0.0,83.08923983782284,0,0,-0.7071067811865477,0.7071067811865474,0,0,1,4.5,40.0
2024-01-11 22:00:00,2024-01-11 22:00:00,144.24028797199537,0.0,0.0,74.15651118724337,0,0,-0.5000000000000004,0.8660254037844384,0,0,1,4.5,40.0
2024-01-11 22:05:00,2024-01-11 22:05:00,139.58451364727688,0.0,0.0,77.85168762310262,0,0,-0.5000000000000004,0.8660254037844384,0,0,1,4.5,40.0
2024-01-11 22:10:00,2024-01-11 22:10:00,136.74382162445582,0.0,0.0,83.19830535971471,0,0,-0.5000000000000004,0.8660254037844384,0,0,1,4.5,40.0
2024-01-11 22:15:00,2024-01-11 22:15:00,129.15351618342945,0.0,0.0,79.38945716420058,0,0,-0.5000000000000004,0.8660254037844384,0,0,1,4.5,40.0
2024-01-11 22:20:00,2024-01-11 22:20:00,129.84188051582768,0.0,0.0,84.6813129174276,0,0,-0.5000000000000004,0.8660254037844384,0,0,1,4.5,40.0
2024-01-11 22:25:00,2024-01-11 22:25:00,131.68109688262433,0.0,0.0,71.62331426928077,0,0,-0.5000000000000004,0.8660254037844384,0,0,1,4.5,40.0
2024-01-11 22:30:00,2024-01-11 22:30:00,124.31117294647329,0.0,0.0,81.69156353763908,0,0,-0.5000000000000004,0.8660254037844384,0,0,1,4.5,40.0
2024-01-11 22:35:00,2024-01-11 22:35:00,119.41303942497929,0.0,0.0,84.3244072602163,0,0,-0.5000000000000004,0.8660254037844384,0,0,1,4.5,40.0
2024-01-11 22:40:00,2024-01-11 22:40:00,127.28121708673726,0.0,0.0,81.61084203119805,100,0,-0.5000000000000004,0.8660254037844384,0,0,1,4.5,40.0
2024-01-11 22:45:00,2024-01-11 22:45:00,125.86676736650804,0.0,0.0,76.24653196643308,0,0,-0.5000000000000004,0.8660254037844384,0,0,1,4.5,40.0
2024-01-11 22:50:00,2024-01-11 22:50:00,121.23762523471264,0.0,0.0,83.64349210392137,0,0,-0.5000000000000004,0.8660254037844384,0,0,1,4.5,40.0
2024-01-11 22:55:00,2024-01-11 22:55:00,117.51130996044553,0.0,0.0,74.85781284115082,0,0,-0.5000000000000004,0.8660254037844384,0,0,1,4.5,40.0
2024-01-11 23:00:00,2024-01-11 23:00:00,136.29131721135457,0.0,0.0,74.9752796725,0,0,-0.25881904510252157,0.9659258262890681,0,0,1,4.5,0.0
2024-01-11 23:05:00,2024-01-11 23:05:00,126.61274070086465,0.0,0.0,83.81919620214532,0,0,-0.25881904510252157,0.9659258262890681,0,0,1,4.5,0.0
2024-01-11 23:10:00,2024-01-11 23:10:00,130.2781354724709,0.0,0.0,76.52910211522622,0,0,-0.25881904510252157,0.9659258262890681,0,0,1,4.5,0.0
2024-01-11 23:15:00,2024-01-11 23:15:00,126.65528762036068,0.0,0.0,82.10117712282877,100,0,-0.25881904510252157,0.9659258262890681,0,0,1,4.5,0.0
2024-01-11 23:20:00,2024-01-11 23:20:00,129.78659611157968,0.0,0.0,71.0612568318729,100,0,-0.25881904510252157,0.9659258262890681,0,0,1,4.5,0.0
2024-01-11 23:25:00,2024-01-11 23:25:00,135.96536462870966,0.0,0.0,85.28374055622834,0,0,-0.25881904510252157,0.9659258262890681,0,0,1,4.5,0.0
2024-01-11 23:30:00,2024-01-11 23:30:00,129.3578068034517,0.0,0.0,78.57595834525786,0,0,-0.25881904510252157,0.9659258262890681,0,0,1,4.5,0.0
2024-01-11 23:35:00,2024-01-11 23:35:00,128.28510570634074,0.0,0.0,86.96120123122704,100,0,-0.25881904510252157,0.9659258262890681,0,0,1,4.5,0.0
2024-01-11 23:40:00,2024-01-11 23:40:00,134.3631752511915,0.0,0.0,75.60207128092365,0,0,-0.25881904510252157,0.9659258262890681,0,0,1,4.5,0.0
2024-01-11 23:45:00,2024-01-11 23:45:00,130.88987292102559,0.0,0.0,78.59328248881467,0,0,-0.25881904510252157,0.9659258262890681,0,0,1,4.5,0.0
2024-01-11 23:50:00,2024-01-11 23:50:00,123.46581935974154,0.0,0.0,76.54843404088302,0,0,-0.25881904510252157,0.9659258262890681,0,0,1,4.5,0.0
2024-01-11 23:55:00,2024-01-11 23:55:00,120.811290811612,0.0,0.0,86.76264759056738,0,0,-0.25881904510252157,0.9659258262890681,0,0,1,4.5,0.0
2024-01-12 00:00:00,2024-01-12 00:00:00,129.67057767910595,0.0,0.0,74.92070710629656,0,0,0.0,1.0,0,0,1,4.5,0.0
2024-01-12 00:05:00,2024-01-12 00:05:00,125.55931594563577,0.0,0.0,74.07245724774755,0,0,0.0,1.0,0,0,1,4.5,0.0
2024-01-12 00:10:00,2024-01-12 00:10:00,133.22655532553082,0.0,0.0,83.00823365936738,0,0,0.0,1.0,0,0,1,4.5,0.0
2024-01-12 00:15:00,2024-01-12 00:15:00,124.97868169148634,0.0,0.0,72.05977274823384,0,0,0.0,1.0,0,0,1,4.5,0.0
2024-01-12 00:20:00,2024-01-12 00:20:00,122.62038398837969,0.0,0.0,85.78175660509325,0,0,0.0,1.0,0,0,1,4.5,0.0
2024-01-12 00:25:00,2024-01-12 00:25:00,122.68914512639812,0.0,0.0,89.10075647914712,0,0,0.0,1.0,0,0,1,4.5,0.0
2024-01-12 00:30:00,2024-01-12 00:30:00,133.95243917896173,0.0,0.0,83.80428417993295,0,0,0.0,1.0,0,0,1,4.5,0.0
2024-01-12 00:35:00,2024-01-12 00:35:00,130.74662883242888,0.0,0.0,71.59190429416205,100,0,0.0,1.0,0,0,1,4.5,0.0
2024-01-12 00:40:00,2024-01-12 00:40:00,129.4942337599555,0.0,0.0,75.35474967340419,0,0,0.0,1.0,0,0,1,4.5,0.0
2024-01-12 00:45:00,2024-01-12 00:45:00,129.42343869185197,0.0,0.0,79.65293237429972,0,0,0.0,1.0,0,0,1,4.5,0.0
2024-01-12 00:50:00,2024-01-12 00:50:00,124.04009547832884,0.0,0.0,79.527955394664,0,0,0.0,1.0,0,0,1,4.5,0.0
2024-01-12 00:55:00,2024-01-12 00:55:00,125.57857451601505,0.0,0.0,79.67934822696674,0,0,0.0,1.0,0,0,1,4.5,0.0
2024-01-12 01:00:00,2024-01-12 01:00:00,138.9153800420778,0.0,0.0,83.5819548475718,0,0,0.25881904510252074,0.9659258262890683,0,0,1,0.0,0.0
2024-01-12 01:05:00,2024-01-12 01:05:00,132.85751124275703,0.0,0.0,73.13120636437479,0,0,0.25881904510252074,0.9659258262890683,0,0,1,0.0,0.0
2024-01-12 01:10:00,2024-01-12 01:10:00,127.84311164879485,0.0,0.0,80.63483406947543,0,0,0.25881904510252074,0.9659258262890683,0,0,1,0.0,0.0
2024-01-12 01:15:00,2024-01-12 01:15:00,134.33908052351913,0.0,0.0,86.39759144850781,0,0,0.25881904510252074,0.9659258262890683,0,0,1,0.0,0.0
2024-01-12 01:20:00,2024-01-12 01:20:00,128.76873968276018,0.0,0.0,82.70392187352603,0,0,0.25881904510252074,0.9659258262890683,0,0,1,0.0,0.0
2024-01-12 01:25:00,2024-01-12 01:25:00,134.1186383661648,0.0,0.0,80.89021479663447,0,0,0.25881904510252074,0.9659258262890683,0,0,1,0.0,0.0
2024-01-12 01:30:00,2024-01-12 01:30:00,134.29822270433527,0.0,0.0,81.23247506328339,0,0,0.25881904510252074,0.9659258262890683,0,0,1,0.0,0.0
2024-01-12 01:35:00,2024-01-12 01:35:00,132.5258663255678,0.0,0.0,81.19157615856858,0,0,0.25881904510252074,0.9659258262890683,0,0,1,0.0,0.0
2024-01-12 01:40:00,2024-01-12 01:40:00,140.72002017087019,0.0,0.0,73.62250476039249,0,0,0.25881904510252074,0.9659258262890683,0,0,1,0.0,0.0
2024-01-12 01:45:00,2024-01-12 01:45:00,130.2470259980931,0.0,0.0,80.65736814873121,0,0,0.25881904510252074,0.9659258262890683,0,0,1,0.0,0.0
2024-01-12 01:50:00,2024-01-12 01:50:00,129.26514204056784,0.0,0.0,79.00403875932717,0,0,0.25881904510252074,0.9659258262890683,0,0,1,0.0,0.0
2024-01-12 01:55:00,2024-01-12 01:55:00,135.6257962735899,0.0,0.0,74.33053877961719,0,0,0.25881904510252074,0.9659258262890683,0,0,1,0.0,0.0
2024-01-12 02:00:00,2024-01-12 02:00:00,145.06719363010242,0.0,0.0,81.81609389263704,0,0,0.49999999999999994,0.8660254037844387,0,0,1,0.0,0.0
2024-01-12 02:05:00,2024-01-12 02:05:00,139.84459286130036,0.0,0.0,81.8745856567158,0,0,0.49999999999999994,0.8660254037844387,0,0,1,0.0,0.0
2024-01-12 02:10:00,2024-01-12 02:10:00,130.43212919456505,0.0,0.0,71.94790631181779,0,0,0.49999999999999994,0.8660254037844387,0,0,1,0.0,0.0
2024-01-12 02:15:00,2024-01-12 02:15:00,136.62926999147433,0.0,0.0,77.19558410835145,0,0,0.49999999999999994,0.8660254037844387,0,0,1,0.0,0.0
2024-01-12 02:20:00,2024-01-12 02:20:00,136.75021224099837,0.0,0.0,73.57229770332492,0,0,0.49999999999999994,0.8660254037844387,0,0,1,0.0,0.0
2024-01-12 02:25:00,2024-01-12 02:25:00,140.20327719620818,0.0,0.0,76.89208875941272,0,0,0.49999999999999994,0.8660254037844387,0,0,1,0.0,0.0
2024-01-12 02:30:00,2024-01-12 02:30:00,134.6728555795331,0.0,0.0,79.74749236704734,100,0,0.49999999999999994,0.8660254037844387,0,0,1,0.0,0.0
2024-01-12 02:35:00,2024-01-12 02:35:00,137.96881799042697,0.0,0.0,79.3540669954817,0,0,0.49999999999999994,0.8660254037844387,0,0,1,0.0,0.0
2024-01-12 02:40:00,2024-01-12 02:40:00,138.99760486059657,0.0,0.0,85.06655382364625,100,0,0.49999999999999994,0.8660254037844387,0,0,1,0.0,0.0
2024-01-12 02:45:00,2024-01-12 02:45:00,142.58216084961296,0.0,0.0,87.18437451249044,0,0,0.49999999999999994,0.8660254037844387,0,0,1,0.0,0.0
2024-01-12 02:50:00,2024-01-12 02:50:00,141.2351222801496,0.0,0.0,80.56509750459993,0,0,0.49999999999999994,0.8660254037844387,0,0,1,0.0,0.0
2024-01-12 02:55:00,2024-01-12 02:55:00,132.11173238144926,0.0,0.0,84.65901428547076,0,0,0.49999999999999994,0.8660254037844387,0,0,1,0.0,0.0
2024-01-12 03:00:00,2024-01-12 03:00:00,147.86429209106095,0.0,0.0,80.08902718174485,0,0,0.7071067811865475,0.7071067811865476,0,0,1,0.0,0.0
2024-01-12 03:05:00,2024-01-12 03:05:00,138.26447168377302,0.0,0.0,80.89985978704173,0,0,0.7071067811865475,0.7071067811865476,0,0,1,0.0,0.0
2024-01-12 03:10:00,2024-01-12 03:10:00,135.20426206279578,0.0,0.0,75.84142742277105,0,0,0.7071067811865475,0.7071067811865476,0,0,1,0.0,0.0
2024-01-12 03:15:00,2024-01-12 03:15:00,134.5787142432674,0.0,0.0,83.90124581053198,0,0,0.7071067811865475,0.7071067811865476,0,0,1,0.0,0.0
2024-01-12 03:20:00,2024-01-12 03:20:00,142.68171518085813,0.0,0.0,77.92994376645598,100,0,0.7071067811865475,0.7071067811865476,0,0,1,0.0,0.0
2024-01-12 03:25:00,2024-01-12 03:25:00,144.03302772539337,0.0,0.0,79.95365093880373,0,0,0.7071067811865475,0.7071067811865476,0,0,1,0.0,0.0
2024-01-12 03:30:00,2024-01-12 03:30:00,142.53496634436803,0.0,0.0,84.26227405768,0,0,0.7071067811865475,0.7071067811865476,0,0,1,0.0,0.0
2024-01-12 03:35:00,2024-01-12 03:35:00,137.48355525597788,0.0,0.0,82.49790525459086,0,0,0.7071067811865475,0.7071067811865476,0,0,1,0.0,0.0
2024-01-12 03:40:00,2024-01-12 03:40:00,138.36207069557634,0.0,0.0,81.39868100005579,0,0,0.7071067811865475,0.7071067811865476,0,0,1,0.0,0.0
2024-01-12 03:45:00,2024-01-12 03:45:00,137.45236821698398,0.0,0.0,78.65297485518141,0,0,0.7071067811865475,0.7071067811865476,0,0,1,0.0,0.0
2024-01-12 03:50:00,2024-01-12 03:50:00,140.0987210547829,0.0,0.0,84.27732252771607,100,0,0.7071067811865475,0.7071067811865476,0,0,1,0.0,0.0
2024-01-12 03:55:00,2024-01-12 03:55:00,133.42255508798164,0.0,0.0,87.8045933606657,0,0,0.7071067811865475,0.7071067811865476,0,0,1,0.0,0.0
2024-01-12 04:00:00,2024-01-12 04:00:00,150.21683844860104,0.0,0.0,77.36195397973135,0,0,0.8660254037844386,0.5000000000000001,0,0,1,0.0,0.0
2024-01-12 04:05:00,2024-01-12 04:05:00,140.25353921064666,0.0,0.0,73.87051418953025,100,0,0.8660254037844386,0.5000000000000001,0,0,1,0.0,0.0
2024-01-12 04:10:00,2024-01-12 04:10:00,142.20755768567685,0.0,0.0,76.09695875140591,0,0,0.8660254037844386,0.5000000000000001,0,0,1,0.0,0.0
2024-01-12 04:15:00,2024-01-12 04:15:00,139.379984317405,0.0,0.0,81.75257764082748,100,0,0.8660254037844386,0.5000000000000001,0,0,1,0.0,0.0
2024-01-12 04:20:00,2024-01-12 04:20:00,142.13880296802552,0.0,0.0,77.80325319212004,100,0,0.8660254037844386,0.5000000000000001,0,0,1,0.0,0.0
2024-01-12 04:25:00,2024-01-12 04:25:00,143.17921909965142,0.0,0.0,83.5519123000619,0,0,0.8660254037844386,0.5000000000000001,0,0,1,0.0,0.0
2024-01-12 04:30:00,2024-01-12 04:30:00,141.5283654322606,0.0,0.0,86.41953650262299,0,0,0.8660254037844386,0.5000000000000001,0,0,1,0.0,0.0
2024-01-12 04:35:00,2024-01-12 04:35:00,151.25592438622627,0.0,0.0,78.88211089435464,0,0,0.8660254037844386,0.5000000000000001,0,0,1,0.0,0.0
2024-01-12 04:40:00,2024-01-12 04:40:00,138.58816524668444,0.0,0.0,84.58487916521044,0,0,0.8660254037844386,0.5000000000000001,0,0,1,0.0,0.0
2024-01-12 04:45:00,2024-01-12 04:45:00,149.36381757099258,0.0,0.0,80.20105112768805,0,0,0.8660254037844386,0.5000000000000001,0,0,1,0.0,0.0
2024-01-12 04:50:00,2024-01-12 04:50:00,133.84836041023001,0.0,0.0,76.99645820155776,0,0,0.8660254037844386,0.5000000000000001,0,0,1,0.0,0.0
2024-01-12 04:55:00,2024-01-12 04:55:00,148.78435721298777,0.0,0.0,79.43885066296427,0,0,0.8660254037844386,0.5000000000000001,0,0,1,0.0,0.0
2024-01-12 05:00:00,2024-01-12 05:00:00,146.97343261478568,0.0,0.0,81.39065976497649,100,0,0.9659258262890683,0.25881904510252074,0,0,1,0.0,0.0
2024-01-12 05:05:00,2024-01-12 05:05:00,143.13167089953916,0.0,0.0,75.75341123900087,0,0,0.9659258262890683,0.25881904510252074,0,0,1,0.0,0.0
2024-01-12 05:10:00,2024-01-12 05:10:00,146.2716551968683,0.0,0.0,78.00004319853747,0,0,0.9659258262890683,0.25881904510252074,0,0,1,0.0,0.0
2024-01-12 05:15:00,2024-01-12 05:15:00,143.63360981695078,0.0,0.0,77.82413099219893,0,0,0.9659258262890683,0.25881904510252074,0,0,1,0.0,0.0
2024-01-12 05:20:00,2024-01-12 05:20:00,155.42360192698737,0.0,0.0,76.6182195519579,0,0,0.9659258262890683,0.25881904510252074,0,0,1,0.0,0.0
2024-01-12 05:25:00,2024-01-12 05:25:00,143.58270625655157,0.0,0.0,84.07838692132424,0,0,0.9659258262890683,0.25881904510252074,0,0,1,0.0,0.0
2024-01-12 05:30:00,2024-01-12 05:30:00,147.15125656008206,0.0,0.0,84.99800371311498,0,0,0.9659258262890683,0.25881904510252074,0,0,1,0.0,0.0
2024-01-12 05:35:00,2024-01-12 05:35:00,148.8499972300166,0.0,0.0,82.46643216133033,0,0,0.9659258262890683,0.25881904510252074,0,0,1,0.0,0.0
2024-01-12 05:40:00,2024-01-12 05:40:00,142.14263901717783,0.0,0.0,69.96966498243631,0,0,0.9659258262890683,0.25881904510252074,0,0,1,0.0,0.0
2024-01-12 05:45:00,2024-01-12 05:45:00,155.33796491344674,0.0,0.0,77.99581776034694,0,0,0.9659258262890683,0.25881904510252074,0,0,1,0.0,0.0
2024-01-12 05:50:00,2024-01-12 05:50:00,130.7897174977827,0.0,0.0,77.65957862584038,0,0,0.9659258262890683,0.25881904510252074,0,0,1,0.0,0.0
2024-01-12 05:55:00,2024-01-12 05:55:00,145.89430320164414,0.0,0.0,86.74742758697471,0,0,0.9659258262890683,0.25881904510252074,0,0,1,0.0,0.0
2024-01-12 06:00:00,2024-01-12 06:00:00,149.38286253714094,5.0,50.0,92.14602873330024,0,0,1.0,6.123233995736766e-17,0,0,1,4.5,40.0
2024-01-12 06:05:00,2024-01-12 06:05:00,153.59558906433566,0.0,0.0,83.93418057778909,0,0,1.0,6.123233995736766e-17,0,0,1,4.5,40.0
2024-01-12 06:10:00,2024-01-12 06:10:00,153.20597694312156,0.0,0.0,73.76500393986467,0,0,1.0,6.123233995736766e-17,0,0,1,4.5,40.0
2024-01-12 06:15:00,2024-01-12 06:15:00,150.50226543581175,0.0,0.0,75.71462225135026,0,0,1.0,6.123233995736766e-17,0,0,1,4.5,40.0
2024-01-12 06:20:00,2024-01-12 06:20:00,156.39861351207907,0.0,0.0,86.14514559411384,0,0,1.0,6.123233995736766e-17,0,0,1,4.5,40.0
2024-01-12 06:25:00,2024-01-12 06:25:00,145.50432838187984,0.0,0.0,91.32355328845057,0,0,1.0,6.123233995736766e-17,0,0,1,4.5,40.0
2024-01-12 06:30:00,2024-01-12 06:30:00,148.52511382381823,0.0,0.0,81.35300369976578,0,0,1.0,6.123233995736766e-17,0,0,1,4.5,40.0
2024-01-12 06:35:00,2024-01-12 06:35:00,153.58483070496405,0.0,0.0,80.240549652532,0,0,1.0,6.123233995736766e-17,0,0,1,4.5,40.0
2024-01-12 06:40:00,2024-01-12 06:40:00,160.771638172151,0.0,0.0,76.2981527363996,0,0,1.0,6.123233995736766e-17,0,0,1,4.5,40.0
2024-01-12 06:45:00,2024-01-12 06:45:00,157.44719910074463,0.0,0.0,76.4554552295638,0,0,1.0,6.123233995736766e-17,0,0,1,4.5,40.0
2024-01-12 06:50:00,2024-01-12 06:50:00,157.45513683856382,0.0,0.0,83.16333096487955,0,0,1.0,6.123233995736766e-17,0,0,1,4.5,40.0
2024-01-12 06:55:00,2024-01-12 06:55:00,166.3073199652926,0.0,0.0,72.3014051230987,0,0,1.0,6.123233995736766e-17,0,0,1,4.5,40.0
2024-01-12 07:00:00,2024-01-12 07:00:00,166.04840440581472,0.0,0.0,80.33663985061997,0,0,0.9659258262890683,-0.25881904510252063,0,0,1,4.5,40.0
2024-01-12 07:05:00,2024-01-12 07:05:00,175.1237623725738,0.0,0.0,74.19641512908316,0,0,0.9659258262890683,-0.25881904510252063,0,0,1,4.5,40.0
2024-01-12 07:10:00,2024-01-12 07:10:00,180.73750362142218,0.0,0.0,81.60521741020945,100,0,0.9659258262890683,-0.25881904510252063,0,0,1,4.5,40.0
2024-01-12 07:15:00,2024-01-12 07:15:00,169.3894346865021,0.0,0.0,81.24383816256695,0,0,0.9659258262890683,-0.25881904510252063,0,0,1,4.5,40.0
2024-01-12 07:20:00,2024-01-12 07:20:00,182.64272313231723,0.0,0.0,71.33124825079202,0,0,0.9659258262890683,-0.25881904510252063,0,0,1,4.5,40.0
2024-01-12 07:25:00,2024-01-12 07:25:00,180.14372862733433,0.0,0.0,83.7721514719356,0,0,0.9659258262890683,-0.25881904510252063,0,0,1,4.5,40.0
2024-01-12 07:30:00,2024-01-12 07:30:00,181.6695211928999,0.0,0.0,85.47949634280683,0,0,0.9659258262890683,-0.25881904510252063,0,0,1,4.5,40.0
2024-01-12 07:35:00,2024-01-12 07:35:00,179.29555847248614,0.0,0.0,78.68900074197339,0,0,0.9659258262890683,-0.25881904510252063,0,0,1,4.5,40.0
2024-01-12 07:40:00,2024-01-12 07:40:00,185.9140140014982,0.0,0.0,77.05529081098594,0,0,0.9659258262890683,-0.25881904510252063,0,0,1,4.5,40.0
2024-01-12 07:45:00,2024-01-12 07:45:00,179.2094775967518,0.0,0.0,76.88458178469078,0,0,0.9659258262890683,-0.25881904510252063,0,0,1,4.5,40.0
2024-01-12 07:50:00,2024-01-12 07:50:00,179.00880850857524,0.0,0.0,82.12212204729201,0,0,0.9659258262890683,-0.25881904510252063,0,0,1,4.5,40.0
2024-01-12 07:55:00,2024-01-12 07:55:00,164.04036727321014,0.0,0.0,77.55738774773346,0,0,0.9659258262890683,-0.25881904510252063,0,0,1,4.5,40.0
2024-01-12 08:00:00,2024-01-12 08:00:00,164.53128589491206,0.0,0.0,79.81073328205592,0,0,0.8660254037844387,-0.49999999999999983,0,0,1,4.5,40.0
2024-01-12 08:05:00,2024-01-12 08:05:00,165.8948579083324,0.0,0.0,70.98007580371429,0,0,0.8660254037844387,-0.49999999999999983,0,0,1,4.5,40.0
2024-01-12 08:10:00,2024-01-12 08:10:00,159.08784996481626,0.0,0.0,78.3111084551546,0,0,0.8660254037844387,-0.49999999999999983,0,0,1,4.5,40.0
2024-01-12 08:15:00,2024-01-12 08:15:00,147.78562945724462,0.0,0.0,83.75722934772952,0,0,0.8660254037844387,-0.49999999999999983,0,0,1,4.5,40.0
2024-01-12 08:20:00,2024-01-12 08:20:00,147.70668655098015,0.0,0.0,73.6398510916216,0,0,0.8660254037844387,-0.49999999999999983,0,0,1,4.5,40.0
2024-01-12 08:25:00,2024-01-12 08:25:00,155.41053344833156,0.0,0.0,82.6360228999982,0,0,0.8660254037844387,-0.49999999999999983,0,0,1,4.5,40.0
2024-01-12 08:30:00,2024-01-12 08:30:00,144.8146873111352,0.0,0.0,81.29929531496677,100,0,0.8660254037844387,-0.49999999999999983,0,0,1,4.5,40.0
2024-01-12 08:35:00,2024-01-12 08:35:00,143.92808243151703,0.0,0.0,83.73310387041201,0,0,0.8660254037844387,-0.49999999999999983,0,0,1,4.5,40.0
2024-01-12 08:40:00,2024-01-12 08:40:00,148.6751200605781,0.0,0.0,86.05458748281137,0,0,0.8660254037844387,-0.49999999999999983,0,0,1,4.5,40.0
2024-01-12 08:45:00,2024-01-12 08:45:00,153.30829005108512,0.0,0.0,82.13506349118495,0,0,0.8660254037844387,-0.49999999999999983,0,0,1,4.5,40.0
2024-01-12 08:50:00,2024-01-12 08:50:00,152.07200355692132,0.0,0.0,82.74814862638405,0,0,0.8660254037844387,-0.49999999999999983,0,0,1,4.5,40.0
2024-01-12 08:55:00,2024-01-12 08:55:00,139.94323848868123,0.0,0.0,75.6207246175249,0,0,0.8660254037844387,-0.49999999999999983,0,0,1,4.5,40.0
2024-01-12 09:00:00,2024-01-12 09:00:00,146.54280410242976,0.0,0.0,78.55166940390602,0,0,0.7071067811865476,-0.7071067811865475,0,0,1,4.5,0.0
2024-01-12 09:05:00,2024-01-12 09:05:00,146.30601469277883,0.0,0.0,81.67690781357558,0,0,0.7071067811865476,-0.7071067811865475,0,0,1,4.5,0.0
2024-01-12 09:10:00,2024-01-12 09:10:00,133.28736080185487,0.0,0.0,87.4651649896074,0,0,0.7071067811865476,-0.7071067811865475,0,0,1,4.5,0.0
2024-01-12 09:15:00,2024-01-12 09:15:00,136.7776381529148,0.0,0.0,82.35200104688788,0,0,0.7071067811865476,-0.7071067811865475,0,0,1,4.5,0.0
2024-01-12 09:20:00,2024-01-12 09:20:00,135.97332615517706,0.0,0.0,88.1096732022056,0,0,0.7071067811865476,-0.7071067811865475,0,0,1,4.5,0.0
2024-01-12 09:25:00,2024-01-12 09:25:00,144.37360769561045,0.0,0.0,74.44315227214426,0,0,0.7071067811865476,-0.7071067811865475,0,0,1,4.5,0.0
2024-01-12 09:30:00,2024-01-12 09:30:00,142.15980744568998,0.0,0.0,84.73323227660066,0,0,0.7071067811865476,-0.7071067811865475,0,0,1,4.5,0.0
2024-01-12 09:35:00,2024-01-12 09:35:00,143.5687893976659,0.0,0.0,80.6608166047054,0,0,0.7071067811865476,-0.7071067811865475,0,0,1,4.5,0.0
2024-01-12 09:40:00,2024-01-12 09:40:00,134.6194191099062,0.0,0.0,88.46130874615373,0,0,0.7071067811865476,-0.7071067811865475,0,0,1,4.5,0.0
2024-01-12 09:45:00,2024-01-12 09:45:00,135.2252642611468,0.0,0.0,83.8242374251208,0,0,0.7071067811865476,-0.7071067811865475,0,0,1,4.5,0.0
2024-01-12 09:50:00,2024-01-12 09:50:00,139.44862649715446,0.0,0.0,82.40581609225873,0,0,0.7071067811865476,-0.7071067811865475,0,0,1,4.5,0.0
2024-01-12 09:55:00,2024-01-12 09:55:00,139.28403517332805,0.0,0.0,78.34340633424601,0,0,0.7071067811865476,-0.7071067811865475,0,0,1,4.5,0.0
2024-01-12 10:00:00,2024-01-12 10:00:00,128.54263479894013,0.0,0.0,86.64215361251277,0,0,0.49999999999999994,-0.8660254037844387,0,0,1,4.5,0.0
2024-01-12 10:05:00,2024-01-12 10:05:00,143.78311054741224,0.0,0.0,84.45615148093874,0,0,0.49999999999999994,-0.8660254037844387,0,0,1,4.5,0.0
2024-01-12 10:10:00,2024-01-12 10:10:00,136.90692804780934,0.0,0.0,91.50931284110287,0,0,0.49999999999999994,-0.8660254037844387,0,0,1,4.5,0.0
2024-01-12 10:15:00,2024-01-12 10:15:00,130.63740852860676,0.0,0.0,82.00487963758277,100,0,0.49999999999999994,-0.8660254037844387,0,0,1,4.5,0.0
2024-01-12 10:20:00,2024-01-12 10:20:00,140.3776942117536,0.0,0.0,81.51353213881046,0,0,0.49999999999999994,-0.8660254037844387,0,0,1,4.5,0.0
2024-01-12 10:25:00,2024-01-12 10:25:00,134.2941602330369,0.0,0.0,75.3826512948326,0,0,0.49999999999999994,-0.8660254037844387,0,0,1,4.5,0.0
2024-01-12 10:30:00,2024-01-12 10:30:00,133.9060236251005,0.0,0.0,79.7326260507365,0,0,0.49999999999999994,-0.8660254037844387,0,0,1,4.5,0.0
2024-01-12 10:35:00,2024-01-12 10:35:00,142.04874123356814,0.0,0.0,82.74653865242922,0,0,0.49999999999999994,-0.8660254037844387,0,0,1,4.5,0.0
2024-01-12 10:40:00,2024-01-12 10:40:00,138.2107676912569,0.0,0.0,78.9347167331985,0,0,0.49999999999999994,-0.8660254037844387,0,0,1,4.5,0.0
2024-01-12 10:45:00,2024-01-12 10:45:00,129.0630890221533,0.0,0.0,81.98133846406259,0,0,0.49999999999999994,-0.8660254037844387,0,0,1,4.5,0.0
2024-01-12 10:50:00,2024-01-12 10:50:00,139.88839344256172,0.0,0.0,83.20099162102997,0,0,0.49999999999999994,-0.8660254037844387,0,0,1,4.5,0.0
2024-01-12 10:55:00,2024-01-12 10:55:00,132.43631553336348,0.0,0.0,81.35838328242204,0,0,0.49999999999999994,-0.8660254037844387,0,0,1,4.5,0.0
2024-01-12 11:00:00,2024-01-12 11:00:00,133.07924755926823,0.0,0.0,82.67668656325945,0,0,0.258819045102521,-0.9659258262890682,0,0,1,0.0,0.0
2024-01-12 11:05:00,2024-01-12 11:05:00,129.643546145024,0.0,0.0,85.1569609530134,0,0,0.258819045102521,-0.9659258262890682,0,0,1,0.0,0.0
2024-01-12 11:10:00,2024-01-12 11:10:00,133.16029605014825,0.0,0.0,81.63072323341189,0,0,0.258819045102521,-0.9659258262890682,0,0,1,0.0,0.0
2024-01-12 11:15:00,2024-01-12 11:15:00,134.37607891121323,0.0,0.0,84.12281423990265,0,0,0.258819045102521,-0.9659258262890682,0,0,1,0.0,0.0
2024-01-12 11:20:00,2024-01-12 11:20:00,134.84874527167497,0.0,0.0,75.10426327759585,0,0,0.258819045102521,-0.9659258262890682,0,0,1,0.0,0.0
2024-01-12 11:25:00,2024-01-12 11:25:00,136.71464240674072,0.0,0.0,86.47204938527018,0,0,0.258819045102521,-0.9659258262890682,0,0,1,0.0,0.0
2024-01-12 11:30:00,2024-01-12 11:30:00,134.81579584216001,0.0,0.0,76.91958743375031,100,0,0.258819045102521,-0.9659258262890682,0,0,1,0.0,0.0
2024-01-12 11:35:00,2024-01-12 11:35:00,139.16923168704025,0.0,0.0,76.69046410389231,0,0,0.258819045102521,-0.9659258262890682,0,0,1,0.0,0.0
2024-01-12 11:40:00,2024-01-12 11:40:00,133.80095894231462,0.0,0.0,82.02042576210822,0,0,0.258819045102521,-0.9659258262890682,0,0,1,0.0,0.0
2024-01-12 11:45:00,2024-01-12 11:45:00,136.04871550181127,0.0,0.0,82.75473304148146,0,0,0.258819045102521,-0.9659258262890682,0,0,1,0.0,0.0
2024-01-12 11:50:00,2024-01-12 11:50:00,124.37483581670922,0.0,0.0,73.14315119126258,0,0,0.258819045102521,-0.9659258262890682,0,0,1,0.0,0.0
2024-01-12 11:55:00,2024-01-12 11:55:00,141.05869548457747,0.0,0.0,76.26643617981178,0,0,0.258819045102521,-0.9659258262890682,0,0,1,0.0,0.0
2024-01-12 12:00:00,2024-01-12 12:00:00,129.90926157817364,0.0,0.0,77.56954667391285,0,0,1.2246467991473532e-16,-1.0,0,0,1,0.0,0.0
2024-01-12 12:05:00,2024-01-12 12:05:00,130.58145531741712,0.0,0.0,74.34162942440032,0,0,1.2246467991473532e-16,-1.0,0,0,1,0.0,0.0
2024-01-12 12:10:00,2024-01-12 12:10:00,128.2957663214002,0.0,0.0,70.83308665743877,0,0,1.2246467991473532e-16,-1.0,0,0,1,0.0,0.0
2024-01-12 12:15:00,2024-01-12 12:15:00,128.72098527078242,0.0,0.0,83.54540846385324,0,0,1.2246467991473532e-16,-1.0,0,0,1,0.0,0.0
2024-01-12 12:20:00,2024-01-12 12:20:00,131.54867324219273,0.0,0.0,83.128951673099,0,0,1.2246467991473532e-16,-1.0,0,0,1,0.0,0.0
2024-01-12 12:25:00,2024-01-12 12:25:00,127.38295406339435,0.0,0.0,82.69792918845089,0,0,1.2246467991473532e-16,-1.0,0,0,1,0.0,0.0
2024-01-12 12:30:00,2024-01-12 12:30:00,126.83581647788259,0.0,0.0,87.99647637903693,0,0,1.2246467991473532e-16,-1.0,0,0,1,0.0,0.0
2024-01-12 12:35:00,2024-01-12 12:35:00,127.80208874473166,0.0,0.0,76.7292616333718,0,0,1.2246467991473532e-16,-1.0,0,0,1,0.0,0.0
2024-01-12 12:40:00,2024-01-12 12:40:00,132.47851128584648,0.0,0.0,78.6570149295094,0,0,1.2246467991473532e-16,-1.0,0,0,1,0.0,0.0
2024-01-12 12:45:00,2024-01-12 12:45:00,132.76616611760292,0.0,0.0,85.13182239324824,0,0,1.2246467991473532e-16,-1.0,0,0,1,0.0,0.0
2024-01-12 12:50:00,2024-01-12 12:50:00,129.42745420468827,0.0,0.0,72.90915291675095,0,0,1.2246467991473532e-16,-1.0,0,0,1,0.0,0.0
2024-01-12 12:55:00,2024-01-12 12:55:00,127.58460156282436,0.0,0.0,82.18890627063475,0,0,1.2246467991473532e-16,-1.0,0,0,1,0.0,0.0
2024-01-12 13:00:00,2024-01-12 13:00:00,125.12929561742554,0.0,0.0,78.92438959729559,100,0,-0.2588190451025208,-0.9659258262890683,0,0,1,0.0,0.0
2024-01-12 13:05:00,2024-01-12 13:05:00,128.01259094629992,0.0,0.0,70.59259799526691,0,0,-0.2588190451025208,-0.9659258262890683,0,0,1,0.0,0.0
2024-01-12 13:10:00,2024-01-12 13:10:00,126.0890691012619,0.0,0.0,77.52506487730223,0,0,-0.2588190451025208,-0.9659258262890683,0,0,1,0.0,0.0
2024-01-12 13:15:00,2024-01-12 13:15:00,113.65828212821523,0.0,0.0,85.7472528863646,0,0,-0.2588190451025208,-0.9659258262890683,0,0,1,0.0,0.0
2024-01-12 13:20:00,2024-01-12 13:20:00,131.7022406157585,0.0,0.0,77.58713324659158,100,0,-0.2588190451025208,-0.9659258262890683,0,0,1,0.0,0.0
2024-01-12 13:25:00,2024-01-12 13:25:00,125.32723937097457,0.0,0.0,75.43719720491038,0,0,-0.2588190451025208,-0.9659258262890683,0,0,1,0.0,0.0
2024-01-12 13:30:00,2024-01-12 13:30:00,124.35650448431163,0.0,0.0,92.19067182500487,0,0,-0.2588190451025208,-0.9659258262890683,0,0,1,0.0,0.0
2024-01-12 13:35:00,2024-01-12 13:35:00,125.3760279881218,0.0,0.0,77.96839650638822,0,0,-0.2588190451025208,-0.9659258262890683,0,0,1,0.0,0.0
2024-01-12 13:40:00,2024-01-12 13:40:00,121.03118524210385,0.0,0.0,78.79958547617132,0,0,-0.2588190451025208,-0.9659258262890683,0,0,1,0.0,0.0
2024-01-12 13:45:00,2024-01-12 13:45:00,123.74413533244568,0.0,0.0,87.86993372678616,0,0,-0.2588190451025208,-0.9659258262890683,0,0,1,0.0,0.0
2024-01-12 13:50:00,2024-01-12 13:50:00,127.11680060237897,0.0,0.0,81.94561808743256,0,0,-0.2588190451025208,-0.9659258262890683,0,0,1,0.0,0.0
2024-01-12 13:55:00,2024-01-12 13:55:00,133.26876472954902,0.0,0.0,78.55092904807293,100,0,-0.2588190451025208,-0.9659258262890683,0,0,1,0.0,0.0
2024-01-12 14:00:00,2024-01-12 14:00:00,122.1021240948489,0.0,0.0,81.38306155612521,0,0,-0.4999999999999998,-0.8660254037844388,0,0,1,0.0,0.0
2024-01-12 14:05:00,2024-01-12 14:05:00,123.31974026870563,0.0,0.0,80.61775031845626,0,0,-0.4999999999999998,-0.8660254037844388,0,0,1,0.0,0.0
2024-01-12 14:10:00,2024-01-12 14:10:00,128.400640755136,0.0,0.0,78.77595660085846,0,0,-0.4999999999999998,-0.8660254037844388,0,0,1,0.0,0.0
2024-01-12 14:15:00,2024-01-12 14:15:00,120.55817230617859,0.0,0.0,81.90605560318274,0,0,-0.4999999999999998,-0.8660254037844388,0,0,1,0.0,0.0
2024-01-12 14:20:00,2024-01-12 14:20:00,121.19062731515682,0.0,0.0,81.77978649000345,0,0,-0.4999999999999998,-0.8660254037844388,0,0,1,0.0,0.0
2024-01-12 14:25:00,2024-01-12 14:25:00,124.86657676281382,0.0,0.0,87.26910842528947,100,0,-0.4999999999999998,-0.8660254037844388,0,0,1,0.0,0.0
2024-01-12 14:30:00,2024-01-12 14:30:00,125.32350949518032,0.0,0.0,71.72379749857437,0,0,-0.4999999999999998,-0.8660254037844388,0,0,1,0.0,0.0
2024-01-12 14:35:00,2024-01-12 14:35:00,128.04572471250648,0.0,0.0,76.98669504328336,0,0,-0.4999999999999998,-0.8660254037844388,0,0,1,0.0,0.0
2024-01-12 14:40:00,2024-01-12 14:40:00,128.7091537920416,0.0,0.0,80.29699047103936,0,0,-0.4999999999999998,-0.8660254037844388,0,0,1,0.0,0.0
2024-01-12 14:45:00,2024-01-12 14:45:00,124.09423957853598,0.0,0.0,83.2732527128096,0,0,-0.4999999999999998,-0.8660254037844388,0,0,1,0.0,0.0
2024-01-12 14:50:00,2024-01-12 14:50:00,126.43602202021363,0.0,0.0,77.11157283196644,100,0,-0.4999999999999998,-0.8660254037844388,0,0,1,0.0,0.0
2024-01-12 14:55:00,2024-01-12 14:55:00,120.46005446968213,0.0,0.0,82.75480491024915,0,0,-0.4999999999999998,-0.8660254037844388,0,0,1,0.0,0.0
2024-01-12 15:00:00,2024-01-12 15:00:00,117.43690296338976,0.0,0.0,71.74635550855226,0,0,-0.7071067811865471,-0.7071067811865479,0,0,1,0.0,0.0
2024-01-12 15:05:00,2024-01-12 15:05:00,122.89369121077435,0.0,0.0,83.00049244271675,0,0,-0.7071067811865471,-0.7071067811865479,0,0,1,0.0,0.0
2024-01-12 15:10:00,2024-01-12 15:10:00,114.2678908053516,0.0,0.0,84.17982725947299,0,0,-0.7071067811865471,-0.7071067811865479,0,0,1,0.0,0.0
2024-01-12 15:15:00,2024-01-12 15:15:00,117.00529775288595,0.0,0.0,76.36298035551472,0,0,-0.7071067811865471,-0.7071067811865479,0,0,1,0.0,0.0
2024-01-12 15:20:00,2024-01-12 15:20:00,127.94836168976846,0.0,0.0,80.12721884381084,0,0,-0.7071067811865471,-0.7071067811865479,0,0,1,0.0,0.0
2024-01-12 15:25:00,2024-01-12 15:25:00,123.36733972465439,0.0,0.0,80.6068009323098,0,0,-0.7071067811865471,-0.7071067811865479,0,0,1,0.0,0.0
2024-01-12 15:30:00,2024-01-12 15:30:00,118.60623350036268,0.0,0.0,81.43057743922694,0,0,-0.7071067811865471,-0.7071067811865479,0,0,1,0.0,0.0
2024-01-12 15:35:00,2024-01-12 15:35:00,129.05166441137104,0.0,0.0,72.44299266258349,0,0,-0.7071067811865471,-0.7071067811865479,0,0,1,0.0,0.0
2024-01-12 15:40:00,2024-01-12 15:40:00,111.31131693487967,0.0,0.0,73.272711024547,0,0,-0.7071067811865471,-0.7071067811865479,0,0,1,0.0,0.0
2024-01-12 15:45:00,2024-01-12 15:45:00,118.12639505078991,0.0,0.0,81.54308249798054,0,0,-0.7071067811865471,-0.7071067811865479,0,0,1,0.0,0.0
2024-01-12 15:50:00,2024-01-12 15:50:00,124.56641146091283,0.0,0.0,83.09035460716048,100,0,-0.7071067811865471,-0.7071067811865479,0,0,1,0.0,0.0
2024-01-12 15:55:00,2024-01-12 15:55:00,120.3563695533413,0.0,0.0,80.06776605361809,0,0,-0.7071067811865471,-0.7071067811865479,0,0,1,0.0,0.0
2024-01-12 16:00:00,2024-01-12 16:00:00,124.75581150475888,7.0,70.0,86.34547606780737,0,0,-0.8660254037844384,-0.5000000000000004,0,0,1,6.3,56.0
2024-01-12 16:05:00,2024-01-12 16:05:00,120.46336328574458,0.0,0.0,87.62781865298723,0,0,-0.8660254037844384,-0.5000000000000004,0,0,1,6.3,56.0
2024-01-12 16:10:00,2024-01-12 16:10:00,122.15595059553608,0.0,0.0,81.41460636889539,0,0,-0.8660254037844384,-0.5000000000000004,0,0,1,6.3,56.0
2024-01-12 16:15:00,2024-01-12 16:15:00,122.31545537862465,0.0,0.0,90.20777422055333,0,0,-0.8660254037844384,-0.5000000000000004,0,0,1,6.3,56.0
2024-01-12 16:20:00,2024-01-12 16:20:00,127.57004295285384,0.0,0.0,75.97068813257309,0,0,-0.8660254037844384,-0.5000000000000004,0,0,1,6.3,56.0
2024-01-12 16:25:00,2024-01-12 16:25:00,128.45323468790775,0.0,0.0,94.80662748136099,0,0,-0.8660254037844384,-0.5000000000000004,0,0,1,6.3,56.0
2024-01-12 16:30:00,2024-01-12 16:30:00,132.8802999828939,0.0,0.0,80.74553184783062,100,0,-0.8660254037844384,-0.5000000000000004,0,0,1,6.3,56.0
2024-01-12 16:35:00,2024-01-12 16:35:00,129.61922365476985,0.0,0.0,81.62688441129994,0,0,-0.8660254037844384,-0.5000000000000004,0,0,1,6.3,56.0
2024-01-12 16:40:00,2024-01-12 16:40:00,134.27627125454086,0.0,0.0,83.61503630807636,0,0,-0.8660254037844384,-0.5000000000000004,0,0,1,6.3,56.0
2024-01-12 16:45:00,2024-01-12 16:45:00,139.27413470047597,0.0,0.0,79.04629972493481,0,0,-0.8660254037844384,-0.5000000000000004,0,0,1,6.3,56.0
2024-01-12 16:50:00,2024-01-12 16:50:00,140.28921871680086,0.0,0.0,81.06898954295237,0,0,-0.8660254037844384,-0.5000000000000004,0,0,1,6.3,56.0
2024-01-12 16:55:00,2024-01-12 16:55:00,156.48602786055832,0.0,0.0,83.21031473757962,0,0,-0.8660254037844384,-0.5000000000000004,0,0,1,6.3,56.0
2024-01-12 17:00:00,2024-01-12 17:00:00,153.04991025582285,0.0,0.0,85.60357689322441,0,0,-0.9659258262890683,-0.25881904510252063,0,0,1,6.3,56.0
2024-01-12 17:05:00,2024-01-12 17:05:00,159.2515159103815,0.0,0.0,82.66956584490659,0,0,-0.9659258262890683,-0.25881904510252063,0,0,1,6.3,56.0
2024-01-12 17:10:00,2024-01-12 17:10:00,163.41968297921525,0.0,0.0,83.13149057974682,100,0,-0.9659258262890683,-0.25881904510252063,0,0,1,6.3,56.0
2024-01-12 17:15:00,2024-01-12 17:15:00,160.39668686084568,0.0,0.0,78.83642687000588,0,0,-0.9659258262890683,-0.25881904510252063,0,0,1,6.3,56.0
2024-01-12 17:20:00,2024-01-12 17:20:00,178.31490262508933,0.0,0.0,73.94581202822852,0,0,-0.9659258262890683,-0.25881904510252063,0,0,1,6.3,56.0
2024-01-12 17:25:00,2024-01-12 17:25:00,175.14840236303723,0.0,0.0,78.21358415508301,0,0,-0.9659258262890683,-0.25881904510252063,0,0,1,6.3,56.0
2024-01-12 17:30:00,2024-01-12 17:30:00,175.67228610087463,0.0,0.0,83.77849923890334,0,0,-0.9659258262890683,-0.25881904510252063,0,0,1,6.3,56.0
2024-01-12 17:35:00,2024-01-12 17:35:00,171.11082362545008,0.0,0.0,77.08847283576586,0,0,-0.9659258262890683,-0.25881904510252063,0,0,1,6.3,56.0
2024-01-12 17:40:00,2024-01-12 17:40:00,171.26819983111818,0.0,0.0,80.5813004602712,0,0,-0.9659258262890683,-0.25881904510252063,0,0,1,6.3,56.0
2024-01-12 17:45:00,2024-01-12 17:45:00,160.94857860211255,0.0,0.0,75.61835036464021,0,0,-0.9659258262890683,-0.25881904510252063,0,0,1,6.3,56.0
2024-01-12 17:50:00,2024-01-12 17:50:00,159.74961896233498,0.0,0.0,84.33565391456172,0,0,-0.9659258262890683,-0.25881904510252063,0,0,1,6.3,56.0
2024-01-12 17:55:00,2024-01-12 17:55:00,149.53238358811097,0.0,0.0,83.7331857134866,0,0,-0.9659258262890683,-0.25881904510252063,0,0,1,6.3,56.0
2024-01-12 18:00:00,2024-01-12 18:00:00,146.03234900920964,0.0,0.0,82.89004734398789,0,0,-1.0,-1.8369701987210297e-16,0,0,1,6.3,56.0
2024-01-12 18:05:00,2024-01-12 18:05:00,143.68163817122158,0.0,0.0,85.50405422694239,100,0,-1.0,-1.8369701987210297e-16,0,0,1,6.3,56.0
2024-01-12 18:10:00,2024-01-12 18:10:00,126.24916938792434,0.0,0.0,84.08789421131668,100,0,-1.0,-1.8369701987210297e-16,0,0,1,6.3,56.0
2024-01-12 18:15:00,2024-01-12 18:15:00,132.54429079259512,0.0,0.0,76.30390825990382,0,0,-1.0,-1.8369701987210297e-16,0,0,1,6.3,56.0
2024-01-12 18:20:00,2024-01-12 18:20:00,132.7358512104838,0.0,0.0,82.11481241468421,0,0,-1.0,-1.8369701987210297e-16,0,0,1,6.3,56.0
2024-01-12 18:25:00,2024-01-12 18:25:00,132.91186837987658,0.0,0.0,83.87938692536243,0,0,-1.0,-1.8369701987210297e-16,0,0,1,6.3,56.0
2024-01-12 18:30:00,2024-01-12 18:30:00,117.76327612541407,0.0,0.0,76.84290028637764,100,0,-1.0,-1.8369701987210297e-16,0,0,1,6.3,56.0
2024-01-12 18:35:00,2024-01-12 18:35:00,109.24709631469932,0.0,0.0,76.6167082218731,0,0,-1.0,-1.8369701987210297e-16,0,0,1,6.3,56.0
2024-01-12 18:40:00,2024-01-12 18:40:00,125.69949489639555,0.0,0.0,95.17677998750763,0,0,-1.0,-1.8369701987210297e-16,0,0,1,6.3,56.0
2024-01-12 18:45:00,2024-01-12 18:45:00,116.51779744039806,0.0,0.0,74.93419877160089,0,0,-1.0,-1.8369701987210297e-16,0,0,1,6.3,56.0
2024-01-12 18:50:00,2024-01-12 18:50:00,123.0346051830262,0.0,0.0,84.94773651263387,100,0,-1.0,-1.8369701987210297e-16,0,0,1,6.3,56.0
2024-01-12 18:55:00,2024-01-12 18:55:00,121.1959615094062,0.0,0.0,82.85577867759429,0,0,-1.0,-1.8369701987210297e-16,0,0,1,6.3,56.0
2024-01-12 19:00:00,2024-01-12 19:00:00,113.6445030646261,0.0,0.0,68.35677647388425,0,0,-0.9659258262890684,0.2588190451025203,0,0,1,6.3,0.0
2024-01-12 19:05:00,2024-01-12 19:05:00,124.29542344120972,0.0,0.0,81.7256267589903,0,0,-0.9659258262890684,0.2588190451025203,0,0,1,6.3,0.0
2024-01-12 19:10:00,2024-01-12 19:10:00,116.18767809417088,0.0,0.0,81.35654619968305,0,0,-0.9659258262890684,0.2588190451025203,0,0,1,6.3,0.0
2024-01-12 19:15:00,2024-01-12 19:15:00,119.75708882116601,0.0,0.0,84.8883603711099,0,0,-0.9659258262890684,0.2588190451025203,0,0,1,6.3,0.0
2024-01-12 19:20:00,2024-01-12 19:20:00,107.53444386240997,0.0,0.0,73.46381051404056,0,0,-0.9659258262890684,0.2588190451025203,0,0,1,6.3,0.0
2024-01-12 19:25:00,2024-01-12 19:25:00,115.80038485930977,0.0,0.0,82.03947355289266,0,0,-0.9659258262890684,0.2588190451025203,0,0,1,6.3,0.0
2024-01-12 19:30:00,2024-01-12 19:30:00,112.47740704059622,0.0,0.0,76.21681104300188,0,0,-0.9659258262890684,0.2588190451025203,0,0,1,6.3,0.0
2024-01-12 19:35:00,2024-01-12 19:35:00,123.25268280901315,0.0,0.0,80.94235117122916,0,0,-0.9659258262890684,0.2588190451025203,0,0,1,6.3,0.0
2024-01-12 19:40:00,2024-01-12 19:40:00,115.15456680021863,0.0,0.0,76.088476293296,0,0,-0.9659258262890684,0.2588190451025203,0,0,1,6.3,0.0
2024-01-12 19:45:00,2024-01-12 19:45:00,108.10871435811246,0.0,0.0,82.29991793316887,0,0,-0.9659258262890684,0.2588190451025203,0,0,1,6.3,0.0
2024-01-12 19:50:00,2024-01-12 19:50:00,115.20180349090106,0.0,0.0,83.75135722414693,0,0,-0.9659258262890684,0.2588190451025203,0,0,1,6.3,0.0
2024-01-12 19:55:00,2024-01-12 19:55:00,114.03550431058181,0.0,0.0,87.04808749517522,0,0,-0.9659258262890684,0.2588190451025203,0,0,1,6.3,0.0
2024-01-12 20:00:00,2024-01-12 20:00:00,124.79590140145946,0.0,0.0,76.07686118481892,0,0,-0.8660254037844386,0.5000000000000001,0,0,1,6.3,0.0
2024-01-12 20:05:00,2024-01-12 20:05:00,114.04269894376654,0.0,0.0,70.77583037187912,100,0,-0.8660254037844386,0.5000000000000001,0,0,1,6.3,0.0
2024-01-12 20:10:00,2024-01-12 20:10:00,118.47443124425607,0.0,0.0,84.47854869978876,0,0,-0.8660254037844386,0.5000000000000001,0,0,1,6.3,0.0
2024-01-12 20:15:00,2024-01-12 20:15:00,115.36091944804927,0.0,0.0,76.21705556584172,0,0,-0.8660254037844386,0.5000000000000001,0,0,1,6.3,0.0
2024-01-12 20:20:00,2024-01-12 20:20:00,117.11646171315205,0.0,0.0,82.90250712779473,0,0,-0.8660254037844386,0.5000000000000001,0,0,1,6.3,0.0
2024-01-12 20:25:00,2024-01-12 20:25:00,116.10922454882214,0.0,0.0,81.84444893234766,0,0,-0.8660254037844386,0.5000000000000001,0,0,1,6.3,0.0
2024-01-12 20:30:00,2024-01-12 20:30:00,117.8379178077174,0.0,0.0,75.35911331906283,0,0,-0.8660254037844386,0.5000000000000001,0,0,1,6.3,0.0
2024-01-12 20:35:00,2024-01-12 20:35:00,112.61799349731824,0.0,0.0,82.13150455772268,0,0,-0.8660254037844386,0.5000000000000001,0,0,1,6.3,0.0
2024-01-12 20:40:00,2024-01-12 20:40:00,112.5495313704562,0.0,0.0,79.15249250660877,0,0,-0.8660254037844386,0.5000000000000001,0,0,1,6.3,0.0
2024-01-12 20:45:00,2024-01-12 20:45:00,118.35106753955783,0.0,0.0,79.39582657526707,0,0,-0.8660254037844386,0.5000000000000001,0,0,1,6.3,0.0
2024-01-12 20:50:00,2024-01-12 20:50:00,110.70248773410722,0.0,0.0,75.38762173816383,0,0,-0.8660254037844386,0.5000000000000001,0,0,1,6.3,0.0
2024-01-12 20:55:00,2024-01-12 20:55:00,112.84751760850278,0.0,0.0,94.14638353053151,0,0,-0.8660254037844386,0.5000000000000001,0,0,1,6.3,0.0
2024-01-12 21:00:00,2024-01-12 21:00:00,113.26930612576064,3.0,30.0,78.2974163688963,0,0,-0.7071067811865477,0.7071067811865474,0,0,1,2.7,24.0
2024-01-12 21:05:00,2024-01-12 21:05:00,120.59497870271548,0.0,0.0,77.12303521818346,0,0,-0.7071067811865477,0.7071067811865474,0,0,1,2.7,24.0
2024-01-12 21:10:00,2024-01-12 21:10:00,124.58223886275876,0.0,0.0,81.0046627989275,0,0,-0.7071067811865477,0.7071067811865474,0,0,1,2.7,24.0
2024-01-12 21:15:00,2024-01-12 21:15:00,123.30336531446336,0.0,0.0,79.70892561403717,0,0,-0.7071067811865477,0.7071067811865474,0,0,1,2.7,24.0
2024-01-12 21:20:00,2024-01-12 21:20:00,126.28173838473927,0.0,0.0,78.40897720737999,0,0,-0.7071067811865477,0.7071067811865474,0,0,1,2.7,24.0
2024-01-12 21:25:00,2024-01-12 21:25:00,120.75173806737597,0.0,0.0,81.57467224794938,0,0,-0.7071067811865477,0.7071067811865474,0,0,1,2.7,24.0
2024-01-12 21:30:00,2024-01-12 21:30:00,125.27688799350801,0.0,0.0,81.82389881206255,0,0,-0.7071067811865477,0.7071067811865474,0,0,1,2.7,24.0
2024-01-12 21:35:00,2024-01-12 21:35:00,120.81789770888668,0.0,0.0,77.27235150869839,0,0,-0.7071067811865477,0.7071067811865474,0,0,1,2.7,24.0
2024-01-12 21:40:00,2024-01-12 21:40:00,118.48850090976998,0.0,0.0,77.36002041737652,0,0,-0.7071067811865477,0.7071067811865474,0,0,1,2.7,24.0
2024-01-12 21:45:00,2024-01-12 21:45:00,129.1245297640527,0.0,0.0,85.88622442763081,0,0,-0.7071067811865477,0.7071067811865474,0,0,1,2.7,24.0
2024-01-12 21:50:00,2024-01-12 21:50:00,131.16776394370856,0.0,0.0,72.27935685447245,0,0,-0.7071067811865477,0.7071067811865474,0,0,1,2.7,24.0
2024-01-12 21:55:00,2024-01-12 21:55:00,133.67111544595906,0.0,0.0,82.13829769494947,0,0,-0.7071067811865477,0.7071067811865474,0,0,1,2.7,24.0
2024-01-12 22:00:00,2024-01-12 22:00:00,140.81784068918773,0.0,0.0,73.9856267888329,0,0,-0.5000000000000004,0.8660254037844384,0,0,1,2.7,24.0
2024-01-12 22:05:00,2024-01-12 22:05:00,139.34683353455478,0.0,0.0,81.57537961794687,0,0,-0.5000000000000004,0.8660254037844384,0,0,1,2.7,24.0
2024-01-12 22:10:00,2024-01-12 22:10:00,144.8362464396691,0.0,0.0,84.36524526612322,0,0,-0.5000000000000004,0.8660254037844384,0,0,1,2.7,24.0
2024-01-12 22:15:00,2024-01-12 22:15:00,146.8107297218075,0.0,0.0,67.77354410667381,0,0,-0.5000000000000004,0.8660254037844384,0,0,1,2.7,24.0
2024-01-12 22:20:00,2024-01-12 22:20:00,138.66266620922133,0.0,0.0,83.57096881353648,0,0,-0.5000000000000004,0.8660254037844384,0,0,1,2.7,24.0
2024-01-12 22:25:00,2024-01-12 22:25:00,144.73222393080414,0.0,0.0,86.51007100159424,0,0,-0.5000000000000004,0.8660254037844384,0,0,1,2.7,24.0
2024-01-12 22:30:00,2024-01-12 22:30:00,147.19646852662893,0.0,0.0,75.64979202586433,0,0,-0.5000000000000004,0.8660254037844384,0,0,1,2.7,24.0
2024-01-12 22:35:00,2024-01-12 22:35:00,155.1849901754736,0.0,0.0,86.83730535750769,100,0,-0.5000000000000004,0.8660254037844384,0,0,1,2.7,24.0
2024-01-12 22:40:00,2024-01-12 22:40:00,149.30491975200718,0.0,0.0,77.4465912106554,0,0,-0.5000000000000004,0.8660254037844384,0,0,1,2.7,24.0
2024-01-12 22:45:00,2024-01-12 22:45:00,147.3803178092839,0.0,0.0,76.58985020600322,0,0,-0.5000000000000004,0.8660254037844384,0,0,1,2.7,24.0
2024-01-12 22:50:00,2024-01-12 22:50:00,147.9007211999853,0.0,0.0,72.88024377597924,0,0,-0.5000000000000004,0.8660254037844384,0,0,1,2.7,24.0
2024-01-12 22:55:00,2024-01-12 22:55:00,145.48919413728893,0.0,0.0,71.30695317950811,0,0,-0.5000000000000004,0.8660254037844384,0,0,1,2.7,24.0
2024-01-12 23:00:00,2024-01-12 23:00:00,138.73511496923427,0.0,0.0,82.49392097726646,0,0,-0.25881904510252157,0.9659258262890681,0,0,1,2.7,24.0
2024-01-12 23:05:00,2024-01-12 23:05:00,133.55583857323796,0.0,0.0,77.32009985439124,0,0,-0.25881904510252157,0.9659258262890681,0,0,1,2.7,24.0
2024-01-12 23:10:00,2024-01-12 23:10:00,134.73557202073775,0.0,0.0,78.96415160911954,0,0,-0.25881904510252157,0.9659258262890681,0,0,1,2.7,24.0
2024-01-12 23:15:00,2024-01-12 23:15:00,138.04392346094,0.0,0.0,86.44913765351409,0,0,-0.25881904510252157,0.9659258262890681,0,0,1,2.7,24.0
2024-01-12 23:20:00,2024-01-12 23:20:00,139.27831458193793,0.0,0.0,77.43860149973459,0,0,-0.25881904510252157,0.9659258262890681,0,0,1,2.7,24.0
2024-01-12 23:25:00,2024-01-12 23:25:00,125.89449938909726,0.0,0.0,85.11531287407779,100,0,-0.25881904510252157,0.9659258262890681,0,0,1,2.7,24.0
2024-01-12 23:30:00,2024-01-12 23:30:00,119.39553497140048,0.0,0.0,81.18124831726485,100,0,-0.25881904510252157,0.9659258262890681,0,0,1,2.7,24.0
2024-01-12 23:35:00,2024-01-12 23:35:00,127.81983462549832,0.0,0.0,88.03894339068171,0,0,-0.25881904510252157,0.9659258262890681,0,0,1,2.7,24.0
2024-01-12 23:40:00,2024-01-12 23:40:00,132.89787197162664,0.0,0.0,89.46396171334891,0,0,-0.25881904510252157,0.9659258262890681,0,0,1,2.7,24.0
2024-01-12 23:45:00,2024-01-12 23:45:00,124.42696762967012,0.0,0.0,79.07582950549924,0,0,-0.25881904510252157,0.9659258262890681,0,0,1,2.7,24.0
2024-01-12 23:50:00,2024-01-12 23:50:00,123.04864906642783,0.0,0.0,83.8681616636518,0,0,-0.25881904510252157,0.9659258262890681,0,0,1,2.7,24.0
2024-01-12 23:55:00,2024-01-12 23:55:00,121.64081589448992,0.0,0.0,82.76760015711189,0,0,-0.25881904510252157,0.9659258262890681,0,0,1,2.7,24.0
2024-01-13 00:00:00,2024-01-13 00:00:00,123.88927163897229,0.0,0.0,82.9388958017162,0,0,0.0,1.0,1,0,1,2.7,0.0
2024-01-13 00:05:00,2024-01-13 00:05:00,133.41289307431222,0.0,0.0,84.19639936525041,0,0,0.0,1.0,1,0,1,2.7,0.0
2024-01-13 00:10:00,2024-01-13 00:10:00,132.90138444975887,0.0,0.0,77.87273517312279,0,0,0.0,1.0,1,0,1,2.7,0.0
2024-01-13 00:15:00,2024-01-13 00:15:00,128.58222483325946,0.0,0.0,85.79167137674699,0,0,0.0,1.0,1,0,1,2.7,0.0
2024-01-13 00:20:00,2024-01-13 00:20:00,131.06267254912908,0.0,0.0,82.76340969509195,0,0,0.0,1.0,1,0,1,2.7,0.0
2024-01-13 00:25:00,2024-01-13 00:25:00,129.38830483034135,0.0,0.0,73.35283100949556,0,0,0.0,1.0,1,0,1,2.7,0.0
2024-01-13 00:30:00,2024-01-13 00:30:00,134.32100629816537,0.0,0.0,73.68605271916411,0,0,0.0,1.0,1,0,1,2.7,0.0
2024-01-13 00:35:00,2024-01-13 00:35:00,121.77941118223241,0.0,0.0,73.0425288486089,0,0,0.0,1.0,1,0,1,2.7,0.0
2024-01-13 00:40:00,2024-01-13 00:40:00,138.95879684657376,0.0,0.0,85.29802192103959,0,0,0.0,1.0,1,0,1,2.7,0.0
2024-01-13 00:45:00,2024-01-13 00:45:00,129.34748461643838,0.0,0.0,70.80371902987444,100,0,0.0,1.0,1,0,1,2.7,0.0
2024-01-13 00:50:00,2024-01-13 00:50:00,134.80805163369124,0.0,0.0,74.13593558656052,0,0,0.0,1.0,1,0,1,2.7,0.0
2024-01-13 00:55:00,2024-01-13 00:55:00,128.39757491732385,0.0,0.0,80.07442650729665,100,0,0.0,1.0,1,0,1,2.7,0.0
2024-01-13 01:00:00,2024-01-13 01:00:00,127.39494991536884,0.0,0.0,77.41077179144962,0,0,0.25881904510252074,0.9659258262890683,1,0,1,2.7,0.0
2024-01-13 01:05:00,2024-01-13 01:05:00,139.40548871948153,0.0,0.0,70.91578746540087,0,0,0.25881904510252074,0.9659258262890683,1,0,1,2.7,0.0
2024-01-13 01:10:00,2024-01-13 01:10:00,140.64193291463414,0.0,0.0,75.55235363937324,0,0,0.25881904510252074,0.9659258262890683,1,0,1,2.7,0.0
2024-01-13 01:15:00,2024-01-13 01:15:00,127.79042138681213,0.0,0.0,86.31216629972482,0,0,0.25881904510252074,0.9659258262890683,1,0,1,2.7,0.0
2024-01-13 01:20:00,2024-01-13 01:20:00,129.12323411077026,0.0,0.0,86.11066174405352,0,0,0.25881904510252074,0.9659258262890683,1,0,1,2.7,0.0
2024-01-13 01:25:00,2024-01-13 01:25:00,134.41420439830614,0.0,0.0,78.86378429455694,0,0,0.25881904510252074,0.9659258262890683,1,0,1,2.7,0.0
2024-01-13 01:30:00,2024-01-13 01:30:00,129.81522365968232,0.0,0.0,93.60211220782759,0,0,0.25881904510252074,0.9659258262890683,1,0,1,2.7,0.0
2024-01-13 01:35:00,2024-01-13 01:35:00,129.5940967592933,0.0,0.0,84.2391542175692,0,0,0.25881904510252074,0.9659258262890683,1,0,1,2.7,0.0
2024-01-13 01:40:00,2024-01-13 01:40:00,135.13984775266027,0.0,0.0,85.43574019234255,0,0,0.25881904510252074,0.9659258262890683,1,0,1,2.7,0.0
2024-01-13 01:45:00,2024-01-13 01:45:00,142.26398138110946,0.0,0.0,83.92195290285004,0,0,0.25881904510252074,0.9659258262890683,1,0,1,2.7,0.0
2024-01-13 01:50:00,2024-01-13 01:50:00,135.95406278613763,0.0,0.0,77.4477408650598,0,0,0.25881904510252074,0.9659258262890683,1,0,1,2.7,0.0
2024-01-13 01:55:00,2024-01-13 01:55:00,137.47529942400985,0.0,0.0,73.15360257039033,100,0,0.25881904510252074,0.9659258262890683,1,0,1,2.7,0.0
2024-01-13 02:00:00,2024-01-13 02:00:00,141.51048354307744,3.0,30.0,78.36757571666988,0,0,0.49999999999999994,0.8660254037844387,1,0,1,2.7,24.0
2024-01-13 02:05:00,2024-01-13 02:05:00,138.85254148048415,0.0,0.0,79.4171556691051,0,0,0.49999999999999994,0.8660254037844387,1,0,1,2.7,24.0
2024-01-13 02:10:00,2024-01-13 02:10:00,136.0568137306005,0.0,0.0,79.78230816212104,0,0,0.49999999999999994,0.8660254037844387,1,0,1,2.7,24.0
2024-01-13 02:15:00,2024-01-13 02:15:00,140.90291572955547,0.0,0.0,79.12847333743882,0,0,0.49999999999999994,0.8660254037844387,1,0,1,2.7,24.0
2024-01-13 02:20:00,2024-01-13 02:20:00,137.5689733611212,0.0,0.0,75.36648439544537,0,0,0.49999999999999994,0.8660254037844387,1,0,1,2.7,24.0
2024-01-13 02:25:00,2024-01-13 02:25:00,137.36157539672234,0.0,0.0,77.08904633342968,0,0,0.49999999999999994,0.8660254037844387,1,0,1,2.7,24.0
2024-01-13 02:30:00,2024-01-13 02:30:00,140.1143166165117,0.0,0.0,80.73043847312098,0,0,0.49999999999999994,0.8660254037844387,1,0,1,2.7,24.0
2024-01-13 02:35:00,2024-01-13 02:35:00,147.9972236206612,0.0,0.0,85.88079787773441,0,0,0.49999999999999994,0.8660254037844387,1,0,1,2.7,24.0
2024-01-13 02:40:00,2024-01-13 02:40:00,151.15850393256747,0.0,0.0,85.48799815556856,0,0,0.49999999999999994,0.8660254037844387,1,0,1,2.7,24.0
2024-01-13 02:45:00,2024-01-13 02:45:00,144.5499574779744,0.0,0.0,82.46101360280835,0,0,0.49999999999999994,0.8660254037844387,1,0,1,2.7,24.0
2024-01-13 02:50:00,2024-01-13 02:50:00,150.51921915969086,0.0,0.0,77.9996011667022,0,0,0.49999999999999994,0.8660254037844387,1,0,1,2.7,24.0
2024-01-13 02:55:00,2024-01-13 02:55:00,146.31760877195572,0.0,0.0,76.95922003824731,0,0,0.49999999999999994,0.8660254037844387,1,0,1,2.7,24.0
2024-01-13 03:00:00,2024-01-13 03:00:00,153.55902745605994,0.0,0.0,76.59524315952412,0,0,0.7071067811865475,0.7071067811865476,1,0,1,2.7,24.0
2024-01-13 03:05:00,2024-01-13 03:05:00,154.80940530855017,0.0,0.0,74.64616030421558,0,0,0.7071067811865475,0.7071067811865476,1,0,1,2.7,24.0
2024-01-13 03:10:00,2024-01-13 03:10:00,160.03412949642558,0.0,0.0,79.58438039275035,0,0,0.7071067811865475,0.7071067811865476,1,0,1,2.7,24.0
2024-01-13 03:15:00,2024-01-13 03:15:00,163.53132346575507,0.0,0.0,78.73857806604784,0,0,0.7071067811865475,0.7071067811865476,1,0,1,2.7,24.0
2024-01-13 03:20:00,2024-01-13 03:20:00,164.98310474925995,0.0,0.0,73.27295526506434,0,0,0.7071067811865475,0.7071067811865476,1,0,1,2.7,24.0
2024-01-13 03:25:00,2024-01-13 03:25:00,163.59545170005703,0.0,0.0,74.5426928956816,100,0,0.7071067811865475,0.7071067811865476,1,0,1,2.7,24.0
2024-01-13 03:30:00,2024-01-13 03:30:00,163.6795521012042,0.0,0.0,84.70718885241463,0,0,0.7071067811865475,0.7071067811865476,1,0,1,2.7,24.0
2024-01-13 03:35:00,2024-01-13 03:35:00,157.60989425221186,0.0,0.0,79.05561228730592,0,0,0.7071067811865475,0.7071067811865476,1,0,1,2.7,24.0
2024-01-13 03:40:00,2024-01-13 03:40:00,170.22030246400232,0.0,0.0,77.07287701820859,0,0,0.7071067811865475,0.7071067811865476,1,0,1,2.7,24.0
2024-01-13 03:45:00,2024-01-13 03:45:00,162.80485156561753,0.0,0.0,78.84166261721886,100,0,0.7071067811865475,0.7071067811865476,1,0,1,2.7,24.0
2024-01-13 03:50:00,2024-01-13 03:50:00,157.6144720299014,0.0,0.0,84.98360716585469,0,0,0.7071067811865475,0.7071067811865476,1,0,1,2.7,24.0
2024-01-13 03:55:00,2024-01-13 03:55:00,154.63736840014826,0.0,0.0,76.99942707738307,0,0,0.7071067811865475,0.7071067811865476,1,0,1,2.7,24.0
2024-01-13 04:00:00,2024-01-13 04:00:00,157.02946952188304,0.0,0.0,79.56822416372931,0,0,0.8660254037844386,0.5000000000000001,1,0,1,2.7,24.0
2024-01-13 04:05:00,2024-01-13 04:05:00,157.0932747457803,0.0,0.0,87.1196983286215,0,0,0.8660254037844386,0.5000000000000001,1,0,1,2.7,24.0
2024-01-13 04:10:00,2024-01-13 04:10:00,160.3364894397542,0.0,0.0,83.87364101425271,0,0,0.8660254037844386,0.5000000000000001,1,0,1,2.7,24.0
2024-01-13 04:15:00,2024-01-13 04:15:00,160.24640523621667,0.0,0.0,86.39996699292976,0,0,0.8660254037844386,0.5000000000000001,1,0,1,2.7,24.0
2024-01-13 04:20:00,2024-01-13 04:20:00,143.37235916759352,0.0,0.0,79.11105448793072,0,0,0.8660254037844386,0.5000000000000001,1,0,1,2.7,24.0
2024-01-13 04:25:00,2024-01-13 04:25:00,150.99871778324368,0.0,0.0,81.85651265938455,0,0,0.8660254037844386,0.5000000000000001,1,0,1,2.7,24.0
2024-01-13 04:30:00,2024-01-13 04:30:00,140.3153519086696,0.0,0.0,87.03255300321939,100,0,0.8660254037844386,0.5000000000000001,1,0,1,2.7,24.0
2024-01-13 04:35:00,2024-01-13 04:35:00,140.54590990869508,0.0,0.0,90.13572582067715,0,0,0.8660254037844386,0.5000000000000001,1,0,1,2.7,24.0
2024-01-13 04:40:00,2024-01-13 04:40:00,149.71508684486494,0.0,0.0,87.2357304143664,0,0,0.8660254037844386,0.5000000000000001,1,0,1,2.7,24.0
2024-01-13 04:45:00,2024-01-13 04:45:00,148.37104259568576,0.0,0.0,79.98263044702394,0,0,0.8660254037844386,0.5000000000000001,1,0,1,2.7,24.0
2024-01-13 04:50:00,2024-01-13 04:50:00,141.91453714208888,0.0,0.0,76.93971609455208,0,0,0.8660254037844386,0.5000000000000001,1,0,1,2.7,24.0
2024-01-13 04:55:00,2024-01-13 04:55:00,139.1361217472933,0.0,0.0,80.2154125272041,0,0,0.8660254037844386,0.5000000000000001,1,0,1,2.7,24.0
2024-01-13 05:00:00,2024-01-13 05:00:00,142.25478530968974,0.0,0.0,85.51346670470286,0,0,0.9659258262890683,0.25881904510252074,1,0,1,2.7,0.0
2024-01-13 05:05:00,2024-01-13 05:05:00,147.2292463985634,0.0,0.0,77.6930638659229,0,0,0.9659258262890683,0.25881904510252074,1,0,1,2.7,0.0
2024-01-13 05:10:00,2024-01-13 05:10:00,151.70861206103,0.0,0.0,77.84526415029464,0,0,0.9659258262890683,0.25881904510252074,1,0,1,2.7,0.0
2024-01-13 05:15:00,2024-01-13 05:15:00,145.610629432902,0.0,0.0,83.79573585516407,0,0,0.9659258262890683,0.25881904510252074,1,0,1,2.7,0.0
2024-01-13 05:20:00,2024-01-13 05:20:00,134.7948695932376,0.0,0.0,75.85018626842935,100,0,0.9659258262890683,0.25881904510252074,1,0,1,2.7,0.0
2024-01-13 05:25:00,2024-01-13 05:25:00,135.13409532265803,0.0,0.0,74.18770456490054,0,0,0.9659258262890683,0.25881904510252074,1,0,1,2.7,0.0
2024-01-13 05:30:00,2024-01-13 05:30:00,149.49874645172807,0.0,0.0,84.221123708563,0,0,0.9659258262890683,0.25881904510252074,1,0,1,2.7,0.0
2024-01-13 05:35:00,2024-01-13 05:35:00,151.69122895521573,0.0,0.0,74.85529729493207,0,0,0.9659258262890683,0.25881904510252074,1,0,1,2.7,0.0
2024-01-13 05:40:00,2024-01-13 05:40:00,149.9785825123357,0.0,0.0,75.48870672502449,0,0,0.9659258262890683,0.25881904510252074,1,0,1,2.7,0.0
2024-01-13 05:45:00,2024-01-13 05:45:00,141.9900237462802,0.0,0.0,79.57229846210743,0,0,0.9659258262890683,0.25881904510252074,1,0,1,2.7,0.0
2024-01-13 05:50:00,2024-01-13 05:50:00,143.6285774034783,0.0,0.0,82.85937076528029,0,0,0.9659258262890683,0.25881904510252074,1,0,1,2.7,0.0
2024-01-13 05:55:00,2024-01-13 05:55:00,146.50609351033594,0.0,0.0,85.55575064689592,0,0,0.9659258262890683,0.25881904510252074,1,0,1,2.7,0.0
2024-01-13 06:00:00,2024-01-13 06:00:00,146.60140501266787,0.0,0.0,84.2983778977222,100,0,1.0,6.123233995736766e-17,1,0,1,2.7,0.0
2024-01-13 06:05:00,2024-01-13 06:05:00,145.24814592846897,0.0,0.0,82.48567913859857,0,0,1.0,6.123233995736766e-17,1,0,1,2.7,0.0
2024-01-13 06:10:00,2024-01-13 06:10:00,146.59273312850752,0.0,0.0,79.79958923335951,0,0,1.0,6.123233995736766e-17,1,0,1,2.7,0.0
2024-01-13 06:15:00,2024-01-13 06:15:00,156.52313981859402,0.0,0.0,80.66390178819263,0,0,1.0,6.123233995736766e-17,1,0,1,2.7,0.0
2024-01-13 06:20:00,2024-01-13 06:20:00,137.3228042624078,0.0,0.0,82.2163808056955,0,0,1.0,6.123233995736766e-17,1,0,1,2.7,0.0
2024-01-13 06:25:00,2024-01-13 06:25:00,156.7672354331927,0.0,0.0,76.74373019146122,0,0,1.0,6.123233995736766e-17,1,0,1,2.7,0.0
2024-01-13 06:30:00,2024-01-13 06:30:00,148.4065601381476,0.0,0.0,85.26906474819016,100,0,1.0,6.123233995736766e-17,1,0,1,2.7,0.0
2024-01-13 06:35:00,2024-01-13 06:35:00,134.46525547648068,0.0,0.0,75.94524702915061,0,0,1.0,6.123233995736766e-17,1,0,1,2.7,0.0
2024-01-13 06:40:00,2024-01-13 06:40:00,150.533812523818,0.0,0.0,77.1692435344106,100,0,1.0,6.123233995736766e-17,1,0,1,2.7,0.0
2024-01-13 06:45:00,2024-01-13 06:45:00,149.62779572831388,0.0,0.0,83.6805860196596,0,0,1.0,6.123233995736766e-17,1,0,1,2.7,0.0
2024-01-13 06:50:00,2024-01-13 06:50:00,143.43564178852517,0.0,0.0,72.90671416453195,0,0,1.0,6.123233995736766e-17,1,0,1,2.7,0.0
2024-01-13 06:55:00,2024-01-13 06:55:00,145.38520254023607,0.0,0.0,75.64407020405174,0,0,1.0,6.123233995736766e-17,1,0,1,2.7,0.0
2024-01-13 07:00:00,2024-01-13 07:00:00,149.22964919216307,0.0,0.0,76.09480675194861,0,0,0.9659258262890683,-0.25881904510252063,1,0,1,0.0,0.0
2024-01-13 07:05:00,2024-01-13 07:05:00,141.4190516594413,0.0,0.0,83.18449915388689,0,0,0.9659258262890683,-0.25881904510252063,1,0,1,0.0,0.0
2024-01-13 07:10:00,2024-01-13 07:10:00,153.16290907139197,0.0,0.0,76.84331596010135,0,0,0.9659258262890683,-0.25881904510252063,1,0,1,0.0,0.0
2024-01-13 07:15:00,2024-01-13 07:15:00,140.41205021189353,0.0,0.0,84.90815607543011,0,0,0.9659258262890683,-0.25881904510252063,1,0,1,0.0,0.0
2024-01-13 07:20:00,2024-01-13 07:20:00,147.64594509549565,0.0,0.0,83.56624102704353,0,0,0.9659258262890683,-0.25881904510252063,1,0,1,0.0,0.0
2024-01-13 07:25:00,2024-01-13 07:25:00,143.93614213164005,0.0,0.0,73.77632492289563,0,0,0.9659258262890683,-0.25881904510252063,1,0,1,0.0,0.0
2024-01-13 07:30:00,2024-01-13 07:30:00,139.76350481593795,0.0,0.0,88.15810973520189,0,0,0.9659258262890683,-0.25881904510252063,1,0,1,0.0,0.0
2024-01-13 07:35:00,2024-01-13 07:35:00,146.97222011761028,0.0,0.0,79.46249626994565,0,0,0.9659258262890683,-0.25881904510252063,1,0,1,0.0,0.0
2024-01-13 07:40:00,2024-01-13 07:40:00,140.8034842955976,0.0,0.0,73.79774147615825,0,0,0.9659258262890683,-0.25881904510252063,1,0,1,0.0,0.0
2024-01-13 07:45:00,2024-01-13 07:45:00,143.1563767796753,0.0,0.0,78.55028911384666,0,0,0.9659258262890683,-0.25881904510252063,1,0,1,0.0,0.0
2024-01-13 07:50:00,2024-01-13 07:50:00,147.01983867333394,0.0,0.0,84.16625888745607,100,0,0.9659258262890683,-0.25881904510252063,1,0,1,0.0,0.0
2024-01-13 07:55:00,2024-01-13 07:55:00,149.92381015866943,0.0,0.0,79.1688635555327,0,0,0.9659258262890683,-0.25881904510252063,1,0,1,0.0,0.0
2024-01-13 08:00:00,2024-01-13 08:00:00,151.91639616883424,0.0,0.0,73.85745834467241,0,0,0.8660254037844387,-0.49999999999999983,1,0,1,0.0,0.0
2024-01-13 08:05:00,2024-01-13 08:05:00,149.8488371998714,0.0,0.0,71.69820512335629,0,0,0.8660254037844387,-0.49999999999999983,1,0,1,0.0,0.0
2024-01-13 08:10:00,2024-01-13 08:10:00,144.5997126942694,0.0,0.0,79.32062953409294,0,0,0.8660254037844387,-0.49999999999999983,1,0,1,0.0,0.0
2024-01-13 08:15:00,2024-01-13 08:15:00,144.13619536132225,0.0,0.0,74.21749194287463,0,0,0.8660254037844387,-0.49999999999999983,1,0,1,0.0,0.0
2024-01-13 08:20:00,2024-01-13 08:20:00,145.56774700345846,0.0,0.0,76.37878903086161,0,0,0.8660254037844387,-0.49999999999999983,1,0,1,0.0,0.0
2024-01-13 08:25:00,2024-01-13 08:25:00,142.94630837284518,0.0,0.0,84.00541798325432,0,0,0.8660254037844387,-0.49999999999999983,1,0,1,0.0,0.0
2024-01-13 08:30:00,2024-01-13 08:30:00,149.1166603680587,0.0,0.0,81.12083971239485,0,0,0.8660254037844387,-0.49999999999999983,1,0,1,0.0,0.0
2024-01-13 08:35:00,2024-01-13 08:35:00,148.33906391886393,0.0,0.0,73.43366998435451,0,0,0.8660254037844387,-0.49999999999999983,1,0,1,0.0,0.0
2024-01-13 08:40:00,2024-01-13 08:40:00,145.35472222336642,0.0,0.0,83.13991908537638,0,0,0.8660254037844387,-0.49999999999999983,1,0,1,0.0,0.0
2024-01-13 08:45:00,2024-01-13 08:45:00,142.25009867116057,0.0,0.0,84.37896673334762,0,0,0.8660254037844387,-0.49999999999999983,1,0,1,0.0,0.0
2024-01-13 08:50:00,2024-01-13 08:50:00,141.0650916804433,0.0,0.0,67.1800313467616,0,0,0.8660254037844387,-0.49999999999999983,1,0,1,0.0,0.0
2024-01-13 08:55:00,2024-01-13 08:55:00,137.17844950084842,0.0,0.0,84.60586186676126,0,0,0.8660254037844387,-0.49999999999999983,1,0,1,0.0,0.0
2024-01-13 09:00:00,2024-01-13 09:00:00,136.08641488073127,0.0,0.0,67.81047834874508,0,0,0.7071067811865476,-0.7071067811865475,1,0,1,0.0,0.0
2024-01-13 09:05:00,2024-01-13 09:05:00,141.1476618441924,0.0,0.0,74.50868754605308,0,0,0.7071067811865476,-0.7071067811865475,1,0,1,0.0,0.0
2024-01-13 09:10:00,2024-01-13 09:10:00,145.7602253483755,0.0,0.0,85.18305245152605,0,0,0.7071067811865476,-0.7071067811865475,1,0,1,0.0,0.0
2024-01-13 09:15:00,2024-01-13 09:15:00,136.34567383241534,0.0,0.0,78.8516134538701,0,0,0.7071067811865476,-0.7071067811865475,1,0,1,0.0,0.0
2024-01-13 09:20:00,2024-01-13 09:20:00,143.35833530380967,0.0,0.0,72.92884802654115,0,0,0.7071067811865476,-0.7071067811865475,1,0,1,0.0,0.0
2024-01-13 09:25:00,2024-01-13 09:25:00,138.40904165481632,0.0,0.0,78.9007589914425,0,0,0.7071067811865476,-0.7071067811865475,1,0,1,0.0,0.0
2024-01-13 09:30:00,2024-01-13 09:30:00,146.4636982071753,0.0,0.0,81.89785331346417,0,0,0.7071067811865476,-0.7071067811865475,1,0,1,0.0,0.0
2024-01-13 09:35:00,2024-01-13 09:35:00,136.7660596894171,0.0,0.0,81.67673984524286,0,0,0.7071067811865476,-0.7071067811865475,1,0,1,0.0,0.0
2024-01-13 09:40:00,2024-01-13 09:40:00,141.53707154612258,0.0,0.0,79.91268914194877,0,0,0.7071067811865476,-0.7071067811865475,1,0,1,0.0,0.0
2024-01-13 09:45:00,2024-01-13 09:45:00,131.9705633491695,0.0,0.0,82.19883858542752,0,0,0.7071067811865476,-0.7071067811865475,1,0,1,0.0,0.0
2024-01-13 09:50:00,2024-01-13 09:50:00,142.4497073022862,0.0,0.0,80.61495755730355,0,0,0.7071067811865476,-0.7071067811865475,1,0,1,0.0,0.0
2024-01-13 09:55:00,2024-01-13 09:55:00,141.90514886290094,0.0,0.0,90.13029808654424,100,0,0.7071067811865476,-0.7071067811865475,1,0,1,0.0,0.0
2024-01-13 10:00:00,2024-01-13 10:00:00,129.61769442027574,0.0,0.0,78.57943167665546,0,0,0.49999999999999994,-0.8660254037844387,1,0,1,0.0,0.0
2024-01-13 10:05:00,2024-01-13 10:05:00,131.9463978166653,0.0,0.0,72.5534725871001,0,0,0.49999999999999994,-0.8660254037844387,1,0,1,0.0,0.0
2024-01-13 10:10:00,2024-01-13 10:10:00,141.16063641537835,0.0,0.0,78.06950548563388,0,0,0.49999999999999994,-0.8660254037844387,1,0,1,0.0,0.0
2024-01-13 10:15:00,2024-01-13 10:15:00,138.3863817527896,0.0,0.0,82.44726242594426,0,0,0.49999999999999994,-0.8660254037844387,1,0,1,0.0,0.0
2024-01-13 10:20:00,2024-01-13 10:20:00,133.35114715254954,0.0,0.0,74.35021931958384,0,0,0.49999999999999994,-0.8660254037844387,1,0,1,0.0,0.0
2024-01-13 10:25:00,2024-01-13 10:25:00,132.65267941113174,0.0,0.0,87.01006724252787,0,0,0.49999999999999994,-0.8660254037844387,1,0,1,0.0,0.0
2024-01-13 10:30:00,2024-01-13 10:30:00,133.42337096918246,0.0,0.0,83.50822412781301,100,0,0.49999999999999994,-0.8660254037844387,1,0,1,0.0,0.0
2024-01-13 10:35:00,2024-01-13 10:35:00,137.19824253360514,0.0,0.0,83.89354427325311,100,0,0.49999999999999994,-0.8660254037844387,1,0,1,0.0,0.0
2024-01-13 10:40:00,2024-01-13 10:40:00,139.0970865795903,0.0,0.0,76.35958808723333,0,0,0.49999999999999994,-0.8660254037844387,1,0,1,0.0,0.0
2024-01-13 10:45:00,2024-01-13 10:45:00,146.91998076760547,0.0,0.0,82.1740265238295,0,0,0.49999999999999994,-0.8660254037844387,1,0,1,0.0,0.0
2024-01-13 10:50:00,2024-01-13 10:50:00,135.92877500232933,0.0,0.0,81.40904159755262,0,0,0.49999999999999994,-0.8660254037844387,1,0,1,0.0,0.0
2024-01-13 10:55:00,2024-01-13 10:55:00,132.34354600751226,0.0,0.0,77.9907668054659,0,0,0.49999999999999994,-0.8660254037844387,1,0,1,0.0,0.0
2024-01-13 11:00:00,2024-01-13 11:00:00,133.29999451284962,0.0,0.0,85.90188234442665,0,0,0.258819045102521,-0.9659258262890682,1,0,1,0.0,0.0
2024-01-13 11:05:00,2024-01-13 11:05:00,133.67668820475046,0.0,0.0,89.78849511623082,0,0,0.258819045102521,-0.9659258262890682,1,0,1,0.0,0.0
2024-01-13 11:10:00,2024-01-13 11:10:00,129.7564394659957,0.0,0.0,77.75362867594507,0,0,0.258819045102521,-0.9659258262890682,1,0,1,0.0,0.0
2024-01-13 11:15:00,2024-01-13 11:15:00,138.8935976805605,0.0,0.0,76.74041457834907,0,0,0.258819045102521,-0.9659258262890682,1,0,1,0.0,0.0
2024-01-13 11:20:00,2024-01-13 11:20:00,121.5419044347151,0.0,0.0,80.71058370659001,0,0,0.258819045102521,-0.9659258262890682,1,0,1,0.0,0.0
2024-01-13 11:25:00,2024-01-13 11:25:00,140.0819879970959,0.0,0.0,81.5999844663137,0,0,0.258819045102521,-0.9659258262890682,1,0,1,0.0,0.0
2024-01-13 11:30:00,2024-01-13 11:30:00,130.11538643162913,0.0,0.0,84.74100581324262,0,0,0.258819045102521,-0.9659258262890682,1,0,1,0.0,0.0
2024-01-13 11:35:00,2024-01-13 11:35:00,130.2962861059151,0.0,0.0,84.80145215116261,0,0,0.258819045102521,-0.9659258262890682,1,0,1,0.0,0.0
2024-01-13 11:40:00,2024-01-13 11:40:00,137.57521348059691,0.0,0.0,82.03269218293691,0,0,0.258819045102521,-0.9659258262890682,1,0,1,0.0,0.0
2024-01-13 11:45:00,2024-01-13 11:45:00,137.7650752643265,0.0,0.0,78.60786013124293,0,0,0.258819045102521,-0.9659258262890682,1,0,1,0.0,0.0
2024-01-13 11:50:00,2024-01-13 11:50:00,132.64585675013188,0.0,0.0,77.23725941876708,0,0,0.258819045102521,-0.9659258262890682,1,0,1,0.0,0.0
2024-01-13 11:55:00,2024-01-13 11:55:00,138.26693544818517,0.0,0.0,72.16983735823997,0,0,0.258819045102521,-0.9659258262890682,1,0,1,0.0,0.0
2024-01-13 12:00:00,2024-01-13 12:00:00,138.49833898147796,0.0,0.0,79.05453067919453,100,0,1.2246467991473532e-16,-1.0,1,0,1,0.0,0.0
2024-01-13 12:05:00,2024-01-13 12:05:00,124.07379038795735,0.0,0.0,76.077506116313,0,0,1.2246467991473532e-16,-1.0,1,0,1,0.0,0.0
2024-01-13 12:10:00,2024-01-13 12:10:00,132.97852541101528,0.0,0.0,85.59033974791318,0,0,1.2246467991473532e-16,-1.0,1,0,1,0.0,0.0
2024-01-13 12:15:00,2024-01-13 12:15:00,128.08261033548166,0.0,0.0,86.21713088092194,0,0,1.2246467991473532e-16,-1.0,1,0,1,0.0,0.0
2024-01-13 12:20:00,2024-01-13 12:20:00,132.58514957884805,0.0,0.0,85.15042596663383,0,0,1.2246467991473532e-16,-1.0,1,0,1,0.0,0.0
2024-01-13 12:25:00,2024-01-13 12:25:00,128.250655132508,0.0,0.0,80.75305856987623,0,0,1.2246467991473532e-16,-1.0,1,0,1,0.0,0.0
2024-01-13 12:30:00,2024-01-13 12:30:00,128.5745897405269,0.0,0.0,73.45715870422721,0,0,1.2246467991473532e-16,-1.0,1,0,1,0.0,0.0
2024-01-13 12:35:00,2024-01-13 12:35:00,121.66799588403263,0.0,0.0,74.4579300925134,0,0,1.2246467991473532e-16,-1.0,1,0,1,0.0,0.0
2024-01-13 12:40:00,2024-01-13 12:40:00,134.89478517086425,0.0,0.0,82.79117642567532,0,0,1.2246467991473532e-16,-1.0,1,0,1,0.0,0.0
2024-01-13 12:45:00,2024-01-13 12:45:00,131.22132621034422,0.0,0.0,79.0333640704534,0,0,1.2246467991473532e-16,-1.0,1,0,1,0.0,0.0
2024-01-13 12:50:00,2024-01-13 12:50:00,123.08563833236528,0.0,0.0,77.09461407708172,0,0,1.2246467991473532e-16,-1.0,1,0,1,0.0,0.0
2024-01-13 12:55:00,2024-01-13 12:55:00,138.51170928293513,0.0,0.0,82.74572444037305,0,0,1.2246467991473532e-16,-1.0,1,0,1,0.0,0.0
2024-01-13 13:00:00,2024-01-13 13:00:00,126.86053814742297,0.0,0.0,73.47736834521561,100,0,-0.2588190451025208,-0.9659258262890683,1,0,1,0.0,0.0
2024-01-13 13:05:00,2024-01-13 13:05:00,126.71338410532769,0.0,0.0,73.53152270001289,0,0,-0.2588190451025208,-0.9659258262890683,1,0,1,0.0,0.0
2024-01-13 13:10:00,2024-01-13 13:10:00,131.2347782465506,0.0,0.0,73.75403129669255,0,0,-0.2588190451025208,-0.9659258262890683,1,0,1,0.0,0.0
2024-01-13 13:15:00,2024-01-13 13:15:00,117.92218750840425,0.0,0.0,78.88582215714531,0,0,-0.2588190451025208,-0.9659258262890683,1,0,1,0.0,0.0
2024-01-13 13:20:00,2024-01-13 13:20:00,127.45715478414716,0.0,0.0,88.84198533037691,0,0,-0.2588190451025208,-0.9659258262890683,1,0,1,0.0,0.0
2024-01-13 13:25:00,2024-01-13 13:25:00,128.9399078188044,0.0,0.0,74.30307239014613,0,0,-0.2588190451025208,-0.9659258262890683,1,0,1,0.0,0.0
2024-01-13 13:30:00,2024-01-13 13:30:00,121.05502977530568,0.0,0.0,76.0711820428073,0,0,-0.2588190451025208,-0.9659258262890683,1,0,1,0.0,0.0
2024-01-13 13:35:00,2024-01-13 13:35:00,130.24601445245068,0.0,0.0,70.47232375005535,0,0,-0.2588190451025208,-0.9659258262890683,1,0,1,0.0,0.0
2024-01-13 13:40:00,2024-01-13 13:40:00,127.48764830024815,0.0,0.0,73.96543444320562,0,0,-0.2588190451025208,-0.9659258262890683,1,0,1,0.0,0.0
2024-01-13 13:45:00,2024-01-13 13:45:00,131.2318942791743,0.0,0.0,73.47620781130095,100,0,-0.2588190451025208,-0.9659258262890683,1,0,1,0.0,0.0
2024-01-13 13:50:00,2024-01-13 13:50:00,119.17461179153457,0.0,0.0,81.80471676404112,0,0,-0.2588190451025208,-0.9659258262890683,1,0,1,0.0,0.0
2024-01-13 13:55:00,2024-01-13 13:55:00,127.92514171139975,0.0,0.0,82.75396956763672,0,0,-0.2588190451025208,-0.9659258262890683,1,0,1,0.0,0.0
2024-01-13 14:00:00,2024-01-13 14:00:00,126.44295913379432,0.0,0.0,78.7535101481225,0,0,-0.4999999999999998,-0.8660254037844388,1,0,1,0.0,0.0
2024-01-13 14:05:00,2024-01-13 14:05:00,117.28394592811752,0.0,0.0,82.42548018411053,0,0,-0.4999999999999998,-0.8660254037844388,1,0,1,0.0,0.0
2024-01-13 14:10:00,2024-01-13 14:10:00,119.90530258224545,0.0,0.0,74.24288413376144,0,0,-0.4999999999999998,-0.8660254037844388,1,0,1,0.0,0.0
2024-01-13 14:15:00,2024-01-13 14:15:00,121.93227431689398,0.0,0.0,80.6126621394663,100,0,-0.4999999999999998,-0.8660254037844388,1,0,1,0.0,0.0
2024-01-13 14:20:00,2024-01-13 14:20:00,126.75423390082781,0.0,0.0,78.41330595701784,100,0,-0.4999999999999998,-0.8660254037844388,1,0,1,0.0,0.0
2024-01-13 14:25:00,2024-01-13 14:25:00,129.30284156451728,0.0,0.0,76.58622223366326,0,0,-0.4999999999999998,-0.8660254037844388,1,0,1,0.0,0.0
2024-01-13 14:30:00,2024-01-13 14:30:00,134.72751388532876,0.0,0.0,78.64917521528278,0,0,-0.4999999999999998,-0.8660254037844388,1,0,1,0.0,0.0
2024-01-13 14:35:00,2024-01-13 14:35:00,121.2749422758248,0.0,0.0,89.38755262347998,100,0,-0.4999999999999998,-0.8660254037844388,1,0,1,0.0,0.0
2024-01-13 14:40:00,2024-01-13 14:40:00,120.02127293819701,0.0,0.0,82.80903107501531,0,0,-0.4999999999999998,-0.8660254037844388,1,0,1,0.0,0.0
2024-01-13 14:45:00,2024-01-13 14:45:00,127.28759139430281,0.0,0.0,68.82791405241035,0,0,-0.4999999999999998,-0.8660254037844388,1,0,1,0.0,0.0
2024-01-13 14:50:00,2024-01-13 14:50:00,124.0239452559732,0.0,0.0,73.35031892513605,0,0,-0.4999999999999998,-0.8660254037844388,1,0,1,0.0,0.0
2024-01-13 14:55:00,2024-01-13 14:55:00,116.94909403960767,0.0,0.0,79.80131770125904,0,0,-0.4999999999999998,-0.8660254037844388,1,0,1,0.0,0.0
2024-01-13 15:00:00,2024-01-13 15:00:00,132.8238346843414,0.0,0.0,78.76420859372699,0,0,-0.7071067811865471,-0.7071067811865479,1,0,1,0.0,0.0
2024-01-13 15:05:00,2024-01-13 15:05:00,118.29240279756873,0.0,0.0,74.48852973079539,0,0,-0.7071067811865471,-0.7071067811865479,1,0,1,0.0,0.0
2024-01-13 15:10:00,2024-01-13 15:10:00,122.93755301884408,0.0,0.0,84.28698681635359,0,0,-0.7071067811865471,-0.7071067811865479,1,0,1,0.0,0.0
2024-01-13 15:15:00,2024-01-13 15:15:00,121.86236312678729,0.0,0.0,71.95008074353852,0,0,-0.7071067811865471,-0.7071067811865479,1,0,1,0.0,0.0
2024-01-13 15:20:00,2024-01-13 15:20:00,123.59920827152419,0.0,0.0,76.35709896462816,0,0,-0.7071067811865471,-0.7071067811865479,1,0,1,0.0,0.0
2024-01-13 15:25:00,2024-01-13 15:25:00,125.70306104244497,0.0,0.0,88.10057563982262,0,0,-0.7071067811865471,-0.7071067811865479,1,0,1,0.0,0.0
2024-01-13 15:30:00,2024-01-13 15:30:00,115.28518115653989,0.0,0.0,77.95753084922502,0,0,-0.7071067811865471,-0.7071067811865479,1,0,1,0.0,0.0
2024-01-13 15:35:00,2024-01-13 15:35:00,112.38029810210807,0.0,0.0,74.7781047488375,0,0,-0.7071067811865471,-0.7071067811865479,1,0,1,0.0,0.0
2024-01-13 15:40:00,2024-01-13 15:40:00,122.11580293888186,0.0,0.0,76.08384721151432,0,0,-0.7071067811865471,-0.7071067811865479,1,0,1,0.0,0.0
2024-01-13 15:45:00,2024-01-13 15:45:00,114.19078071756856,0.0,0.0,78.97394834060988,0,0,-0.7071067811865471,-0.7071067811865479,1,0,1,0.0,0.0
2024-01-13 15:50:00,2024-01-13 15:50:00,123.777767201712,0.0,0.0,77.68243968332219,0,0,-0.7071067811865471,-0.7071067811865479,1,0,1,0.0,0.0
2024-01-13 15:55:00,2024-01-13 15:55:00,118.11067743888451,0.0,0.0,84.8828311693611,0,0,-0.7071067811865471,-0.7071067811865479,1,0,1,0.0,0.0
2024-01-13 16:00:00,2024-01-13 16:00:00,115.63378347179716,0.0,0.0,79.45090013232296,0,0,-0.8660254037844384,-0.5000000000000004,1,0,1,0.0,0.0
2024-01-13 16:05:00,2024-01-13 16:05:00,118.86701991871175,0.0,0.0,85.81985450160937,0,0,-0.8660254037844384,-0.5000000000000004,1,0,1,0.0,0.0
2024-01-13 16:10:00,2024-01-13 16:10:00,122.20212534954653,0.0,0.0,81.13544648634046,100,0,-0.8660254037844384,-0.5000000000000004,1,0,1,0.0,0.0
2024-01-13 16:15:00,2024-01-13 16:15:00,127.5037958305878,0.0,0.0,82.55181114650782,0,0,-0.8660254037844384,-0.5000000000000004,1,0,1,0.0,0.0
2024-01-13 16:20:00,2024-01-13 16:20:00,113.03889066555433,0.0,0.0,78.6143889857471,0,0,-0.8660254037844384,-0.5000000000000004,1,0,1,0.0,0.0
2024-01-13 16:25:00,2024-01-13 16:25:00,119.82464183468686,0.0,0.0,83.64086449688016,100,0,-0.8660254037844384,-0.5000000000000004,1,0,1,0.0,0.0
2024-01-13 16:30:00,2024-01-13 16:30:00,122.61997402075905,0.0,0.0,74.4930509165542,0,0,-0.8660254037844384,-0.5000000000000004,1,0,1,0.0,0.0
2024-01-13 16:35:00,2024-01-13 16:35:00,114.9888819657681,0.0,0.0,76.26337752746846,0,0,-0.8660254037844384,-0.5000000000000004,1,0,1,0.0,0.0
2024-01-13 16:40:00,2024-01-13 16:40:00,105.59465304855433,0.0,0.0,87.02277988486057,0,0,-0.8660254037844384,-0.5000000000000004,1,0,1,0.0,0.0
2024-01-13 16:45:00,2024-01-13 16:45:00,119.90272824176544,0.0,0.0,81.11396158982322,0,0,-0.8660254037844384,-0.5000000000000004,1,0,1,0.0,0.0
2024-01-13 16:50:00,2024-01-13 16:50:00,117.96614545899536,0.0,0.0,81.90904055130328,0,0,-0.8660254037844384,-0.5000000000000004,1,0,1,0.0,0.0
2024-01-13 16:55:00,2024-01-13 16:55:00,113.56061937378973,0.0,0.0,77.44189178804987,0,0,-0.8660254037844384,-0.5000000000000004,1,0,1,0.0,0.0
2024-01-13 17:00:00,2024-01-13 17:00:00,108.79292960903598,0.0,0.0,72.84157870014671,0,0,-0.9659258262890683,-0.25881904510252063,1,0,1,0.0,0.0
2024-01-13 17:05:00,2024-01-13 17:05:00,121.74449012150698,0.0,0.0,77.23864113491474,0,0,-0.9659258262890683,-0.25881904510252063,1,0,1,0.0,0.0
2024-01-13 17:10:00,2024-01-13 17:10:00,104.50995626134376,0.0,0.0,82.52741743361551,0,0,-0.9659258262890683,-0.25881904510252063,1,0,1,0.0,0.0
2024-01-13 17:15:00,2024-01-13 17:15:00,110.59219179587518,0.0,0.0,81.83941988843054,100,0,-0.9659258262890683,-0.25881904510252063,1,0,1,0.0,0.0
2024-01-13 17:20:00,2024-01-13 17:20:00,120.86028508106759,0.0,0.0,76.88346858210011,0,0,-0.9659258262890683,-0.25881904510252063,1,0,1,0.0,0.0
2024-01-13 17:25:00,2024-01-13 17:25:00,110.70245949161341,0.0,0.0,77.53813682431104,0,0,-0.9659258262890683,-0.25881904510252063,1,0,1,0.0,0.0
2024-01-13 17:30:00,2024-01-13 17:30:00,120.88872955334345,0.0,0.0,70.67966159565815,0,0,-0.9659258262890683,-0.25881904510252063,1,0,1,0.0,0.0
2024-01-13 17:35:00,2024-01-13 17:35:00,118.60532568330784,0.0,0.0,86.45216329753342,0,0,-0.9659258262890683,-0.25881904510252063,1,0,1,0.0,0.0
2024-01-13 17:40:00,2024-01-13 17:40:00,115.80006978085494,0.0,0.0,75.18777788049441,0,0,-0.9659258262890683,-0.25881904510252063,1,0,1,0.0,0.0
2024-01-13 17:45:00,2024-01-13 17:45:00,115.68076131912768,0.0,0.0,83.61009669894332,0,0,-0.9659258262890683,-0.25881904510252063,1,0,1,0.0,0.0
2024-01-13 17:50:00,2024-01-13 17:50:00,117.69018523487456,0.0,0.0,91.03119282559706,0,0,-0.9659258262890683,-0.25881904510252063,1,0,1,0.0,0.0
2024-01-13 17:55:00,2024-01-13 17:55:00,115.3134398523317,0.0,0.0,84.2174269779948,0,0,-0.9659258262890683,-0.25881904510252063,1,0,1,0.0,0.0
2024-01-13 18:00:00,2024-01-13 18:00:00,116.34953750239582,0.0,0.0,71.9404268376201,0,0,-1.0,-1.8369701987210297e-16,1,0,1,0.0,0.0
2024-01-13 18:05:00,2024-01-13 18:05:00,113.74603870681628,0.0,0.0,83.3959118675634,0,0,-1.0,-1.8369701987210297e-16,1,0,1,0.0,0.0
2024-01-13 18:10:00,2024-01-13 18:10:00,114.7222316965307,0.0,0.0,89.13475882901172,0,0,-1.0,-1.8369701987210297e-16,1,0,1,0.0,0.0
2024-01-13 18:15:00,2024-01-13 18:15:00,119.04754591905868,0.0,0.0,79.17441567314691,0,0,-1.0,-1.8369701987210297e-16,1,0,1,0.0,0.0
2024-01-13 18:20:00,2024-01-13 18:20:00,118.46822256450406,0.0,0.0,79.86922810430863,0,0,-1.0,-1.8369701987210297e-16,1,0,1,0.0,0.0
2024-01-13 18:25:00,2024-01-13 18:25:00,114.84371900016212,0.0,0.0,78.15057316155851,0,0,-1.0,-1.8369701987210297e-16,1,0,1,0.0,0.0
2024-01-13 18:30:00,2024-01-13 18:30:00,105.36397450740542,0.0,0.0,82.42659744739969,0,0,-1.0,-1.8369701987210297e-16,1,0,1,0.0,0.0
2024-01-13 18:35:00,2024-01-13 18:35:00,106.28126837706124,0.0,0.0,78.69051441841768,100,0,-1.0,-1.8369701987210297e-16,1,0,1,0.0,0.0
2024-01-13 18:40:00,2024-01-13 18:40:00,124.02128034395783,0.0,0.0,79.43336620449003,0,0,-1.0,-1.8369701987210297e-16,1,0,1,0.0,0.0
2024-01-13 18:45:00,2024-01-13 18:45:00,113.97024598643188,0.0,0.0,81.88437467904163,0,0,-1.0,-1.8369701987210297e-16,1,0,1,0.0,0.0
2024-01-13 18:50:00,2024-01-13 18:50:00,116.26454501384059,0.0,0.0,79.68839159645012,0,0,-1.0,-1.8369701987210297e-16,1,0,1,0.0,0.0
2024-01-13 18:55:00,2024-01-13 18:55:00,118.14909805981212,0.0,0.0,75.36012596892941,0,0,-1.0,-1.8369701987210297e-16,1,0,1,0.0,0.0
2024-01-13 19:00:00,2024-01-13 19:00:00,120.81256662489267,0.0,0.0,77.49617482022822,0,0,-0.9659258262890684,0.2588190451025203,1,0,1,0.0,0.0
2024-01-13 19:05:00,2024-01-13 19:05:00,118.29297075312873,0.0,0.0,84.39114474235018,0,0,-0.9659258262890684,0.2588190451025203,1,0,1,0.0,0.0
2024-01-13 19:10:00,2024-01-13 19:10:00,119.2687246670077,0.0,0.0,81.99594438590132,0,0,-0.9659258262890684,0.2588190451025203,1,0,1,0.0,0.0
2024-01-13 19:15:00,2024-01-13 19:15:00,119.49733426209322,0.0,0.0,83.61636936235493,0,0,-0.9659258262890684,0.2588190451025203,1,0,1,0.0,0.0
2024-01-13 19:20:00,2024-01-13 19:20:00,114.70292348519405,0.0,0.0,82.49593916905744,0,0,-0.9659258262890684,0.2588190451025203,1,0,1,0.0,0.0
2024-01-13 19:25:00,2024-01-13 19:25:00,115.59732868450845,0.0,0.0,77.48810325382668,0,0,-0.9659258262890684,0.2588190451025203,1,0,1,0.0,0.0
2024-01-13 19:30:00,2024-01-13 19:30:00,110.4059546475462,0.0,0.0,82.67671093464435,0,0,-0.9659258262890684,0.2588190451025203,1,0,1,0.0,0.0
2024-01-13 19:35:00,2024-01-13 19:35:00,113.14425844600544,0.0,0.0,73.63575456715199,0,0,-0.9659258262890684,0.2588190451025203,1,0,1,0.0,0.0
2024-01-13 19:40:00,2024-01-13 19:40:00,117.63848194046577,0.0,0.0,73.58946851913346,0,0,-0.9659258262890684,0.2588190451025203,1,0,1,0.0,0.0
2024-01-13 19:45:00,2024-01-13 19:45:00,110.35292907111621,0.0,0.0,85.61521502173245,0,0,-0.9659258262890684,0.2588190451025203,1,0,1,0.0,0.0
2024-01-13 19:50:00,2024-01-13 19:50:00,115.57028305242291,0.0,0.0,86.54210157902742,0,0,-0.9659258262890684,0.2588190451025203,1,0,1,0.0,0.0
2024-01-13 19:55:00,2024-01-13 19:55:00,111.99091486183272,0.0,0.0,81.11978413059073,0,0,-0.9659258262890684,0.2588190451025203,1,0,1,0.0,0.0
2024-01-13 20:00:00,2024-01-13 20:00:00,112.80976230038596,0.0,0.0,71.30608051233321,0,0,-0.8660254037844386,0.5000000000000001,1,0,1,0.0,0.0
2024-01-13 20:05:00,2024-01-13 20:05:00,121.80369810816478,0.0,0.0,82.72990883662841,0,0,-0.8660254037844386,0.5000000000000001,1,0,1,0.0,0.0
2024-01-13 20:10:00,2024-01-13 20:10:00,124.8089007992754,0.0,0.0,77.66643835795335,0,0,-0.8660254037844386,0.5000000000000001,1,0,1,0.0,0.0
2024-01-13 20:15:00,2024-01-13 20:15:00,118.961264584654,0.0,0.0,81.92632502080956,0,0,-0.8660254037844386,0.5000000000000001,1,0,1,0.0,0.0
2024-01-13 20:20:00,2024-01-13 20:20:00,118.45737370879871,0.0,0.0,84.37826823635142,0,0,-0.8660254037844386,0.5000000000000001,1,0,1,0.0,0.0
2024-01-13 20:25:00,2024-01-13 20:25:00,121.70384991855666,0.0,0.0,81.16311179531358,0,0,-0.8660254037844386,0.5000000000000001,1,0,1,0.0,0.0
2024-01-13 20:30:00,2024-01-13 20:30:00,116.25988242925678,0.0,0.0,76.60270003848909,0,0,-0.8660254037844386,0.5000000000000001,1,0,1,0.0,0.0
2024-01-13 20:35:00,2024-01-13 20:35:00,108.94836441700966,0.0,0.0,78.83561681298703,0,0,-0.8660254037844386,0.5000000000000001,1,0,1,0.0,0.0
2024-01-13 20:40:00,2024-01-13 20:40:00,127.20645413282821,0.0,0.0,82.96355574329972,0,0,-0.8660254037844386,0.5000000000000001,1,0,1,0.0,0.0
2024-01-13 20:45:00,2024-01-13 20:45:00,121.40691657882822,0.0,0.0,82.18411021723442,0,0,-0.8660254037844386,0.5000000000000001,1,0,1,0.0,0.0
2024-01-13 20:50:00,2024-01-13 20:50:00,120.8665821445181,0.0,0.0,76.40106576593703,0,0,-0.8660254037844386,0.5000000000000001,1,0,1,0.0,0.0
2024-01-13 20:55:00,2024-01-13 20:55:00,119.77060216217764,0.0,0.0,73.14537964059465,0,0,-0.8660254037844386,0.5000000000000001,1,0,1,0.0,0.0
2024-01-13 21:00:00,2024-01-13 21:00:00,122.66649347935096,0.0,0.0,76.11675341986198,0,0,-0.7071067811865477,0.7071067811865474,1,0,1,0.0,0.0
2024-01-13 21:05:00,2024-01-13 21:05:00,122.54971369349542,0.0,0.0,80.29196299557535,0,0,-0.7071067811865477,0.7071067811865474,1,0,1,0.0,0.0
2024-01-13 21:10:00,2024-01-13 21:10:00,119.16044362100494,0.0,0.0,85.75638613438832,0,0,-0.7071067811865477,0.7071067811865474,1,0,1,0.0,0.0
2024-01-13 21:15:00,2024-01-13 21:15:00,115.57428682189114,0.0,0.0,83.43751290890917,0,0,-0.7071067811865477,0.7071067811865474,1,0,1,0.0,0.0
2024-01-13 21:20:00,2024-01-13 21:20:00,110.39219312891312,0.0,0.0,79.99337500135508,0,0,-0.7071067811865477,0.7071067811865474,1,0,1,0.0,0.0
2024-01-13 21:25:00,2024-01-13 21:25:00,118.43410474126267,0.0,0.0,78.16946555239991,0,0,-0.7071067811865477,0.7071067811865474,1,0,1,0.0,0.0
2024-01-13 21:30:00,2024-01-13 21:30:00,117.82740704138621,0.0,0.0,81.56063755612334,0,0,-0.7071067811865477,0.7071067811865474,1,0,1,0.0,0.0
2024-01-13 21:35:00,2024-01-13 21:35:00,106.54645534256633,0.0,0.0,73.80963776577396,0,0,-0.7071067811865477,0.7071067811865474,1,0,1,0.0,0.0
2024-01-13 21:40:00,2024-01-13 21:40:00,123.43690751400766,0.0,0.0,79.65665993577146,0,0,-0.7071067811865477,0.7071067811865474,1,0,1,0.0,0.0
2024-01-13 21:45:00,2024-01-13 21:45:00,118.22138431745515,0.0,0.0,85.68332032742212,100,0,-0.7071067811865477,0.7071067811865474,1,0,1,0.0,0.0
2024-01-13 21:50:00,2024-01-13 21:50:00,120.41869539030016,0.0,0.0,86.7869893456839,0,0,-0.7071067811865477,0.7071067811865474,1,0,1,0.0,0.0
2024-01-13 21:55:00,2024-01-13 21:55:00,116.35293001725857,0.0,0.0,69.8559847581659,0,0,-0.7071067811865477,0.7071067811865474,1,0,1,0.0,0.0
2024-01-13 22:00:00,2024-01-13 22:00:00,127.42986263477435,7.0,70.0,79.86172963321772,0,0,-0.5000000000000004,0.8660254037844384,1,0,1,6.3,56.0
2024-01-13 22:05:00,2024-01-13 22:05:00,119.26155847039244,0.0,0.0,75.85589573535913,0,0,-0.5000000000000004,0.8660254037844384,1,0,1,6.3,56.0
2024-01-13 22:10:00,2024-01-13 22:10:00,126.2742892068697,0.0,0.0,79.44986202803344,0,0,-0.5000000000000004,0.8660254037844384,1,0,1,6.3,56.0
2024-01-13 22:15:00,2024-01-13 22:15:00,136.65757238481874,0.0,0.0,75.60689228466018,0,0,-0.5000000000000004,0.8660254037844384,1,0,1,6.3,56.0
2024-01-13 22:20:00,2024-01-13 22:20:00,123.52048785640106,0.0,0.0,68.65815677755087,0,0,-0.5000000000000004,0.8660254037844384,1,0,1,6.3,56.0
2024-01-13 22:25:00,2024-01-13 22:25:00,128.15229143973156,0.0,0.0,81.94663585931093,0,0,-0.5000000000000004,0.8660254037844384,1,0,1,6.3,56.0
2024-01-13 22:30:00,2024-01-13 22:30:00,128.41018463817474,0.0,0.0,77.15363335237188,0,0,-0.5000000000000004,0.8660254037844384,1,0,1,6.3,56.0
2024-01-13 22:35:00,2024-01-13 22:35:00,138.81257167234645,0.0,0.0,81.72864450862745,0,0,-0.5000000000000004,0.8660254037844384,1,0,1,6.3,56.0
2024-01-13 22:40:00,2024-01-13 22:40:00,142.87108641000364,0.0,0.0,79.1887813681042,0,0,-0.5000000000000004,0.8660254037844384,1,0,1,6.3,56.0
2024-01-13 22:45:00,2024-01-13 22:45:00,151.94220431058034,0.0,0.0,80.38059462173604,0,0,-0.5000000000000004,0.8660254037844384,1,0,1,6.3,56.0
2024-01-13 22:50:00,2024-01-13 22:50:00,146.63656041913035,0.0,0.0,82.50151366906746,0,0,-0.5000000000000004,0.8660254037844384,1,0,1,6.3,56.0
2024-01-13 22:55:00,2024-01-13 22:55:00,160.179786833224,0.0,0.0,85.77164165487932,100,0,-0.5000000000000004,0.8660254037844384,1,0,1,6.3,56.0
2024-01-13 23:00:00,2024-01-13 23:00:00,160.76485166524066,0.0,0.0,77.96272296241682,0,0,-0.25881904510252157,0.9659258262890681,1,0,1,6.3,56.0
2024-01-13 23:05:00,2024-01-13 23:05:00,169.8864602679635,0.0,0.0,79.0815499196824,0,0,-0.25881904510252157,0.9659258262890681,1,0,1,6.3,56.0
2024-01-13 23:10:00,2024-01-13 23:10:00,168.0023179045117,0.0,0.0,79.68579108118576,0,0,-0.25881904510252157,0.9659258262890681,1,0,1,6.3,56.0
2024-01-13 23:15:00,2024-01-13 23:15:00,181.66683787742423,0.0,0.0,87.0932480667285,0,0,-0.25881904510252157,0.9659258262890681,1,0,1,6.3,56.0
2024-01-13 23:20:00,2024-01-13 23:20:00,177.8000166819301,0.0,0.0,81.07853518702647,100,0,-0.25881904510252157,0.9659258262890681,1,0,1,6.3,56.0
2024-01-13 23:25:00,2024-01-13 23:25:00,185.30430364101636,0.0,0.0,80.99773822835873,100,0,-0.25881904510252157,0.9659258262890681,1,0,1,6.3,56.0
2024-01-13 23:30:00,2024-01-13 23:30:00,179.31500405034637,0.0,0.0,79.47950078571012,0,0,-0.25881904510252157,0.9659258262890681,1,0,1,6.3,56.0
2024-01-13 23:35:00,2024-01-13 23:35:00,177.8208949517658,0.0,0.0,71.31890442892112,0,0,-0.25881904510252157,0.9659258262890681,1,0,1,6.3,56.0
2024-01-13 23:40:00,2024-01-13 23:40:00,175.8921799646419,0.0,0.0,76.55513521570748,0,0,-0.25881904510252157,0.9659258262890681,1,0,1,6.3,56.0
2024-01-13 23:45:00,2024-01-13 23:45:00,169.97966638153193,0.0,0.0,78.64934338221651,0,0,-0.25881904510252157,0.9659258262890681,1,0,1,6.3,56.0
2024-01-13 23:50:00,2024-01-13 23:50:00,169.45478342704047,0.0,0.0,72.70625999953816,100,0,-0.25881904510252157,0.9659258262890681,1,0,1,6.3,56.0
2024-01-13 23:55:00,2024-01-13 23:55:00,162.8776655803995,0.0,0.0,86.66065252218411,0,0,-0.25881904510252157,0.9659258262890681,1,0,1,6.3,56.0
2024-01-14 00:00:00,2024-01-14 00:00:00,162.09814213494337,0.0,0.0,81.35803113039118,100,0,0.0,1.0,1,0,1,6.3,56.0
2024-01-14 00:05:00,2024-01-14 00:05:00,161.18801868947014,0.0,0.0,75.31485815288927,0,0,0.0,1.0,1,0,1,6.3,56.0
2024-01-14 00:10:00,2024-01-14 00:10:00,151.26121161820979,0.0,0.0,75.35619683909708,0,0,0.0,1.0,1,0,1,6.3,56.0
2024-01-14 00:15:00,2024-01-14 00:15:00,142.3414794580768,0.0,0.0,90.29598041770265,0,0,0.0,1.0,1,0,1,6.3,56.0
2024-01-14 00:20:00,2024-01-14 00:20:00,147.5580057213308,0.0,0.0,75.64959498763781,0,0,0.0,1.0,1,0,1,6.3,56.0
2024-01-14 00:25:00,2024-01-14 00:25:00,144.87083656956972,0.0,0.0,82.61499818808957,0,0,0.0,1.0,1,0,1,6.3,56.0
2024-01-14 00:30:00,2024-01-14 00:30:00,140.96328431178765,0.0,0.0,80.76459254361463,0,0,0.0,1.0,1,0,1,6.3,56.0
2024-01-14 00:35:00,2024-01-14 00:35:00,128.9232917110778,0.0,0.0,82.92748149312379,0,0,0.0,1.0,1,0,1,6.3,56.0
2024-01-14 00:40:00,2024-01-14 00:40:00,134.03829339675218,0.0,0.0,76.76943627033124,0,0,0.0,1.0,1,0,1,6.3,56.0
2024-01-14 00:45:00,2024-01-14 00:45:00,133.94639261678526,0.0,0.0,78.52194327577867,100,0,0.0,1.0,1,0,1,6.3,56.0
2024-01-14 00:50:00,2024-01-14 00:50:00,145.90167410101702,0.0,0.0,87.50859460077783,0,0,0.0,1.0,1,0,1,6.3,56.0
2024-01-14 00:55:00,2024-01-14 00:55:00,118.22949636295944,0.0,0.0,80.99616573391756,0,0,0.0,1.0,1,0,1,6.3,56.0
2024-01-14 01:00:00,2024-01-14 01:00:00,140.5376947541151,0.0,0.0,79.60606683733097,100,0,0.25881904510252074,0.9659258262890683,1,0,1,6.3,0.0
2024-01-14 01:05:00,2024-01-14 01:05:00,132.41215237219922,0.0,0.0,80.9223806440837,0,0,0.25881904510252074,0.9659258262890683,1,0,1,6.3,0.0
2024-01-14 01:10:00,2024-01-14 01:10:00,136.61351631551588,0.0,0.0,78.12762742732515,0,0,0.25881904510252074,0.9659258262890683,1,0,1,6.3,0.0
2024-01-14 01:15:00,2024-01-14 01:15:00,130.331239625806,0.0,0.0,84.60499320423202,0,0,0.25881904510252074,0.9659258262890683,1,0,1,6.3,0.0
2024-01-14 01:20:00,2024-01-14 01:20:00,139.79378645262003,0.0,0.0,69.79356119168509,0,0,0.25881904510252074,0.9659258262890683,1,0,1,6.3,0.0
2024-01-14 01:25:00,2024-01-14 01:25:00,130.65097900211745,0.0,0.0,82.236264538767,0,0,0.25881904510252074,0.9659258262890683,1,0,1,6.3,0.0
2024-01-14 01:30:00,2024-01-14 01:30:00,130.39902464292382,0.0,0.0,80.05163543177598,0,0,0.25881904510252074,0.9659258262890683,1,0,1,6.3,0.0
2024-01-14 01:35:00,2024-01-14 01:35:00,139.06467024656308,0.0,0.0,81.75185381108659,0,0,0.25881904510252074,0.9659258262890683,1,0,1,6.3,0.0
2024-01-14 01:40:00,2024-01-14 01:40:00,130.56977343207802,0.0,0.0,81.07820978898015,0,0,0.25881904510252074,0.9659258262890683,1,0,1,6.3,0.0
2024-01-14 01:45:00,2024-01-14 01:45:00,128.33594649715457,0.0,0.0,80.4668670124394,0,0,0.25881904510252074,0.9659258262890683,1,0,1,6.3,0.0
2024-01-14 01:50:00,2024-01-14 01:50:00,132.62202764330172,0.0,0.0,83.39935119347491,0,0,0.25881904510252074,0.9659258262890683,1,0,1,6.3,0.0
2024-01-14 01:55:00,2024-01-14 01:55:00,132.6886089789367,0.0,0.0,80.16515740541712,0,0,0.25881904510252074,0.9659258262890683,1,0,1,6.3,0.0
2024-01-14 02:00:00,2024-01-14 02:00:00,129.7742497272492,0.0,0.0,84.60526761543211,0,0,0.49999999999999994,0.8660254037844387,1,0,1,6.3,0.0
2024-01-14 02:05:00,2024-01-14 02:05:00,131.81216260883943,0.0,0.0,80.67675394505818,0,0,0.49999999999999994,0.8660254037844387,1,0,1,6.3,0.0
2024-01-14 02:10:00,2024-01-14 02:10:00,134.09165768388513,0.0,0.0,82.79577523325123,0,0,0.49999999999999994,0.8660254037844387,1,0,1,6.3,0.0
2024-01-14 02:15:00,2024-01-14 02:15:00,137.16258670791714,0.0,0.0,78.09018645950493,0,0,0.49999999999999994,0.8660254037844387,1,0,1,6.3,0.0
2024-01-14 02:20:00,2024-01-14 02:20:00,139.7190295729154,0.0,0.0,81.19618256965784,0,0,0.49999999999999994,0.8660254037844387,1,0,1,6.3,0.0
2024-01-14 02:25:00,2024-01-14 02:25:00,131.47247174145275,0.0,0.0,78.21060705504449,0,0,0.49999999999999994,0.8660254037844387,1,0,1,6.3,0.0
2024-01-14 02:30:00,2024-01-14 02:30:00,130.27935798261333,0.0,0.0,76.70792066220746,0,0,0.49999999999999994,0.8660254037844387,1,0,1,6.3,0.0
2024-01-14 02:35:00,2024-01-14 02:35:00,131.61342761807114,0.0,0.0,75.8045565792435,0,0,0.49999999999999994,0.8660254037844387,1,0,1,6.3,0.0
2024-01-14 02:40:00,2024-01-14 02:40:00,144.3691019778892,0.0,0.0,82.74204446104257,100,0,0.49999999999999994,0.8660254037844387,1,0,1,6.3,0.0
2024-01-14 02:45:00,2024-01-14 02:45:00,129.31202782168918,0.0,0.0,87.08756955931855,0,0,0.49999999999999994,0.8660254037844387,1,0,1,6.3,0.0
2024-01-14 02:50:00,2024-01-14 02:50:00,129.4999275913391,0.0,0.0,75.61269974635205,0,0,0.49999999999999994,0.8660254037844387,1,0,1,6.3,0.0
2024-01-14 02:55:00,2024-01-14 02:55:00,133.77109456279544,0.0,0.0,87.54410748911731,0,0,0.49999999999999994,0.8660254037844387,1,0,1,6.3,0.0
2024-01-14 03:00:00,2024-01-14 03:00:00,142.49517813753766,5.0,50.0,78.20653937025595,100,0,0.7071067811865475,0.7071067811865476,1,0,1,4.5,40.0
2024-01-14 03:05:00,2024-01-14 03:05:00,140.63505418168333,0.0,0.0,74.06031538156681,0,0,0.7071067811865475,0.7071067811865476,1,0,1,4.5,40.0
2024-01-14 03:10:00,2024-01-14 03:10:00,142.77559150099174,0.0,0.0,83.8869371821636,0,0,0.7071067811865475,0.7071067811865476,1,0,1,4.5,40.0
2024-01-14 03:15:00,2024-01-14 03:15:00,144.5028626079596,0.0,0.0,84.77046954157085,0,0,0.7071067811865475,0.7071067811865476,1,0,1,4.5,40.0
2024-01-14 03:20:00,2024-01-14 03:20:00,139.766630716497,0.0,0.0,76.75322226230834,0,0,0.7071067811865475,0.7071067811865476,1,0,1,4.5,40.0
2024-01-14 03:25:00,2024-01-14 03:25:00,139.66945652009227,0.0,0.0,82.12243971736495,0,0,0.7071067811865475,0.7071067811865476,1,0,1,4.5,40.0
2024-01-14 03:30:00,2024-01-14 03:30:00,137.9596699973136,0.0,0.0,89.30316682624492,0,0,0.7071067811865475,0.7071067811865476,1,0,1,4.5,40.0
2024-01-14 03:35:00,2024-01-14 03:35:00,150.95190575226388,0.0,0.0,79.65829438987326,0,0,0.7071067811865475,0.7071067811865476,1,0,1,4.5,40.0
2024-01-14 03:40:00,2024-01-14 03:40:00,156.4972613449493,0.0,0.0,85.15620895418455,0,0,0.7071067811865475,0.7071067811865476,1,0,1,4.5,40.0
2024-01-14 03:45:00,2024-01-14 03:45:00,155.6490595998442,0.0,0.0,78.95043280476978,0,0,0.7071067811865475,0.7071067811865476,1,0,1,4.5,40.0
2024-01-14 03:50:00,2024-01-14 03:50:00,157.25194588204388,0.0,0.0,88.28336517710375,0,0,0.7071067811865475,0.7071067811865476,1,0,1,4.5,40.0
2024-01-14 03:55:00,2024-01-14 03:55:00,154.3043672402295,0.0,0.0,78.99883734376274,0,0,0.7071067811865475,0.7071067811865476,1,0,1,4.5,40.0
2024-01-14 04:00:00,2024-01-14 04:00:00,168.20066519475628,0.0,0.0,82.35974327224709,100,0,0.8660254037844386,0.5000000000000001,1,0,1,4.5,40.0
2024-01-14 04:05:00,2024-01-14 04:05:00,172.04301434275072,0.0,0.0,79.14083595038903,0,0,0.8660254037844386,0.5000000000000001,1,0,1,4.5,40.0
2024-01-14 04:10:00,2024-01-14 04:10:00,176.07198481965432,0.0,0.0,74.29737795321908,0,0,0.8660254037844386,0.5000000000000001,1,0,1,4.5,40.0
2024-01-14 04:15:00,2024-01-14 04:15:00,179.14017703938154,0.0,0.0,87.07621401417036,0,0,0.8660254037844386,0.5000000000000001,1,0,1,4.5,40.0
2024-01-14 04:20:00,2024-01-14 04:20:00,180.30991292882732,0.0,0.0,82.5345043027707,0,0,0.8660254037844386,0.5000000000000001,1,0,1,4.5,40.0
2024-01-14 04:25:00,2024-01-14 04:25:00,185.86792970869092,0.0,0.0,80.92680065152472,0,0,0.8660254037844386,0.5000000000000001,1,0,1,4.5,40.0
2024-01-14 04:30:00,2024-01-14 04:30:00,180.54261866581933,0.0,0.0,69.68913473336082,0,0,0.8660254037844386,0.5000000000000001,1,0,1,4.5,40.0
2024-01-14 04:35:00,2024-01-14 04:35:00,178.0132065625061,0.0,0.0,75.56105572783022,0,0,0.8660254037844386,0.5000000000000001,1,0,1,4.5,40.0
2024-01-14 04:40:00,2024-01-14 04:40:00,172.89318533694507,0.0,0.0,75.58590098245946,0,0,0.8660254037844386,0.5000000000000001,1,0,1,4.5,40.0
2024-01-14 04:45:00,2024-01-14 04:45:00,180.7484398241433,0.0,0.0,80.05402709811631,0,0,0.8660254037844386,0.5000000000000001,1,0,1,4.5,40.0
2024-01-14 04:50:00,2024-01-14 04:50:00,171.93960398976384,0.0,0.0,69.80602305580742,0,0,0.8660254037844386,0.5000000000000001,1,0,1,4.5,40.0
2024-01-14 04:55:00,2024-01-14 04:55:00,168.32181802989734,0.0,0.0,80.14804549738415,0,0,0.8660254037844386,0.5000000000000001,1,0,1,4.5,40.0
2024-01-14 05:00:00,2024-01-14 05:00:00,167.0144168747381,0.0,0.0,82.23553558677594,0,0,0.9659258262890683,0.25881904510252074,1,0,1,4.5,40.0
2024-01-14 05:05:00,2024-01-14 05:05:00,170.58683033951723,0.0,0.0,69.26600867376882,0,0,0.9659258262890683,0.25881904510252074,1,0,1,4.5,40.0
2024-01-14 05:10:00,2024-01-14 05:10:00,164.04260558505328,0.0,0.0,79.99947145549513,0,0,0.9659258262890683,0.25881904510252074,1,0,1,4.5,40.0
2024-01-14 05:15:00,2024-01-14 05:15:00,153.88682902235044,0.0,0.0,84.0676028812302,0,0,0.9659258262890683,0.25881904510252074,1,0,1,4.5,40.0
2024-01-14 05:20:00,2024-01-14 05:20:00,156.65067391340122,0.0,0.0,78.43364765095068,0,0,0.9659258262890683,0.25881904510252074,1,0,1,4.5,40.0
2024-01-14 05:25:00,2024-01-14 05:25:00,148.29687352505223,0.0,0.0,72.17323692460917,0,0,0.9659258262890683,0.25881904510252074,1,0,1,4.5,40.0
2024-01-14 05:30:00,2024-01-14 05:30:00,152.87810356742636,0.0,0.0,88.93820745565472,0,0,0.9659258262890683,0.25881904510252074,1,0,1,4.5,40.0
2024-01-14 05:35:00,2024-01-14 05:35:00,146.310469831011,0.0,0.0,71.15754230525809,0,0,0.9659258262890683,0.25881904510252074,1,0,1,4.5,40.0
2024-01-14 05:40:00,2024-01-14 05:40:00,138.77673583766784,0.0,0.0,77.26803014312424,0,0,0.9659258262890683,0.25881904510252074,1,0,1,4.5,40.0
2024-01-14 05:45:00,2024-01-14 05:45:00,147.01692285636005,0.0,0.0,71.98230782269742,0,0,0.9659258262890683,0.25881904510252074,1,0,1,4.5,40.0
2024-01-14 05:50:00,2024-01-14 05:50:00,147.32187301968332,0.0,0.0,78.66087280970845,0,0,0.9659258262890683,0.25881904510252074,1,0,1,4.5,40.0
2024-01-14 05:55:00,2024-01-14 05:55:00,134.05679906845236,0.0,0.0,82.82629216484452,0,0,0.9659258262890683,0.25881904510252074,1,0,1,4.5,40.0
2024-01-14 06:00:00,2024-01-14 06:00:00,150.81374734536095,0.0,0.0,79.54904606818748,0,0,1.0,6.123233995736766e-17,1,0,1,4.5,0.0
2024-01-14 06:05:00,2024-01-14 06:05:00,145.6704291795141,0.0,0.0,79.60228003556506,0,0,1.0,6.123233995736766e-17,1,0,1,4.5,0.0
2024-01-14 06:10:00,2024-01-14 06:10:00,142.59825170899737,0.0,0.0,83.24281486767272,0,0,1.0,6.123233995736766e-17,1,0,1,4.5,0.0
2024-01-14 06:15:00,2024-01-14 06:15:00,137.13627605808477,0.0,0.0,84.54681935989721,100,0,1.0,6.123233995736766e-17,1,0,1,4.5,0.0
2024-01-14 06:20:00,2024-01-14 06:20:00,145.22402532974772,0.0,0.0,73.78246515634753,0,0,1.0,6.123233995736766e-17,1,0,1,4.5,0.0
2024-01-14 06:25:00,2024-01-14 06:25:00,140.55754399376636,0.0,0.0,82.73959891210646,0,0,1.0,6.123233995736766e-17,1,0,1,4.5,0.0
2024-01-14 06:30:00,2024-01-14 06:30:00,148.426879210703,0.0,0.0,84.26532934821651,0,0,1.0,6.123233995736766e-17,1,0,1,4.5,0.0
2024-01-14 06:35:00,2024-01-14 06:35:00,148.3917768953965,0.0,0.0,77.7544129280351,0,0,1.0,6.123233995736766e-17,1,0,1,4.5,0.0
2024-01-14 06:40:00,2024-01-14 06:40:00,138.51167082941612,0.0,0.0,84.40747563567429,0,0,1.0,6.123233995736766e-17,1,0,1,4.5,0.0
2024-01-14 06:45:00,2024-01-14 06:45:00,135.9585140598207,0.0,0.0,77.71572618321,100,0,1.0,6.123233995736766e-17,1,0,1,4.5,0.0
2024-01-14 06:50:00,2024-01-14 06:50:00,145.79345772378153,0.0,0.0,80.3624920015972,0,0,1.0,6.123233995736766e-17,1,0,1,4.5,0.0
2024-01-14 06:55:00,2024-01-14 06:55:00,141.8839758517253,0.0,0.0,78.24322509420712,0,0,1.0,6.123233995736766e-17,1,0,1,4.5,0.0
2024-01-14 07:00:00,2024-01-14 07:00:00,138.48359593131437,0.0,0.0,84.06433604339826,0,0,0.9659258262890683,-0.25881904510252063,1,0,1,4.5,0.0
2024-01-14 07:05:00,2024-01-14 07:05:00,135.50807384358572,0.0,0.0,81.86603112154509,0,0,0.9659258262890683,-0.25881904510252063,1,0,1,4.5,0.0
2024-01-14 07:10:00,2024-01-14 07:10:00,146.9433112374188,0.0,0.0,86.70167857003733,100,0,0.9659258262890683,-0.25881904510252063,1,0,1,4.5,0.0
2024-01-14 07:15:00,2024-01-14 07:15:00,146.09775038579147,0.0,0.0,87.19452719365775,0,0,0.9659258262890683,-0.25881904510252063,1,0,1,4.5,0.0
2024-01-14 07:20:00,2024-01-14 07:20:00,148.48041948614326,0.0,0.0,81.96464564429417,0,0,0.9659258262890683,-0.25881904510252063,1,0,1,4.5,0.0
2024-01-14 07:25:00,2024-01-14 07:25:00,150.72337881598096,0.0,0.0,81.38560003388636,0,0,0.9659258262890683,-0.25881904510252063,1,0,1,4.5,0.0
2024-01-14 07:30:00,2024-01-14 07:30:00,154.12161449860042,0.0,0.0,79.02189126119139,0,0,0.9659258262890683,-0.25881904510252063,1,0,1,4.5,0.0
2024-01-14 07:35:00,2024-01-14 07:35:00,142.1282448181011,0.0,0.0,84.853887702797,0,0,0.9659258262890683,-0.25881904510252063,1,0,1,4.5,0.0
2024-01-14 07:40:00,2024-01-14 07:40:00,145.8430121252289,0.0,0.0,74.56928640834573,100,0,0.9659258262890683,-0.25881904510252063,1,0,1,4.5,0.0
2024-01-14 07:45:00,2024-01-14 07:45:00,145.45533090107065,0.0,0.0,81.27174054844217,0,0,0.9659258262890683,-0.25881904510252063,1,0,1,4.5,0.0
2024-01-14 07:50:00,2024-01-14 07:50:00,156.78085635623108,0.0,0.0,75.02229927094314,0,0,0.9659258262890683,-0.25881904510252063,1,0,1,4.5,0.0
2024-01-14 07:55:00,2024-01-14 07:55:00,142.20568958938742,0.0,0.0,77.42549156493736,0,0,0.9659258262890683,-0.25881904510252063,1,0,1,4.5,0.0
2024-01-14 08:00:00,2024-01-14 08:00:00,144.9122678259562,3.0,30.0,80.59653730918039,0,0,0.8660254037844387,-0.49999999999999983,1,0,1,2.7,24.0
2024-01-14 08:05:00,2024-01-14 08:05:00,143.64270039670944,0.0,0.0,76.7899658987839,0,0,0.8660254037844387,-0.49999999999999983,1,0,1,2.7,24.0
2024-01-14 08:10:00,2024-01-14 08:10:00,152.09627198775163,0.0,0.0,77.98518375040473,0,0,0.8660254037844387,-0.49999999999999983,1,0,1,2.7,24.0
2024-01-14 08:15:00,2024-01-14 08:15:00,148.26404254013767,0.0,0.0,74.24257497311908,0,0,0.8660254037844387,-0.49999999999999983,1,0,1,2.7,24.0
2024-01-14 08:20:00,2024-01-14 08:20:00,145.8841851494816,0.0,0.0,84.6626356535505,100,0,0.8660254037844387,-0.49999999999999983,1,0,1,2.7,24.0
2024-01-14 08:25:00,2024-01-14 08:25:00,149.5922569325734,0.0,0.0,77.92700157913912,0,0,0.8660254037844387,-0.49999999999999983,1,0,1,2.7,24.0
2024-01-14 08:30:00,2024-01-14 08:30:00,143.72429294103236,0.0,0.0,79.3302193282564,100,0,0.8660254037844387,-0.49999999999999983,1,0,1,2.7,24.0
2024-01-14 08:35:00,2024-01-14 08:35:00,151.99435126952048,0.0,0.0,69.51719572190272,0,0,0.8660254037844387,-0.49999999999999983,1,0,1,2.7,24.0
2024-01-14 08:40:00,2024-01-14 08:40:00,147.76304148361757,0.0,0.0,88.45304938496488,0,0,0.8660254037844387,-0.49999999999999983,1,0,1,2.7,24.0
2024-01-14 08:45:00,2024-01-14 08:45:00,148.58238406776135,0.0,0.0,81.0481354957368,0,0,0.8660254037844387,-0.49999999999999983,1,0,1,2.7,24.0
2024-01-14 08:50:00,2024-01-14 08:50:00,159.98506440146176,0.0,0.0,75.47998032692092,0,0,0.8660254037844387,-0.49999999999999983,1,0,1,2.7,24.0
2024-01-14 08:55:00,2024-01-14 08:55:00,151.13849924242007,0.0,0.0,79.3374249067613,100,0,0.8660254037844387,-0.49999999999999983,1,0,1,2.7,24.0
2024-01-14 09:00:00,2024-01-14 09:00:00,158.11389289572236,0.0,0.0,85.84211618047644,0,0,0.7071067811865476,-0.7071067811865475,1,0,1,2.7,24.0
2024-01-14 09:05:00,2024-01-14 09:05:00,160.85175847125768,0.0,0.0,72.4136823711944,0,0,0.7071067811865476,-0.7071067811865475,1,0,1,2.7,24.0
2024-01-14 09:10:00,2024-01-14 09:10:00,168.16132891228793,0.0,0.0,82.26865810350343,0,0,0.7071067811865476,-0.7071067811865475,1,0,1,2.7,24.0
2024-01-14 09:15:00,2024-01-14 09:15:00,160.29587153183198,0.0,0.0,75.85022787809234,0,0,0.7071067811865476,-0.7071067811865475,1,0,1,2.7,24.0
2024-01-14 09:20:00,2024-01-14 09:20:00,170.42339373405187,0.0,0.0,86.24070194738374,0,0,0.7071067811865476,-0.7071067811865475,1,0,1,2.7,24.0
2024-01-14 09:25:00,2024-01-14 09:25:00,158.01105227932626,0.0,0.0,81.99487505591085,0,0,0.7071067811865476,-0.7071067811865475,1,0,1,2.7,24.0
2024-01-14 09:30:00,2024-01-14 09:30:00,162.39063341734862,0.0,0.0,80.679887962397,0,0,0.7071067811865476,-0.7071067811865475,1,0,1,2.7,24.0
2024-01-14 09:35:00,2024-01-14 09:35:00,164.66892608416194,0.0,0.0,84.4018038424552,100,0,0.7071067811865476,-0.7071067811865475,1,0,1,2.7,24.0
2024-01-14 09:40:00,2024-01-14 09:40:00,154.56302727191988,0.0,0.0,77.67187098113548,0,0,0.7071067811865476,-0.7071067811865475,1,0,1,2.7,24.0
2024-01-14 09:45:00,2024-01-14 09:45:00,175.48644579759087,0.0,0.0,81.2149728819308,0,0,0.7071067811865476,-0.7071067811865475,1,0,1,2.7,24.0
2024-01-14 09:50:00,2024-01-14 09:50:00,166.71705405414525,0.0,0.0,84.04669420970947,0,0,0.7071067811865476,-0.7071067811865475,1,0,1,2.7,24.0
2024-01-14 09:55:00,2024-01-14 09:55:00,158.68952304411775,0.0,0.0,85.98146177790355,0,0,0.7071067811865476,-0.7071067811865475,1,0,1,2.7,24.0
2024-01-14 10:00:00,2024-01-14 10:00:00,148.76600066772235,0.0,0.0,80.13913899827816,0,0,0.49999999999999994,-0.8660254037844387,1,0,1,2.7,24.0
2024-01-14 10:05:00,2024-01-14 10:05:00,150.6038634319517,0.0,0.0,85.85817486684084,0,0,0.49999999999999994,-0.8660254037844387,1,0,1,2.7,24.0
2024-01-14 10:10:00,2024-01-14 10:10:00,153.009249315895,0.0,0.0,76.93621487473112,0,0,0.49999999999999994,-0.8660254037844387,1,0,1,2.7,24.0
2024-01-14 10:15:00,2024-01-14 10:15:00,140.7348435937542,0.0,0.0,71.31441200134955,0,0,0.49999999999999994,-0.8660254037844387,1,0,1,2.7,24.0
2024-01-14 10:20:00,2024-01-14 10:20:00,147.6737764199014,0.0,0.0,74.87657427353113,0,0,0.49999999999999994,-0.8660254037844387,1,0,1,2.7,24.0
2024-01-14 10:25:00,2024-01-14 10:25:00,141.98581163910748,0.0,0.0,81.45066136727564,0,0,0.49999999999999994,-0.8660254037844387,1,0,1,2.7,24.0
2024-01-14 10:30:00,2024-01-14 10:30:00,142.81669083438808,0.0,0.0,84.34931099750263,0,0,0.49999999999999994,-0.8660254037844387,1,0,1,2.7,24.0
2024-01-14 10:35:00,2024-01-14 10:35:00,133.47614430915763,0.0,0.0,80.44970575951791,0,0,0.49999999999999994,-0.8660254037844387,1,0,1,2.7,24.0
2024-01-14 10:40:00,2024-01-14 10:40:00,132.50044756448685,0.0,0.0,80.29516916589121,0,0,0.49999999999999994,-0.8660254037844387,1,0,1,2.7,24.0
2024-01-14 10:45:00,2024-01-14 10:45:00,135.7085760151441,0.0,0.0,80.04413290799995,0,0,0.49999999999999994,-0.8660254037844387,1,0,1,2.7,24.0
2024-01-14 10:50:00,2024-01-14 10:50:00,132.3910610502418,0.0,0.0,76.53921823490583,0,0,0.49999999999999994,-0.8660254037844387,1,0,1,2.7,24.0
2024-01-14 10:55:00,2024-01-14 10:55:00,144.39171315026388,0.0,0.0,86.2001872180686,0,0,0.49999999999999994,-0.8660254037844387,1,0,1,2.7,24.0
2024-01-14 11:00:00,2024-01-14 11:00:00,139.09713249017264,0.0,0.0,85.22391302723929,0,0,0.258819045102521,-0.9659258262890682,1,0,1,2.7,0.0
2024-01-14 11:05:00,2024-01-14 11:05:00,125.62418673481868,0.0,0.0,72.89609318185629,0,0,0.258819045102521,-0.9659258262890682,1,0,1,2.7,0.0
2024-01-14 11:10:00,2024-01-14 11:10:00,125.66398496710023,0.0,0.0,78.29280341975993,0,0,0.258819045102521,-0.9659258262890682,1,0,1,2.7,0.0
2024-01-14 11:15:00,2024-01-14 11:15:00,134.90920259762288,0.0,0.0,83.21790601663604,0,0,0.258819045102521,-0.9659258262890682,1,0,1,2.7,0.0
2024-01-14 11:20:00,2024-01-14 11:20:00,128.1665272912327,0.0,0.0,77.1262513275647,100,0,0.258819045102521,-0.9659258262890682,1,0,1,2.7,0.0
2024-01-14 11:25:00,2024-01-14 11:25:00,136.92618656740626,0.0,0.0,81.26559013592309,0,0,0.258819045102521,-0.9659258262890682,1,0,1,2.7,0.0
2024-01-14 11:30:00,2024-01-14 11:30:00,131.8117033134066,0.0,0.0,83.1097947423179,100,0,0.258819045102521,-0.9659258262890682,1,0,1,2.7,0.0
2024-01-14 11:35:00,2024-01-14 11:35:00,125.31095894858069,0.0,0.0,75.30005148081023,0,0,0.258819045102521,-0.9659258262890682,1,0,1,2.7,0.0
2024-01-14 11:40:00,2024-01-14 11:40:00,139.7199945126363,0.0,0.0,88.31001167932257,0,0,0.258819045102521,-0.9659258262890682,1,0,1,2.7,0.0
2024-01-14 11:45:00,2024-01-14 11:45:00,132.9027570504737,0.0,0.0,81.21000505541349,0,0,0.258819045102521,-0.9659258262890682,1,0,1,2.7,0.0
2024-01-14 11:50:00,2024-01-14 11:50:00,133.74460482198378,0.0,0.0,81.47813305137565,0,0,0.258819045102521,-0.9659258262890682,1,0,1,2.7,0.0
2024-01-14 11:55:00,2024-01-14 11:55:00,144.1356735365772,0.0,0.0,76.30221415373386,0,0,0.258819045102521,-0.9659258262890682,1,0,1,2.7,0.0
2024-01-14 12:00:00,2024-01-14 12:00:00,131.16320012198895,0.0,0.0,86.64716571964696,0,0,1.2246467991473532e-16,-1.0,1,0,1,2.7,0.0
2024-01-14 12:05:00,2024-01-14 12:05:00,132.14331504514405,0.0,0.0,77.81829065804129,0,0,1.2246467991473532e-16,-1.0,1,0,1,2.7,0.0
2024-01-14 12:10:00,2024-01-14 12:10:00,133.835710531649,0.0,0.0,82.6320931632614,0,0,1.2246467991473532e-16,-1.0,1,0,1,2.7,0.0
2024-01-14 12:15:00,2024-01-14 12:15:00,131.75914082364997,0.0,0.0,79.56781704155132,0,0,1.2246467991473532e-16,-1.0,1,0,1,2.7,0.0
2024-01-14 12:20:00,2024-01-14 12:20:00,140.00348782213806,0.0,0.0,85.1229019641365,0,0,1.2246467991473532e-16,-1.0,1,0,1,2.7,0.0
2024-01-14 12:25:00,2024-01-14 12:25:00,126.70858875883268,0.0,0.0,82.64661393135003,0,0,1.2246467991473532e-16,-1.0,1,0,1,2.7,0.0
2024-01-14 12:30:00,2024-01-14 12:30:00,128.57593404598293,0.0,0.0,81.20854550918831,0,0,1.2246467991473532e-16,-1.0,1,0,1,2.7,0.0
2024-01-14 12:35:00,2024-01-14 12:35:00,124.1899133342802,0.0,0.0,69.64801597277003,0,0,1.2246467991473532e-16,-1.0,1,0,1,2.7,0.0
2024-01-14 12:40:00,2024-01-14 12:40:00,129.5223435900393,0.0,0.0,81.1334180802147,0,0,1.2246467991473532e-16,-1.0,1,0,1,2.7,0.0
2024-01-14 12:45:00,2024-01-14 12:45:00,133.55543078879904,0.0,0.0,83.85447419847046,0,0,1.2246467991473532e-16,-1.0,1,0,1,2.7,0.0
2024-01-14 12:50:00,2024-01-14 12:50:00,130.4594881516657,0.0,0.0,79.51928929237334,0,0,1.2246467991473532e-16,-1.0,1,0,1,2.7,0.0
2024-01-14 12:55:00,2024-01-14 12:55:00,125.9917778155008,0.0,0.0,76.91377924389917,0,0,1.2246467991473532e-16,-1.0,1,0,1,2.7,0.0
2024-01-14 13:00:00,2024-01-14 13:00:00,142.61845788063272,7.0,70.0,79.17362939760507,100,0,-0.2588190451025208,-0.9659258262890683,1,0,1,6.3,56.0
2024-01-14 13:05:00,2024-01-14 13:05:00,124.65944884510424,0.0,0.0,82.10056961873585,0,0,-0.2588190451025208,-0.9659258262890683,1,0,1,6.3,56.0
2024-01-14 13:10:00,2024-01-14 13:10:00,126.60742765828128,0.0,0.0,78.29687822975656,0,0,-0.2588190451025208,-0.9659258262890683,1,0,1,6.3,56.0
2024-01-14 13:15:00,2024-01-14 13:15:00,124.904410206277,0.0,0.0,82.3214398324825,0,0,-0.2588190451025208,-0.9659258262890683,1,0,1,6.3,56.0
2024-01-14 13:20:00,2024-01-14 13:20:00,127.0722990094193,0.0,0.0,76.06205639267196,100,0,-0.2588190451025208,-0.9659258262890683,1,0,1,6.3,56.0
2024-01-14 13:25:00,2024-01-14 13:25:00,134.3053186770669,0.0,0.0,72.58096254639405,0,0,-0.2588190451025208,-0.9659258262890683,1,0,1,6.3,56.0
2024-01-14 13:30:00,2024-01-14 13:30:00,133.67568890467138,0.0,0.0,73.27344367947104,0,0,-0.2588190451025208,-0.9659258262890683,1,0,1,6.3,56.0
2024-01-14 13:35:00,2024-01-14 13:35:00,140.6863380437919,0.0,0.0,77.9632061175962,0,0,-0.2588190451025208,-0.9659258262890683,1,0,1,6.3,56.0
2024-01-14 13:40:00,2024-01-14 13:40:00,137.76222025737135,0.0,0.0,75.97821177907083,100,0,-0.2588190451025208,-0.9659258262890683,1,0,1,6.3,56.0
2024-01-14 13:45:00,2024-01-14 13:45:00,156.30330085981927,0.0,0.0,76.56640142488817,0,0,-0.2588190451025208,-0.9659258262890683,1,0,1,6.3,56.0
2024-01-14 13:50:00,2024-01-14 13:50:00,157.20270378665737,0.0,0.0,76.80391792918951,0,0,-0.2588190451025208,-0.9659258262890683,1,0,1,6.3,56.0
2024-01-14 13:55:00,2024-01-14 13:55:00,164.31547232613815,0.0,0.0,72.29867506718271,0,0,-0.2588190451025208,-0.9659258262890683,1,0,1,6.3,56.0
2024-01-14 14:00:00,2024-01-14 14:00:00,159.84295054175212,0.0,0.0,79.9694948501153,0,0,-0.4999999999999998,-0.8660254037844388,1,0,1,6.3,56.0
2024-01-14 14:05:00,2024-01-14 14:05:00,160.85409186517734,0.0,0.0,83.85283724349617,0,0,-0.4999999999999998,-0.8660254037844388,1,0,1,6.3,56.0
2024-01-14 14:10:00,2024-01-14 14:10:00,168.26354329708005,0.0,0.0,89.58917973105328,0,0,-0.4999999999999998,-0.8660254037844388,1,0,1,6.3,56.0
2024-01-14 14:15:00,2024-01-14 14:15:00,171.66900319597977,0.0,0.0,75.18896664458482,0,0,-0.4999999999999998,-0.8660254037844388,1,0,1,6.3,56.0
2024-01-14 14:20:00,2024-01-14 14:20:00,174.05353831706435,0.0,0.0,71.89872623656024,0,0,-0.4999999999999998,-0.8660254037844388,1,0,1,6.3,56.0
2024-01-14 14:25:00,2024-01-14 14:25:00,179.8740180432651,0.0,0.0,74.82414525027183,0,0,-0.4999999999999998,-0.8660254037844388,1,0,1,6.3,56.0
2024-01-14 14:30:00,2024-01-14 14:30:00,177.87354708197086,0.0,0.0,76.98612771004274,0,0,-0.4999999999999998,-0.8660254037844388,1,0,1,6.3,56.0
2024-01-14 14:35:00,2024-01-14 14:35:00,177.2371916455357,0.0,0.0,87.30043475881972,0,0,-0.4999999999999998,-0.8660254037844388,1,0,1,6.3,56.0
2024-01-14 14:40:00,2024-01-14 14:40:00,176.55274311939306,0.0,0.0,79.2647204170487,0,0,-0.4999999999999998,-0.8660254037844388,1,0,1,6.3,56.0
2024-01-14 14:45:00,2024-01-14 14:45:00,167.68280864602752,0.0,0.0,93.90816458773321,0,0,-0.4999999999999998,-0.8660254037844388,1,0,1,6.3,56.0
2024-01-14 14:50:00,2024-01-14 14:50:00,162.38838648293483,0.0,0.0,76.49054244244496,0,0,-0.4999999999999998,-0.8660254037844388,1,0,1,6.3,56.0
2024-01-14 14:55:00,2024-01-14 14:55:00,161.4456349047239,0.0,0.0,73.8980970527268,0,0,-0.4999999999999998,-0.8660254037844388,1,0,1,6.3,56.0
2024-01-14 15:00:00,2024-01-14 15:00:00,154.48855192407296,0.0,0.0,80.64078796473567,0,0,-0.7071067811865471,-0.7071067811865479,1,0,1,6.3,56.0
2024-01-14 15:05:00,2024-01-14 15:05:00,143.54492536008775,0.0,0.0,78.23810438413045,0,0,-0.7071067811865471,-0.7071067811865479,1,0,1,6.3,56.0
2024-01-14 15:10:00,2024-01-14 15:10:00,143.01340933741128,0.0,0.0,82.82764206146123,100,0,-0.7071067811865471,-0.7071067811865479,1,0,1,6.3,56.0
2024-01-14 15:15:00,2024-01-14 15:15:00,138.73188746622012,0.0,0.0,77.21813326113733,0,0,-0.7071067811865471,-0.7071067811865479,1,0,1,6.3,56.0
2024-01-14 15:20:00,2024-01-14 15:20:00,128.9276904102145,0.0,0.0,89.27780222772292,0,0,-0.7071067811865471,-0.7071067811865479,1,0,1,6.3,56.0
2024-01-14 15:25:00,2024-01-14 15:25:00,132.90328112531654,0.0,0.0,81.35342908671616,0,0,-0.7071067811865471,-0.7071067811865479,1,0,1,6.3,56.0
2024-01-14 15:30:00,2024-01-14 15:30:00,128.9785744116144,0.0,0.0,80.05010719073204,0,0,-0.7071067811865471,-0.7071067811865479,1,0,1,6.3,56.0
2024-01-14 15:35:00,2024-01-14 15:35:00,118.7596239038821,0.0,0.0,76.33938956811589,0,0,-0.7071067811865471,-0.7071067811865479,1,0,1,6.3,56.0
2024-01-14 15:40:00,2024-01-14 15:40:00,116.52977754957253,0.0,0.0,74.61215404772307,0,0,-0.7071067811865471,-0.7071067811865479,1,0,1,6.3,56.0
2024-01-14 15:45:00,2024-01-14 15:45:00,123.94045831371173,0.0,0.0,81.75212036839685,0,0,-0.7071067811865471,-0.7071067811865479,1,0,1,6.3,56.0
2024-01-14 15:50:00,2024-01-14 15:50:00,129.44285644112327,0.0,0.0,73.47017695157933,0,0,-0.7071067811865471,-0.7071067811865479,1,0,1,6.3,56.0
2024-01-14 15:55:00,2024-01-14 15:55:00,127.27940042945981,0.0,0.0,82.40895735355879,0,0,-0.7071067811865471,-0.7071067811865479,1,0,1,6.3,56.0
2024-01-14 16:00:00,2024-01-14 16:00:00,112.27373991983205,0.0,0.0,78.07980897683504,0,0,-0.8660254037844384,-0.5000000000000004,1,0,1,6.3,0.0
2024-01-14 16:05:00,2024-01-14 16:05:00,115.4293690066321,0.0,0.0,84.34363975134096,0,0,-0.8660254037844384,-0.5000000000000004,1,0,1,6.3,0.0
2024-01-14 16:10:00,2024-01-14 16:10:00,120.21029213133987,0.0,0.0,81.75965834008346,0,0,-0.8660254037844384,-0.5000000000000004,1,0,1,6.3,0.0
2024-01-14 16:15:00,2024-01-14 16:15:00,118.14589703033948,0.0,0.0,75.59367412617455,0,0,-0.8660254037844384,-0.5000000000000004,1,0,1,6.3,0.0
2024-01-14 16:20:00,2024-01-14 16:20:00,115.63228522028675,0.0,0.0,77.90176199881186,0,0,-0.8660254037844384,-0.5000000000000004,1,0,1,6.3,0.0
2024-01-14 16:25:00,2024-01-14 16:25:00,123.74356408501639,0.0,0.0,83.57601294812329,0,0,-0.8660254037844384,-0.5000000000000004,1,0,1,6.3,0.0
2024-01-14 16:30:00,2024-01-14 16:30:00,123.7237747837836,0.0,0.0,84.35741293485397,0,0,-0.8660254037844384,-0.5000000000000004,1,0,1,6.3,0.0
2024-01-14 16:35:00,2024-01-14 16:35:00,107.948621788714,0.0,0.0,82.6371623958721,0,0,-0.8660254037844384,-0.5000000000000004,1,0,1,6.3,0.0
2024-01-14 16:40:00,2024-01-14 16:40:00,119.68859403164825,0.0,0.0,75.16780903879729,0,0,-0.8660254037844384,-0.5000000000000004,1,0,1,6.3,0.0
2024-01-14 16:45:00,2024-01-14 16:45:00,103.1606709854157,0.0,0.0,87.39106253479133,0,0,-0.8660254037844384,-0.5000000000000004,1,0,1,6.3,0.0
2024-01-14 16:50:00,2024-01-14 16:50:00,114.47793637981576,0.0,0.0,70.8777602485674,100,0,-0.8660254037844384,-0.5000000000000004,1,0,1,6.3,0.0
2024-01-14 16:55:00,2024-01-14 16:55:00,117.49783970089823,0.0,0.0,82.59621213402079,0,0,-0.8660254037844384,-0.5000000000000004,1,0,1,6.3,0.0
2024-01-14 17:00:00,2024-01-14 17:00:00,123.89546418209864,0.0,0.0,77.47939786006037,0,0,-0.9659258262890683,-0.25881904510252063,1,0,1,6.3,0.0
2024-01-14 17:05:00,2024-01-14 17:05:00,113.22654066950288,0.0,0.0,72.17990568624441,0,0,-0.9659258262890683,-0.25881904510252063,1,0,1,6.3,0.0
2024-01-14 17:10:00,2024-01-14 17:10:00,122.8686429699417,0.0,0.0,81.0085308525022,0,0,-0.9659258262890683,-0.25881904510252063,1,0,1,6.3,0.0
2024-01-14 17:15:00,2024-01-14 17:15:00,106.05712466038223,0.0,0.0,83.65918154224383,0,0,-0.9659258262890683,-0.25881904510252063,1,0,1,6.3,0.0
2024-01-14 17:20:00,2024-01-14 17:20:00,106.79967641452976,0.0,0.0,73.85455725607652,0,0,-0.9659258262890683,-0.25881904510252063,1,0,1,6.3,0.0
2024-01-14 17:25:00,2024-01-14 17:25:00,117.11471663328642,0.0,0.0,75.25198682461192,0,0,-0.9659258262890683,-0.25881904510252063,1,0,1,6.3,0.0
2024-01-14 17:30:00,2024-01-14 17:30:00,116.1469383271016,0.0,0.0,83.56953465133942,0,0,-0.9659258262890683,-0.25881904510252063,1,0,1,6.3,0.0
2024-01-14 17:35:00,2024-01-14 17:35:00,112.62919427703515,0.0,0.0,74.00071387981403,0,0,-0.9659258262890683,-0.25881904510252063,1,0,1,6.3,0.0
2024-01-14 17:40:00,2024-01-14 17:40:00,112.18253065828597,0.0,0.0,78.69655111834074,0,0,-0.9659258262890683,-0.25881904510252063,1,0,1,6.3,0.0
2024-01-14 17:45:00,2024-01-14 17:45:00,107.44134784352987,0.0,0.0,78.3580710420966,0,0,-0.9659258262890683,-0.25881904510252063,1,0,1,6.3,0.0
2024-01-14 17:50:00,2024-01-14 17:50:00,121.2239086145646,0.0,0.0,83.40710610928669,0,0,-0.9659258262890683,-0.25881904510252063,1,0,1,6.3,0.0
2024-01-14 17:55:00,2024-01-14 17:55:00,110.85313535003706,0.0,0.0,86.05736802800473,0,0,-0.9659258262890683,-0.25881904510252063,1,0,1,6.3,0.0
2024-01-14 18:00:00,2024-01-14 18:00:00,111.91436879455786,5.0,50.0,81.06170402949769,0,0,-1.0,-1.8369701987210297e-16,1,0,1,4.5,40.0
2024-01-14 18:05:00,2024-01-14 18:05:00,114.27544150083499,0.0,0.0,85.04260962411144,0,0,-1.0,-1.8369701987210297e-16,1,0,1,4.5,40.0
2024-01-14 18:10:00,2024-01-14 18:10:00,111.01108567792512,0.0,0.0,79.82681747619189,0,0,-1.0,-1.8369701987210297e-16,1,0,1,4.5,40.0
2024-01-14 18:15:00,2024-01-14 18:15:00,118.83486839977253,0.0,0.0,69.57265595866802,0,0,-1.0,-1.8369701987210297e-16,1,0,1,4.5,40.0
2024-01-14 18:20:00,2024-01-14 18:20:00,112.72370222568254,0.0,0.0,71.0686122093146,0,0,-1.0,-1.8369701987210297e-16,1,0,1,4.5,40.0
2024-01-14 18:25:00,2024-01-14 18:25:00,119.79685744581758,0.0,0.0,82.38466244308434,0,0,-1.0,-1.8369701987210297e-16,1,0,1,4.5,40.0
2024-01-14 18:30:00,2024-01-14 18:30:00,122.53807793989253,0.0,0.0,77.84843131113048,100,0,-1.0,-1.8369701987210297e-16,1,0,1,4.5,40.0
2024-01-14 18:35:00,2024-01-14 18:35:00,128.86814030304737,0.0,0.0,85.26645914298787,0,0,-1.0,-1.8369701987210297e-16,1,0,1,4.5,40.0
2024-01-14 18:40:00,2024-01-14 18:40:00,118.8645295305219,0.0,0.0,80.52812985483646,0,0,-1.0,-1.8369701987210297e-16,1,0,1,4.5,40.0
2024-01-14 18:45:00,2024-01-14 18:45:00,134.6207284429775,0.0,0.0,78.37880761402614,0,0,-1.0,-1.8369701987210297e-16,1,0,1,4.5,40.0
2024-01-14 18:50:00,2024-01-14 18:50:00,136.99344720950032,0.0,0.0,75.046415243326,0,0,-1.0,-1.8369701987210297e-16,1,0,1,4.5,40.0
2024-01-14 18:55:00,2024-01-14 18:55:00,138.57123185982707,0.0,0.0,72.46206661243617,0,0,-1.0,-1.8369701987210297e-16,1,0,1,4.5,40.0
2024-01-14 19:00:00,2024-01-14 19:00:00,147.41655513444243,0.0,0.0,80.00336596453253,100,0,-0.9659258262890684,0.2588190451025203,1,0,1,4.5,40.0
2024-01-14 19:05:00,2024-01-14 19:05:00,145.01489115073534,0.0,0.0,76.32543754722766,0,0,-0.9659258262890684,0.2588190451025203,1,0,1,4.5,40.0
2024-01-14 19:10:00,2024-01-14 19:10:00,139.85764505006088,0.0,0.0,72.74306391080256,0,0,-0.9659258262890684,0.2588190451025203,1,0,1,4.5,40.0
2024-01-14 19:15:00,2024-01-14 19:15:00,149.90746620293237,0.0,0.0,74.57073087941963,0,0,-0.9659258262890684,0.2588190451025203,1,0,1,4.5,40.0
2024-01-14 19:20:00,2024-01-14 19:20:00,156.64196247245485,0.0,0.0,86.47259106028598,0,0,-0.9659258262890684,0.2588190451025203,1,0,1,4.5,40.0
2024-01-14 19:25:00,2024-01-14 19:25:00,151.2746278798251,0.0,0.0,84.35353150451598,0,0,-0.9659258262890684,0.2588190451025203,1,0,1,4.5,40.0
2024-01-14 19:30:00,2024-01-14 19:30:00,145.02783346107637,0.0,0.0,82.94491855887907,0,0,-0.9659258262890684,0.2588190451025203,1,0,1,4.5,40.0
2024-01-14 19:35:00,2024-01-14 19:35:00,151.78389508257175,0.0,0.0,81.11344616767403,0,0,-0.9659258262890684,0.2588190451025203,1,0,1,4.5,40.0
2024-01-14 19:40:00,2024-01-14 19:40:00,145.01336822058863,0.0,0.0,79.92046420633635,0,0,-0.9659258262890684,0.2588190451025203,1,0,1,4.5,40.0
2024-01-14 19:45:00,2024-01-14 19:45:00,151.65089217873776,0.0,0.0,79.56675708844679,0,0,-0.9659258262890684,0.2588190451025203,1,0,1,4.5,40.0
2024-01-14 19:50:00,2024-01-14 19:50:00,142.4322810364446,0.0,0.0,74.79151204674986,0,0,-0.9659258262890684,0.2588190451025203,1,0,1,4.5,40.0
2024-01-14 19:55:00,2024-01-14 19:55:00,151.44652379992206,0.0,0.0,83.73427344920411,0,0,-0.9659258262890684,0.2588190451025203,1,0,1,4.5,40.0
2024-01-14 20:00:00,2024-01-14 20:00:00,145.38429945855745,0.0,0.0,82.44874179655498,0,0,-0.8660254037844386,0.5000000000000001,1,0,1,4.5,40.0
2024-01-14 20:05:00,2024-01-14 20:05:00,142.00494830956555,0.0,0.0,91.87157230762615,0,0,-0.8660254037844386,0.5000000000000001,1,0,1,4.5,40.0
2024-01-14 20:10:00,2024-01-14 20:10:00,136.03196830454465,0.0,0.0,87.19797534364989,0,0,-0.8660254037844386,0.5000000000000001,1,0,1,4.5,40.0
2024-01-14 20:15:00,2024-01-14 20:15:00,124.5022698402127,0.0,0.0,89.94715006309457,0,0,-0.8660254037844386,0.5000000000000001,1,0,1,4.5,40.0
2024-01-14 20:20:00,2024-01-14 20:20:00,130.16896958366473,0.0,0.0,76.29627138754095,0,0,-0.8660254037844386,0.5000000000000001,1,0,1,4.5,40.0
2024-01-14 20:25:00,2024-01-14 20:25:00,118.09346150134346,0.0,0.0,88.49518226107877,0,0,-0.8660254037844386,0.5000000000000001,1,0,1,4.5,40.0
2024-01-14 20:30:00,2024-01-14 20:30:00,123.74635535086028,0.0,0.0,80.49080668529945,0,0,-0.8660254037844386,0.5000000000000001,1,0,1,4.5,40.0
2024-01-14 20:35:00,2024-01-14 20:35:00,125.84425301468985,0.0,0.0,75.55739643122706,0,0,-0.8660254037844386,0.5000000000000001,1,0,1,4.5,40.0
2024-01-14 20:40:00,2024-01-14 20:40:00,118.42747637829304,0.0,0.0,67.02098650607967,0,0,-0.8660254037844386,0.5000000000000001,1,0,1,4.5,40.0
2024-01-14 20:45:00,2024-01-14 20:45:00,115.50815233818389,0.0,0.0,88.03493223622178,0,0,-0.8660254037844386,0.5000000000000001,1,0,1,4.5,40.0
2024-01-14 20:50:00,2024-01-14 20:50:00,109.66440143741026,0.0,0.0,79.84175076302888,0,0,-0.8660254037844386,0.5000000000000001,1,0,1,4.5,40.0
2024-01-14 20:55:00,2024-01-14 20:55:00,130.6627795310172,0.0,0.0,80.46125638929199,0,0,-0.8660254037844386,0.5000000000000001,1,0,1,4.5,40.0
2024-01-14 21:00:00,2024-01-14 21:00:00,118.90374283346581,0.0,0.0,80.54623933349758,0,0,-0.7071067811865477,0.7071067811865474,1,0,1,4.5,0.0
2024-01-14 21:05:00,2024-01-14 21:05:00,122.3235668645269,0.0,0.0,79.97699471217645,0,0,-0.7071067811865477,0.7071067811865474,1,0,1,4.5,0.0
2024-01-14 21:10:00,2024-01-14 21:10:00,124.85503954710427,0.0,0.0,80.37940293134689,0,0,-0.7071067811865477,0.7071067811865474,1,0,1,4.5,0.0
2024-01-14 21:15:00,2024-01-14 21:15:00,110.90356509066305,0.0,0.0,80.34369248922557,0,0,-0.7071067811865477,0.7071067811865474,1,0,1,4.5,0.0
2024-01-14 21:20:00,2024-01-14 21:20:00,119.87346818645985,0.0,0.0,73.10141133327024,0,0,-0.7071067811865477,0.7071067811865474,1,0,1,4.5,0.0
2024-01-14 21:25:00,2024-01-14 21:25:00,115.8116307586879,0.0,0.0,79.28339089702867,0,0,-0.7071067811865477,0.7071067811865474,1,0,1,4.5,0.0
2024-01-14 21:30:00,2024-01-14 21:30:00,125.61158827004394,0.0,0.0,74.62244877620316,0,0,-0.7071067811865477,0.7071067811865474,1,0,1,4.5,0.0
2024-01-14 21:35:00,2024-01-14 21:35:00,126.2265455523089,0.0,0.0,79.15664678524324,0,0,-0.7071067811865477,0.7071067811865474,1,0,1,4.5,0.0
2024-01-14 21:40:00,2024-01-14 21:40:00,119.14687591099137,0.0,0.0,72.00154750827915,0,0,-0.7071067811865477,0.7071067811865474,1,0,1,4.5,0.0
2024-01-14 21:45:00,2024-01-14 21:45:00,125.06455575837187,0.0,0.0,80.85008171910319,0,0,-0.7071067811865477,0.7071067811865474,1,0,1,4.5,0.0
2024-01-14 21:50:00,2024-01-14 21:50:00,112.82392752123864,0.0,0.0,78.28294290684892,0,0,-0.7071067811865477,0.7071067811865474,1,0,1,4.5,0.0
2024-01-14 21:55:00,2024-01-14 21:55:00,116.13997677619574,0.0,0.0,76.10406262258131,0,0,-0.7071067811865477,0.7071067811865474,1,0,1,4.5,0.0
2024-01-14 22:00:00,2024-01-14 22:00:00,117.64521374400272,0.0,0.0,75.68092928414701,0,0,-0.5000000000000004,0.8660254037844384,1,0,1,4.5,0.0
2024-01-14 22:05:00,2024-01-14 22:05:00,109.90887135156142,0.0,0.0,73.86641655042364,0,0,-0.5000000000000004,0.8660254037844384,1,0,1,4.5,0.0
2024-01-14 22:10:00,2024-01-14 22:10:00,114.22569553235626,0.0,0.0,80.18663780591581,0,0,-0.5000000000000004,0.8660254037844384,1,0,1,4.5,0.0
2024-01-14 22:15:00,2024-01-14 22:15:00,123.11835870623159,0.0,0.0,78.26560472349692,0,0,-0.5000000000000004,0.8660254037844384,1,0,1,4.5,0.0
2024-01-14 22:20:00,2024-01-14 22:20:00,119.63791697495242,0.0,0.0,79.72476178451997,0,0,-0.5000000000000004,0.8660254037844384,1,0,1,4.5,0.0
2024-01-14 22:25:00,2024-01-14 22:25:00,124.24646800193256,0.0,0.0,77.69787872722605,0,0,-0.5000000000000004,0.8660254037844384,1,0,1,4.5,0.0
2024-01-14 22:30:00,2024-01-14 22:30:00,127.45018036067549,0.0,0.0,77.71992977093863,0,0,-0.5000000000000004,0.8660254037844384,1,0,1,4.5,0.0
2024-01-14 22:35:00,2024-01-14 22:35:00,122.79066538203219,0.0,0.0,86.07814929327729,0,0,-0.5000000000000004,0.8660254037844384,1,0,1,4.5,0.0
2024-01-14 22:40:00,2024-01-14 22:40:00,124.47561198406135,0.0,0.0,77.0722288308405,0,0,-0.5000000000000004,0.8660254037844384,1,0,1,4.5,0.0
2024-01-14 22:45:00,2024-01-14 22:45:00,125.7407069978012,0.0,0.0,82.66259257380403,0,0,-0.5000000000000004,0.8660254037844384,1,0,1,4.5,0.0
2024-01-14 22:50:00,2024-01-14 22:50:00,112.94732295501856,0.0,0.0,94.10114314685498,0,0,-0.5000000000000004,0.8660254037844384,1,0,1,4.5,0.0
2024-01-14 22:55:00,2024-01-14 22:55:00,111.62019232931908,0.0,0.0,78.30643107844409,0,0,-0.5000000000000004,0.8660254037844384,1,0,1,4.5,0.0
2024-01-14 23:00:00,2024-01-14 23:00:00,127.94375377665236,3.0,30.0,84.62420291789793,0,0,-0.25881904510252157,0.9659258262890681,1,0,1,2.7,24.0
2024-01-14 23:05:00,2024-01-14 23:05:00,130.77193095140473,0.0,0.0,72.47269954057133,0,0,-0.25881904510252157,0.9659258262890681,1,0,1,2.7,24.0
2024-01-14 23:10:00,2024-01-14 23:10:00,132.021082143266,0.0,0.0,81.0853323452865,0,0,-0.25881904510252157,0.9659258262890681,1,0,1,2.7,24.0
2024-01-14 23:15:00,2024-01-14 23:15:00,140.50105731039815,0.0,0.0,86.7134771877769,0,0,-0.25881904510252157,0.9659258262890681,1,0,1,2.7,24.0
2024-01-14 23:20:00,2024-01-14 23:20:00,143.02014688354,0.0,0.0,75.93284609641853,0,0,-0.25881904510252157,0.9659258262890681,1,0,1,2.7,24.0
2024-01-14 23:25:00,2024-01-14 23:25:00,145.85400448724073,0.0,0.0,74.4570154753096,100,0,-0.25881904510252157,0.9659258262890681,1,0,1,2.7,24.0
2024-01-14 23:30:00,2024-01-14 23:30:00,150.69040752671535,0.0,0.0,79.04006862992462,0,0,-0.25881904510252157,0.9659258262890681,1,0,1,2.7,24.0
2024-01-14 23:35:00,2024-01-14 23:35:00,145.60166300773565,0.0,0.0,76.0089950161065,0,0,-0.25881904510252157,0.9659258262890681,1,0,1,2.7,24.0
2024-01-14 23:40:00,2024-01-14 23:40:00,128.93617602822778,0.0,0.0,85.78695748539498,0,0,-0.25881904510252157,0.9659258262890681,1,0,1,2.7,24.0
2024-01-14 23:45:00,2024-01-14 23:45:00,139.68165064257238,0.0,0.0,71.00301005929812,0,0,-0.25881904510252157,0.9659258262890681,1,0,1,2.7,24.0
2024-01-14 23:50:00,2024-01-14 23:50:00,126.4208703284587,0.0,0.0,78.16059863847306,100,0,-0.25881904510252157,0.9659258262890681,1,0,1,2.7,24.0
2024-01-14 23:55:00,2024-01-14 23:55:00,125.54135145714282,0.0,0.0,77.4278256178432,0,0,-0.25881904510252157,0.9659258262890681,1,0,1,2.7,24.0
